  0
SECTION
  2
HEADER
  9
$ACADVER
  1
AC1032
  9
$ACADMAINTVER
 90
      174
  9
$DWGCODEPAGE
  3
ANSI_1252
  9
$LASTSAVEDBY
  1
USER
  9
$REQUIREDVERSIONS
160
                 0
  9
$INSBASE
 10
0.0
 20
0.0
 30
0.0
  9
$EXTMIN
 10
2039.300095761133
 20
1716.23621843048
 30
-51.0015593292648
  9
$EXTMAX
 10
3186.126855759869
 20
2026.350960316326
 30
0.1015595672204768
  9
$LIMMIN
 10
0.0
 20
0.0
  9
$LIMMAX
 10
420.0
 20
297.0
  9
$ORTHOMODE
 70
     0
  9
$REGENMODE
 70
     1
  9
$FILLMODE
 70
     1
  9
$QTEXTMODE
 70
     0
  9
$MIRRTEXT
 70
     0
  9
$LTSCALE
 40
1.0
  9
$ATTMODE
 70
     1
  9
$TEXTSIZE
 40
2.5
  9
$TRACEWID
 40
1.0
  9
$TEXTSTYLE
  7
Standard
  9
$CLAYER
  8
0
  9
$CELTYPE
  6
ByLayer
  9
$CECOLOR
 62
   256
  9
$CELTSCALE
 40
1.0
  9
$DISPSILH
 70
     0
  9
$DIMSCALE
 40
1.0
  9
$DIMASZ
 40
2.5
  9
$DIMEXO
 40
0.625
  9
$DIMDLI
 40
3.75
  9
$DIMRND
 40
0.0
  9
$DIMDLE
 40
0.0
  9
$DIMEXE
 40
1.25
  9
$DIMTP
 40
0.0
  9
$DIMTM
 40
0.0
  9
$DIMTXT
 40
2.5
  9
$DIMCEN
 40
2.5
  9
$DIMTSZ
 40
0.0
  9
$DIMTOL
 70
     0
  9
$DIMLIM
 70
     0
  9
$DIMTIH
 70
     0
  9
$DIMTOH
 70
     0
  9
$DIMSE1
 70
     0
  9
$DIMSE2
 70
     0
  9
$DIMTAD
 70
     1
  9
$DIMZIN
 70
     8
  9
$DIMBLK
  1

  9
$DIMASO
 70
     1
  9
$DIMSHO
 70
     1
  9
$DIMPOST
  1

  9
$DIMAPOST
  1

  9
$DIMALT
 70
     0
  9
$DIMALTD
 70
     3
  9
$DIMALTF
 40
0.03937007874016
  9
$DIMLFAC
 40
1.0
  9
$DIMTOFL
 70
     1
  9
$DIMTVP
 40
0.0
  9
$DIMTIX
 70
     0
  9
$DIMSOXD
 70
     0
  9
$DIMSAH
 70
     0
  9
$DIMBLK1
  1

  9
$DIMBLK2
  1

  9
$DIMSTYLE
  2
ISO-25
  9
$DIMCLRD
 70
     0
  9
$DIMCLRE
 70
     0
  9
$DIMCLRT
 70
     0
  9
$DIMTFAC
 40
1.0
  9
$DIMGAP
 40
0.625
  9
$DIMJUST
 70
     0
  9
$DIMSD1
 70
     0
  9
$DIMSD2
 70
     0
  9
$DIMTOLJ
 70
     0
  9
$DIMTZIN
 70
     8
  9
$DIMALTZ
 70
     0
  9
$DIMALTTZ
 70
     0
  9
$DIMUPT
 70
     0
  9
$DIMDEC
 70
     2
  9
$DIMTDEC
 70
     2
  9
$DIMALTU
 70
     2
  9
$DIMALTTD
 70
     3
  9
$DIMTXSTY
  7
Standard
  9
$DIMAUNIT
 70
     0
  9
$DIMADEC
 70
     0
  9
$DIMALTRND
 40
0.0
  9
$DIMAZIN
 70
     0
  9
$DIMDSEP
 70
    44
  9
$DIMATFIT
 70
     3
  9
$DIMFRAC
 70
     0
  9
$DIMLDRBLK
  1

  9
$DIMLUNIT
 70
     2
  9
$DIMLWD
 70
    -2
  9
$DIMLWE
 70
    -2
  9
$DIMTMOVE
 70
     0
  9
$DIMFXL
 40
1.0
  9
$DIMFXLON
 70
     0
  9
$DIMJOGANG
 40
0.7853981633974483
  9
$DIMTFILL
 70
     0
  9
$DIMTFILLCLR
 70
     0
  9
$DIMARCSYM
 70
     0
  9
$DIMLTYPE
  6

  9
$DIMLTEX1
  6

  9
$DIMLTEX2
  6

  9
$DIMTXTDIRECTION
 70
     0
  9
$LUNITS
 70
     2
  9
$LUPREC
 70
     4
  9
$SKETCHINC
 40
1.0
  9
$FILLETRAD
 40
0.0
  9
$AUNITS
 70
     0
  9
$AUPREC
 70
     0
  9
$MENU
  1
.
  9
$ELEVATION
 40
0.0
  9
$PELEVATION
 40
0.0
  9
$THICKNESS
 40
0.0
  9
$LIMCHECK
 70
     0
  9
$CHAMFERA
 40
0.0
  9
$CHAMFERB
 40
0.0
  9
$CHAMFERC
 40
0.0
  9
$CHAMFERD
 40
0.0
  9
$SKPOLY
 70
     0
  9
$TDCREATE
 40
2461207.106504630
  9
$TDUCREATE
 40
2461207.314837963
  9
$TDUPDATE
 40
2461217.929837963
  9
$TDUUPDATE
 40
2461218.138171296
  9
$TDINDWG
 40
0.4787152778
  9
$TDUSRTIMER
 40
0.4787152778
  9
$USRTIMER
 70
     1
  9
$ANGBASE
 50
0.0
  9
$ANGDIR
 70
     0
  9
$PDMODE
 70
     0
  9
$PDSIZE
 40
0.0
  9
$PLINEWID
 40
0.0
  9
$SPLFRAME
 70
     0
  9
$SPLINETYPE
 70
     6
  9
$SPLINESEGS
 70
     8
  9
$HANDSEED
  5
1BEF
  9
$SURFTAB1
 70
     6
  9
$SURFTAB2
 70
     6
  9
$SURFTYPE
 70
     6
  9
$SURFU
 70
     6
  9
$SURFV
 70
     6
  9
$UCSBASE
  2

  9
$UCSNAME
  2

  9
$UCSORG
 10
0.0
 20
0.0
 30
0.0
  9
$UCSXDIR
 10
1.0
 20
0.0
 30
0.0
  9
$UCSYDIR
 10
0.0
 20
1.0
 30
0.0
  9
$UCSORTHOREF
  2

  9
$UCSORTHOVIEW
 70
     0
  9
$UCSORGTOP
 10
0.0
 20
0.0
 30
0.0
  9
$UCSORGBOTTOM
 10
0.0
 20
0.0
 30
0.0
  9
$UCSORGLEFT
 10
0.0
 20
0.0
 30
0.0
  9
$UCSORGRIGHT
 10
0.0
 20
0.0
 30
0.0
  9
$UCSORGFRONT
 10
0.0
 20
0.0
 30
0.0
  9
$UCSORGBACK
 10
0.0
 20
0.0
 30
0.0
  9
$PUCSBASE
  2

  9
$PUCSNAME
  2

  9
$PUCSORG
 10
0.0
 20
0.0
 30
0.0
  9
$PUCSXDIR
 10
1.0
 20
0.0
 30
0.0
  9
$PUCSYDIR
 10
0.0
 20
1.0
 30
0.0
  9
$PUCSORTHOREF
  2

  9
$PUCSORTHOVIEW
 70
     0
  9
$PUCSORGTOP
 10
0.0
 20
0.0
 30
0.0
  9
$PUCSORGBOTTOM
 10
0.0
 20
0.0
 30
0.0
  9
$PUCSORGLEFT
 10
0.0
 20
0.0
 30
0.0
  9
$PUCSORGRIGHT
 10
0.0
 20
0.0
 30
0.0
  9
$PUCSORGFRONT
 10
0.0
 20
0.0
 30
0.0
  9
$PUCSORGBACK
 10
0.0
 20
0.0
 30
0.0
  9
$USERI1
 70
     0
  9
$USERI2
 70
     0
  9
$USERI3
 70
     0
  9
$USERI4
 70
     0
  9
$USERI5
 70
     0
  9
$USERR1
 40
0.0
  9
$USERR2
 40
0.0
  9
$USERR3
 40
0.0
  9
$USERR4
 40
0.0
  9
$USERR5
 40
0.0
  9
$WORLDVIEW
 70
     1
  9
$SHADEDGE
 70
     3
  9
$SHADEDIF
 70
    70
  9
$TILEMODE
 70
     1
  9
$MAXACTVP
 70
    64
  9
$PINSBASE
 10
0.0
 20
0.0
 30
0.0
  9
$PLIMCHECK
 70
     0
  9
$PEXTMIN
 10
0.0
 20
0.0
 30
0.0
  9
$PEXTMAX
 10
0.0
 20
0.0
 30
0.0
  9
$PLIMMIN
 10
0.0
 20
0.0
  9
$PLIMMAX
 10
12.0
 20
9.0
  9
$UNITMODE
 70
     0
  9
$VISRETAIN
 70
     1
  9
$PLINEGEN
 70
     0
  9
$PSLTSCALE
 70
     1
  9
$TREEDEPTH
 70
  3020
  9
$CMLSTYLE
  2
Standard
  9
$CMLJUST
 70
     0
  9
$CMLSCALE
 40
20.0
  9
$PROXYGRAPHICS
 70
     1
  9
$MEASUREMENT
 70
     1
  9
$CELWEIGHT
370
    -1
  9
$ENDCAPS
280
     0
  9
$JOINSTYLE
280
     0
  9
$LWDISPLAY
290
     0
  9
$INSUNITS
 70
     4
  9
$HYPERLINKBASE
  1

  9
$STYLESHEET
  1

  9
$XEDIT
290
     1
  9
$CEPSNTYPE
380
     0
  9
$PSTYLEMODE
290
     1
  9
$FINGERPRINTGUID
  2
{0C5300BA-AA48-D442-9053-8A4474A7537F}
  9
$VERSIONGUID
  2
{7309F643-D07A-0D49-AA4F-55E7F200E395}
  9
$EXTNAMES
290
     1
  9
$PSVPSCALE
 40
0.0
  9
$OLESTARTUP
290
     0
  9
$SORTENTS
280
   127
  9
$INDEXCTL
280
     0
  9
$HIDETEXT
280
     1
  9
$XCLIPFRAME
280
     2
  9
$HALOGAP
280
     0
  9
$OBSCOLOR
 70
   257
  9
$OBSLTYPE
280
     0
  9
$INTERSECTIONDISPLAY
280
     0
  9
$INTERSECTIONCOLOR
 70
   257
  9
$DIMASSOC
280
     2
  9
$PROJECTNAME
  1

  9
$CAMERADISPLAY
290
     0
  9
$LENSLENGTH
 40
50.0
  9
$CAMERAHEIGHT
 40
0.0
  9
$STEPSPERSEC
 40
2.0
  9
$STEPSIZE
 40
6.0
  9
$3DDWFPREC
 40
2.0
  9
$PSOLWIDTH
 40
5.0
  9
$PSOLHEIGHT
 40
80.0
  9
$LOFTANG1
 40
1.570796326794896
  9
$LOFTANG2
 40
1.570796326794896
  9
$LOFTMAG1
 40
0.0
  9
$LOFTMAG2
 40
0.0
  9
$LOFTPARAM
 70
     7
  9
$LOFTNORMALS
280
     1
  9
$LATITUDE
 40
37.795
  9
$LONGITUDE
 40
-122.394
  9
$NORTHDIRECTION
 40
0.0
  9
$TIMEZONE
 70
 -8000
  9
$LIGHTGLYPHDISPLAY
280
     1
  9
$TILEMODELIGHTSYNCH
280
     1
  9
$CMATERIAL
347
EC
  9
$SOLIDHIST
280
     0
  9
$SHOWHIST
280
     1
  9
$DWFFRAME
280
     2
  9
$DGNFRAME
280
     0
  9
$REALWORLDSCALE
290
     1
  9
$INTERFERECOLOR
 62
     1
  9
$INTERFEREOBJVS
345
F9
  9
$INTERFEREVPVS
346
F6
  9
$CSHADOW
280
     0
  9
$SHADOWPLANELOCATION
 40
0.0
  0
ENDSEC
  0
SECTION
  2
CLASSES
  0
CLASS
  1
ACDBDICTIONARYWDFLT
  2
AcDbDictionaryWithDefault
  3
ObjectDBX Classes
 90
        0
 91
        1
280
     0
281
     0
  0
CLASS
  1
DICTIONARYVAR
  2
AcDbDictionaryVar
  3
ObjectDBX Classes
 90
        0
 91
       11
280
     0
281
     0
  0
CLASS
  1
TABLESTYLE
  2
AcDbTableStyle
  3
ObjectDBX Classes
 90
     4095
 91
        1
280
     0
281
     0
  0
CLASS
  1
MATERIAL
  2
AcDbMaterial
  3
ObjectDBX Classes
 90
     1153
 91
        3
280
     0
281
     0
  0
CLASS
  1
VISUALSTYLE
  2
AcDbVisualStyle
  3
ObjectDBX Classes
 90
     4095
 91
       24
280
     0
281
     0
  0
CLASS
  1
SCALE
  2
AcDbScale
  3
ObjectDBX Classes
 90
     1153
 91
       17
280
     0
281
     0
  0
CLASS
  1
MLEADERSTYLE
  2
AcDbMLeaderStyle
  3
ACDB_MLEADERSTYLE_CLASS
 90
     4095
 91
        2
280
     0
281
     0
  0
CLASS
  1
CELLSTYLEMAP
  2
AcDbCellStyleMap
  3
ObjectDBX Classes
 90
     1152
 91
        2
280
     0
281
     0
  0
CLASS
  1
EXACXREFPANELOBJECT
  2
ExAcXREFPanelObject
  3
EXAC_ESW
 90
     1025
 91
        0
280
     0
281
     0
  0
CLASS
  1
NPOCOLLECTION
  2
AcDbImpNonPersistentObjectsCollection
  3
ObjectDBX Classes
 90
     1153
 91
        0
280
     0
281
     0
  0
CLASS
  1
LAYER_INDEX
  2
AcDbLayerIndex
  3
ObjectDBX Classes
 90
        0
 91
        0
280
     0
281
     0
  0
CLASS
  1
SPATIAL_INDEX
  2
AcDbSpatialIndex
  3
ObjectDBX Classes
 90
        0
 91
        0
280
     0
281
     0
  0
CLASS
  1
IDBUFFER
  2
AcDbIdBuffer
  3
ObjectDBX Classes
 90
        0
 91
        0
280
     0
281
     0
  0
CLASS
  1
ACDBSECTIONVIEWSTYLE
  2
AcDbSectionViewStyle
  3
ObjectDBX Classes
 90
     1025
 91
        1
280
     0
281
     0
  0
CLASS
  1
ACDBDETAILVIEWSTYLE
  2
AcDbDetailViewStyle
  3
ObjectDBX Classes
 90
     1025
 91
        1
280
     0
281
     0
  0
CLASS
  1
DIMASSOC
  2
AcDbDimAssoc
  3
"AcDbDimAssoc|Product Desc:     AcDim ARX App For Dimension|Company:          Autodesk, Inc.|WEB Address:      www.autodesk.com"
 90
        0
 91
        2
280
     0
281
     0
  0
CLASS
  1
SORTENTSTABLE
  2
AcDbSortentsTable
  3
ObjectDBX Classes
 90
        0
 91
        1
280
     0
281
     0
  0
CLASS
  1
ACDBASSOCACTION
  2
AcDbAssocAction
  3
ObjectDBX Classes
 90
     1025
 91
        5
280
     0
281
     0
  0
CLASS
  1
ACDBASSOCARRAYACTIONBODY
  2
AcDbAssocArrayActionBody
  3
ObjectDBX Classes
 90
     1025
 91
        5
280
     0
281
     0
  0
CLASS
  1
ACDBASSOCDEPENDENCY
  2
AcDbAssocDependency
  3
ObjectDBX Classes
 90
     1025
 91
       15
280
     0
281
     0
  0
CLASS
  1
ACDBASSOCVERTEXACTIONPARAM
  2
AcDbAssocVertexActionParam
  3
ObjectDBX Classes
 90
     1025
 91
       15
280
     0
281
     0
  0
CLASS
  1
ACDBASSOCARRAYRECTANGULARPARAMETERS
  2
AcDbAssocArrayRectangularParameters
  3
ObjectDBX Classes
 90
     1025
 91
        0
280
     0
281
     0
  0
CLASS
  1
ACDBASSOCNETWORK
  2
AcDbAssocNetwork
  3
ObjectDBX Classes
 90
     1025
 91
        3
280
     0
281
     0
  0
CLASS
  1
ACARRAYJIGENTITY
  2
AcArrayJigEntity
  3
ACAD_ARRAY
 90
      129
 91
        0
280
     0
281
     1
  0
CLASS
  1
ACDB_DYNAMICBLOCKPURGEPREVENTER_VERSION
  2
AcDbDynamicBlockPurgePreventer
  3
ObjectDBX Classes
 90
     1153
 91
        1
280
     0
281
     0
  0
ENDSEC
  0
SECTION
  2
TABLES
  0
TABLE
  2
VPORT
  5
8
330
0
100
AcDbSymbolTable
 70
     1
  0
VPORT
  5
EA
330
8
100
AcDbSymbolTableRecord
100
AcDbViewportTableRecord
  2
*Active
 70
     0
 10
0.0
 20
0.0
 11
1.0
 21
1.0
 12
2612.713475760501
 22
1871.293589373403
 13
0.0
 23
0.0
 14
10.0
 24
10.0
 15
10.0
 25
10.0
 16
0.0
 26
0.0
 36
1.0
 17
0.0
 27
0.0
 37
0.0
 40
598.851509272657
 41
1.922978177150192
 42
50.0
 43
0.0
 44
0.0
 50
0.0
 51
0.0
 71
     0
 72
  1000
 73
     1
 74
     3
 75
     0
 76
     1
 77
     0
 78
     0
281
     0
 65
     1
110
0.0
120
0.0
130
0.0
111
1.0
121
0.0
131
0.0
112
0.0
122
1.0
132
0.0
 79
     0
146
0.0
348
F5
 60
     3
 61
     5
292
     1
282
     1
141
0.0
142
0.0
 63
   250
421
  3355443
1001
ACAD_NAV_VCDISPLAY
1070
     3
  0
ENDTAB
  0
TABLE
  2
LTYPE
  5
5
330
0
100
AcDbSymbolTable
 70
     1
  0
LTYPE
  5
14
330
5
100
AcDbSymbolTableRecord
100
AcDbLinetypeTableRecord
  2
ByBlock
 70
     0
  3

 72
    65
 73
     0
 40
0.0
  0
LTYPE
  5
15
330
5
100
AcDbSymbolTableRecord
100
AcDbLinetypeTableRecord
  2
ByLayer
 70
     0
  3

 72
    65
 73
     0
 40
0.0
  0
LTYPE
  5
16
330
5
100
AcDbSymbolTableRecord
100
AcDbLinetypeTableRecord
  2
Continuous
 70
     0
  3
Solid line
 72
    65
 73
     0
 40
0.0
  0
ENDTAB
  0
TABLE
  2
LAYER
  5
2
102
{ACAD_XDICTIONARY
360
1FF
102
}
330
0
100
AcDbSymbolTable
 70
     8
  0
LAYER
  5
10
102
{ACAD_XDICTIONARY
360
13C
102
}
330
2
100
AcDbSymbolTableRecord
100
AcDbLayerTableRecord
  2
0
 70
     0
 62
     7
  6
Continuous
370
    -3
390
F
347
EE
348
0
  0
LAYER
  5
335
330
2
100
AcDbSymbolTableRecord
100
AcDbLayerTableRecord
  2
Defpoints
 70
     0
 62
     7
  6
Continuous
290
     0
370
    -3
390
F
347
EE
348
0
  0
LAYER
  5
336
330
2
100
AcDbSymbolTableRecord
100
AcDbLayerTableRecord
  2
Alimentadores
 70
     2
 62
    10
  6
Continuous
370
    -3
390
F
347
EE
348
0
1001
AcAecLayerStandard
1000

1000

1001
AcCmTransparency
1071
        0
  0
LAYER
  5
337
330
2
100
AcDbSymbolTableRecord
100
AcDbLayerTableRecord
  2
Ramales
 70
     2
 62
   130
  6
Continuous
370
    -3
390
F
347
EE
348
0
1001
AcAecLayerStandard
1000

1000

1001
AcCmTransparency
1071
        0
  0
LAYER
  5
338
330
2
100
AcDbSymbolTableRecord
100
AcDbLayerTableRecord
  2
Rociadores
 70
     2
 62
    80
  6
Continuous
370
    -3
390
F
347
EE
348
0
1001
AcAecLayerStandard
1000

1000

1001
AcCmTransparency
1071
        0
  0
LAYER
  5
339
330
2
100
AcDbSymbolTableRecord
100
AcDbLayerTableRecord
  2
Diámetros
 70
     2
 62
   162
  6
Continuous
370
    -3
390
F
347
EE
348
0
1001
AcAecLayerStandard
1000

1000

1001
AcCmTransparency
1071
        0
  0
LAYER
  5
33A
330
2
100
AcDbSymbolTableRecord
100
AcDbLayerTableRecord
  2
BODEGA
 70
     2
 62
     2
  6
Continuous
370
    -3
390
F
347
EE
348
0
1001
AcAecLayerStandard
1000

1000

1001
AcCmTransparency
1071
        0
  0
LAYER
  5
1897
330
2
100
AcDbSymbolTableRecord
100
AcDbLayerTableRecord
  2
03 Sprinkler Heads – Rociadores
 70
     0
 62
     7
  6
Continuous
370
    -3
390
F
347
EE
348
0
1001
AcAecLayerStandard
1000

1000

1001
AcCmTransparency
1071
        0
  0
ENDTAB
  0
TABLE
  2
STYLE
  5
3
330
0
100
AcDbSymbolTable
 70
     2
  0
STYLE
  5
11
330
3
100
AcDbSymbolTableRecord
100
AcDbTextStyleTableRecord
  2
Standard
 70
     0
 40
0.0
 41
1.0
 50
0.0
 71
     0
 42
2.5
  3
arial.ttf
  4

1001
ACAD
1000
Arial
1071
       34
  0
STYLE
  5
132
330
3
100
AcDbSymbolTableRecord
100
AcDbTextStyleTableRecord
  2
Annotative
 70
     0
 40
0.0
 41
1.0
 50
0.0
 71
     0
 42
2.5
  3
arial.ttf
  4

1001
AcadAnnotative
1000
AnnotativeData
1002
{
1070
     1
1070
     1
1002
}
1001
ACAD
1000
Arial
1071
       34
  0
ENDTAB
  0
TABLE
  2
VIEW
  5
6
330
0
100
AcDbSymbolTable
 70
     0
  0
ENDTAB
  0
TABLE
  2
UCS
  5
7
330
0
100
AcDbSymbolTable
 70
     0
  0
ENDTAB
  0
TABLE
  2
APPID
  5
9
330
0
100
AcDbSymbolTable
 70
    13
  0
APPID
  5
12
330
9
100
AcDbSymbolTableRecord
100
AcDbRegAppTableRecord
  2
ACAD
 70
     0
  0
APPID
  5
9E
330
9
100
AcDbSymbolTableRecord
100
AcDbRegAppTableRecord
  2
ACAD_PSEXT
 70
     0
  0
APPID
  5
133
330
9
100
AcDbSymbolTableRecord
100
AcDbRegAppTableRecord
  2
AcadAnnoPO
 70
     0
  0
APPID
  5
134
330
9
100
AcDbSymbolTableRecord
100
AcDbRegAppTableRecord
  2
AcadAnnotative
 70
     0
  0
APPID
  5
135
330
9
100
AcDbSymbolTableRecord
100
AcDbRegAppTableRecord
  2
ACAD_DSTYLE_DIMJAG
 70
     0
  0
APPID
  5
136
330
9
100
AcDbSymbolTableRecord
100
AcDbRegAppTableRecord
  2
ACAD_DSTYLE_DIMTALN
 70
     0
  0
APPID
  5
165
330
9
100
AcDbSymbolTableRecord
100
AcDbRegAppTableRecord
  2
ACAD_MLEADERVER
 70
     0
  0
APPID
  5
217
330
9
100
AcDbSymbolTableRecord
100
AcDbRegAppTableRecord
  2
ACAD_NAV_VCDISPLAY
 70
     0
  0
APPID
  5
33B
330
9
100
AcDbSymbolTableRecord
100
AcDbRegAppTableRecord
  2
AcAecLayerStandard
 70
     0
  0
APPID
  5
33C
330
9
100
AcDbSymbolTableRecord
100
AcDbRegAppTableRecord
  2
AcCmTransparency
 70
     0
  0
APPID
  5
1BB4
330
9
100
AcDbSymbolTableRecord
100
AcDbRegAppTableRecord
  2
AcDbDynamicBlockTrueName2
 70
     0
  0
APPID
  5
1BB5
330
9
100
AcDbSymbolTableRecord
100
AcDbRegAppTableRecord
  2
AcDbDynamicBlockGUID
 70
     0
  0
APPID
  5
1BBA
330
9
100
AcDbSymbolTableRecord
100
AcDbRegAppTableRecord
  2
ACAD_EXEMPT_FROM_CAD_STANDARDS
 70
     0
  0
ENDTAB
  0
TABLE
  2
DIMSTYLE
  5
A
330
0
100
AcDbSymbolTable
 70
     3
100
AcDbDimStyleTable
 71
     2
340
27
340
137
  0
DIMSTYLE
105
1B0
102
{ACAD_REACTORS
330
1853
330
1856
330
1199
102
}
330
A
100
AcDbSymbolTableRecord
100
AcDbDimStyleTableRecord
  2
Standard
 70
     0
340
11
  0
DIMSTYLE
105
137
330
A
100
AcDbSymbolTableRecord
100
AcDbDimStyleTableRecord
  2
Annotative
 70
     0
 40
0.0
 41
2.5
 42
0.625
 43
3.75
 44
1.25
 73
     0
 74
     0
 77
     1
 78
     8
140
2.5
141
2.5
143
0.03937007874016
147
0.625
171
     3
172
     1
271
     2
272
     2
274
     3
278
    44
283
     0
284
     8
340
11
1001
AcadAnnotative
1000
AnnotativeData
1002
{
1070
     1
1070
     1
1002
}
1001
ACAD_DSTYLE_DIMJAG
1070
   388
1040
1.5
1001
ACAD_DSTYLE_DIMTALN
1070
   392
1070
     0
  0
DIMSTYLE
105
27
330
A
100
AcDbSymbolTableRecord
100
AcDbDimStyleTableRecord
  2
ISO-25
 70
     0
 41
2.5
 42
0.625
 43
3.75
 44
1.25
 73
     0
 74
     0
 77
     1
 78
     8
140
2.5
141
2.5
143
0.03937007874016
147
0.625
171
     3
172
     1
271
     2
272
     2
274
     3
278
    44
283
     0
284
     8
340
11
  0
ENDTAB
  0
TABLE
  2
BLOCK_RECORD
  5
1
330
0
100
AcDbSymbolTable
 70
    22
  0
BLOCK_RECORD
  5
1F
102
{ACAD_XDICTIONARY
360
1CE
102
}
330
1
100
AcDbSymbolTableRecord
100
AcDbBlockTableRecord
  2
*Model_Space
340
22
 70
     0
280
     1
281
     0
  0
BLOCK_RECORD
  5
D2
330
1
100
AcDbSymbolTableRecord
100
AcDbBlockTableRecord
  2
*Paper_Space
340
D3
 70
     0
280
     1
281
     0
  0
BLOCK_RECORD
  5
D6
330
1
100
AcDbSymbolTableRecord
100
AcDbBlockTableRecord
  2
*Paper_Space0
340
D7
 70
     0
280
     1
281
     0
  0
BLOCK_RECORD
  5
2E0
330
1
100
AcDbSymbolTableRecord
100
AcDbBlockTableRecord
  2
*D1
340
0
 70
     0
280
     1
281
     0
  0
BLOCK_RECORD
  5
32D
330
1
100
AcDbSymbolTableRecord
100
AcDbBlockTableRecord
  2
ESFR
340
0
310
28000000280000002800000001002000000000000019000001000000010000000000000000000000302821FF302821FF302821FF302821FF302821FF302821FF302821FF302821FF302821FF302821FF302821FF302821FF302821FF302821FF302821FF302821FF302821FF302821FF302821FF302821FF302821FF302821
310
FF302821FF302821FF302821FF302821FF302821FF302821FF302821FF302821FF302821FF302821FF302821FF302821FF302821FF302821FF302821FF302821FF302821FF302821FF302821FF302821FF302821FF302821FF302821FF302821FF302821FF302821FF302821FF302821FF302821FF302821FF302821FF3028
310
21FF302821FF302821FF302821FF302821FF302821FF302821FF302821FF302821FF302821FF302821FF302821FF302821FF302821FF302821FF302821FF302821FF302821FF302821FF302821FF302821FF302821FF302821FF302821FF302821FF302821FF302821FF302821FF302821FF302821FF302821FF302821FF30
310
2821FF302821FF302821FF302821FF302821FF302821FF302821FF302821FF302821FF302821FF302821FFFFFFFFFFFFFFFFFFFFFFFFFFFFFFFFFFFFFFFFFFFFFFFFFFFFFFFFFFFFFFFFFFFFFFFFFFFFFFFFFF302821FF302821FF302821FF302821FF302821FF302821FF302821FF302821FF302821FF302821FF302821FF
310
302821FF302821FF302821FF302821FF302821FF302821FF302821FF302821FF302821FF302821FF302821FF302821FF302821FF302821FF302821FF302821FFFFFFFFFFFFFFFFFFFFFFFFFF302821FF302821FF302821FF302821FF302821FF302821FF302821FF302821FF302821FF302821FFFFFFFFFFFFFFFFFF302821
310
FF302821FF302821FF302821FF302821FF302821FF302821FF302821FF302821FF302821FF302821FF302821FF302821FF302821FF302821FF302821FF302821FF302821FF302821FF302821FF302821FF302821FF302821FFFFFFFFFFFFFFFFFF302821FF302821FF302821FF302821FF302821FF302821FF302821FF3028
310
21FF302821FF302821FF302821FF302821FF302821FF302821FF302821FFFFFFFFFFFFFFFFFF302821FF302821FF302821FF302821FF302821FF302821FF302821FF302821FF302821FF302821FF302821FF302821FF302821FF302821FF302821FF302821FF302821FF302821FF302821FFFFFFFFFFFFFFFFFF302821FF30
310
2821FF302821FF302821FF302821FF302821FF302821FF302821FF302821FF302821FF302821FF302821FF302821FF302821FF302821FF302821FF302821FF302821FF302821FFFFFFFFFF302821FF302821FF302821FF302821FF302821FF302821FF302821FF302821FF302821FF302821FF302821FF302821FF302821FF
310
302821FF302821FF302821FF302821FFFFFFFFFF302821FF302821FF302821FF302821FF302821FF302821FF302821FF302821FF302821FF302821FF302821FF302821FF302821FF302821FF302821FF302821FF302821FF302821FF302821FF302821FF302821FF302821FFFFFFFFFF302821FF302821FF302821FF302821
310
FF302821FF302821FF302821FF302821FF302821FF302821FF302821FF302821FF302821FF302821FF302821FFFFFFFFFF302821FF302821FF302821FF302821FF302821FF302821FF302821FF302821FF302821FF302821FF302821FF302821FF302821FF302821FF302821FF302821FF302821FF302821FF302821FF3028
310
21FF302821FF302821FF302821FF302821FFFFFFFFFF302821FF302821FF302821FF302821FF302821FF302821FF302821FF302821FF302821FF302821FF302821FF302821FF302821FF302821FFFFFFFFFF302821FF302821FF302821FF302821FF302821FF302821FF302821FF302821FF302821FF302821FF302821FF30
310
2821FF302821FF302821FF302821FF302821FF302821FF302821FF302821FF302821FF302821FF302821FF302821FF302821FF302821FFFFFFFFFF302821FF302821FF302821FF302821FF302821FF302821FF302821FF302821FF302821FF302821FF302821FF302821FFFFFFFFFF302821FF302821FF302821FF302821FF
310
302821FF302821FF302821FF302821FF302821FF302821FF302821FF302821FF302821FF302821FF302821FF302821FF302821FF302821FF302821FF302821FF302821FF302821FF302821FF302821FF302821FF302821FFFFFFFFFF302821FF302821FF302821FF302821FF302821FF302821FF302821FF302821FF302821
310
FF302821FF302821FFFFFFFFFF302821FF302821FF302821FF302821FF302821FF302821FF302821FF302821FF302821FF302821FF302821FF302821FF302821FF302821FF302821FF302821FF302821FF302821FF302821FF302821FF302821FF302821FF302821FF302821FF302821FF302821FF302821FF302821FFFFFF
310
FFFF302821FF302821FF302821FF302821FF302821FF302821FF302821FF302821FF302821FFFFFFFFFF302821FF302821FF302821FF302821FF302821FF302821FF302821FF302821FF302821FF302821FF302821FF302821FF302821FF302821FF302821FF302821FF302821FF302821FF302821FF302821FF302821FF30
310
2821FF302821FF302821FF302821FF302821FF302821FF302821FF302821FF302821FFFFFFFFFF302821FF302821FF302821FF302821FF302821FF302821FF302821FF302821FFFFFFFFFF302821FF302821FF302821FF302821FF302821FF302821FF302821FF302821FF302821FF302821FF302821FF302821FF302821FF
310
302821FF302821FF302821FF302821FF302821FF302821FF302821FF302821FF302821FF302821FF302821FF302821FF302821FF302821FF302821FF302821FF302821FFFFFFFFFF302821FF302821FF302821FF302821FF302821FF302821FF302821FFFFFFFFFF302821FF302821FF302821FF302821FF302821FF302821
310
FF302821FF302821FF302821FF302821FF302821FF302821FF302821FF302821FF302821FF302821FF302821FF302821FF302821FF302821FF302821FF302821FF302821FF302821FF302821FF302821FF302821FF302821FF302821FF302821FF302821FF302821FFFFFFFFFF302821FF302821FF302821FF302821FF3028
310
21FF302821FFFFFFFFFF302821FF302821FF302821FF302821FF302821FF302821FF302821FF302821FF302821FF302821FF302821FF302821FF302821FF302821FF302821FF302821FF302821FF302821FF302821FF302821FF302821FF302821FF302821FF302821FF302821FF302821FF302821FF302821FF302821FF30
310
2821FF302821FF302821FFFFFFFFFF302821FF302821FF302821FF302821FF302821FFFFFFFFFF302821FF302821FF302821FF302821FF302821FF302821FF302821FF302821FF302821FF302821FF302821FF302821FF302821FF302821FF302821FF302821FF302821FF302821FF302821FF302821FF302821FF302821FF
310
302821FF302821FF302821FF302821FF302821FF302821FF302821FF302821FF302821FF302821FF302821FF302821FFFFFFFFFF302821FF302821FF302821FF302821FFFFFFFFFF302821FF302821FF302821FF302821FF302821FF302821FF302821FF302821FF302821FF302821FF302821FF302821FF302821FF302821
310
FF302821FF302821FF302821FF302821FF302821FF302821FF302821FF302821FF302821FF302821FF302821FF302821FF302821FF302821FF302821FF302821FF302821FF302821FF302821FF302821FFFFFFFFFF302821FF302821FF302821FF302821FFFFFFFFFF302821FF302821FF302821FF302821FF302821FF3028
310
21FF302821FF302821FF302821FF302821FF302821FF302821FF302821FF302821FF302821FF302821FF302821FF302821FF302821FF302821FF302821FF302821FF302821FF302821FF302821FF302821FF302821FF302821FF302821FF302821FF302821FF302821FF302821FF302821FFFFFFFFFF302821FF302821FF30
310
2821FF302821FFFFFFFFFF302821FF302821FF302821FF302821FF302821FF302821FF302821FF302821FF302821FF302821FF302821FF302821FF302821FF302821FF302821FF302821FF302821FF302821FF302821FF302821FF302821FF302821FF302821FF302821FF302821FF302821FF302821FF302821FF302821FF
310
302821FF302821FF302821FF302821FF302821FFFFFFFFFF302821FF302821FF302821FF302821FFFFFFFFFF302821FF302821FF302821FF302821FF302821FF302821FF302821FF302821FF302821FF302821FF302821FF302821FF302821FF302821FF302821FF302821FF302821FF302821FF302821FF302821FF302821
310
FF302821FF302821FF302821FF302821FF302821FF302821FF302821FF302821FF302821FF302821FF302821FF302821FF302821FFFFFFFFFF302821FF302821FF302821FF302821FFFFFFFFFF302821FF302821FF302821FF302821FF302821FF302821FF302821FF302821FF302821FF302821FF302821FF302821FF3028
310
21FF302821FF302821FF302821FF302821FF302821FF302821FF302821FF302821FF302821FF302821FF302821FF302821FF302821FF302821FF302821FF302821FF302821FF302821FF302821FF302821FF302821FFFFFFFFFF302821FF302821FF302821FF302821FFFFFFFFFF302821FF302821FF302821FF302821FF30
310
2821FF302821FF302821FF302821FF302821FF302821FF302821FF302821FF302821FF302821FF302821FF302821FF302821FF302821FF302821FF302821FF302821FF302821FF302821FF302821FF302821FF302821FF302821FF302821FF302821FF302821FF302821FF302821FF302821FF302821FFFFFFFFFF302821FF
310
302821FF302821FF302821FFFFFFFFFF302821FF302821FF302821FF302821FF302821FF302821FF302821FF302821FF302821FF302821FF302821FF302821FF302821FF302821FF302821FF302821FF302821FF302821FF302821FF302821FF302821FF302821FF302821FF302821FF302821FF302821FF302821FF302821
310
FF302821FF302821FF302821FF302821FF302821FF302821FFFFFFFFFF302821FF302821FF302821FF302821FFFFFFFFFF302821FF302821FF302821FF302821FF302821FF302821FF302821FF302821FF302821FF302821FF302821FF302821FF302821FF302821FF302821FF302821FF302821FF302821FF302821FF3028
310
21FF302821FF302821FF302821FF302821FF302821FF302821FF302821FF302821FF302821FF302821FF302821FF302821FF302821FF302821FFFFFFFFFF302821FF302821FF302821FF302821FFFFFFFFFF302821FF302821FF302821FF302821FF302821FF302821FF302821FF302821FF302821FF302821FF302821FF30
310
2821FF302821FF302821FF302821FF302821FF302821FF302821FF302821FF302821FF302821FF302821FF302821FF302821FF302821FF302821FF302821FF302821FF302821FF302821FF302821FF302821FF302821FF302821FFFFFFFFFF302821FF302821FF302821FF302821FF302821FFFFFFFFFF302821FF302821FF
310
302821FF302821FF302821FF302821FF302821FF302821FF302821FF302821FF302821FF302821FF302821FF302821FF302821FF302821FF302821FF302821FF302821FF302821FF302821FF302821FF302821FF302821FF302821FF302821FF302821FF302821FF302821FF302821FF302821FF302821FFFFFFFFFF302821
310
FF302821FF302821FF302821FF302821FF302821FFFFFFFFFF302821FF302821FF302821FF302821FF302821FF302821FF302821FF302821FF302821FF302821FF302821FF302821FF302821FF302821FF302821FF302821FF302821FF302821FF302821FF302821FF302821FF302821FF302821FF302821FF302821FF3028
310
21FF302821FF302821FF302821FF302821FF302821FF302821FFFFFFFFFF302821FF302821FF302821FF302821FF302821FF302821FF302821FFFFFFFFFF302821FF302821FF302821FF302821FF302821FF302821FF302821FF302821FF302821FF302821FF302821FF302821FF302821FF302821FF302821FF302821FF30
310
2821FF302821FF302821FF302821FF302821FF302821FF302821FF302821FF302821FF302821FF302821FF302821FF302821FF302821FFFFFFFFFF302821FF302821FF302821FF302821FF302821FF302821FF302821FF302821FFFFFFFFFF302821FF302821FF302821FF302821FF302821FF302821FF302821FF302821FF
310
302821FF302821FF302821FF302821FF302821FF302821FF302821FF302821FF302821FF302821FF302821FF302821FF302821FF302821FF302821FF302821FF302821FF302821FF302821FF302821FF302821FF302821FFFFFFFFFF302821FF302821FF302821FF302821FF302821FF302821FF302821FF302821FF302821
310
FFFFFFFFFF302821FF302821FF302821FF302821FF302821FF302821FF302821FF302821FF302821FF302821FF302821FF302821FF302821FF302821FF302821FF302821FF302821FF302821FF302821FF302821FF302821FF302821FF302821FF302821FF302821FF302821FF302821FF302821FFFFFFFFFF302821FF3028
310
21FF302821FF302821FF302821FF302821FF302821FF302821FF302821FF302821FF302821FFFFFFFFFF302821FF302821FF302821FF302821FF302821FF302821FF302821FF302821FF302821FF302821FF302821FF302821FF302821FF302821FF302821FF302821FF302821FF302821FF302821FF302821FF302821FF30
310
2821FF302821FF302821FF302821FF302821FFFFFFFFFF302821FF302821FF302821FF302821FF302821FF302821FF302821FF302821FF302821FF302821FF302821FF302821FF302821FFFFFFFFFF302821FF302821FF302821FF302821FF302821FF302821FF302821FF302821FF302821FF302821FF302821FF302821FF
310
302821FF302821FF302821FF302821FF302821FF302821FF302821FF302821FF302821FF302821FF302821FF302821FF302821FFFFFFFFFF302821FF302821FF302821FF302821FF302821FF302821FF302821FF302821FF302821FF302821FF302821FF302821FF302821FFFFFFFFFF302821FF302821FF302821FF302821
310
FF302821FF302821FF302821FF302821FF302821FF302821FF302821FF302821FF302821FF302821FF302821FF302821FF302821FF302821FF302821FF302821FF302821FF302821FF302821FF302821FFFFFFFFFF302821FF302821FF302821FF302821FF302821FF302821FF302821FF302821FF302821FF302821FF3028
310
21FF302821FF302821FF302821FF302821FFFFFFFFFF302821FF302821FF302821FF302821FF302821FF302821FF302821FF302821FF302821FF302821FF302821FF302821FF302821FF302821FF302821FF302821FF302821FF302821FF302821FF302821FF302821FF302821FFFFFFFFFF302821FF302821FF302821FF30
310
2821FF302821FF302821FF302821FF302821FF302821FF302821FF302821FF302821FF302821FF302821FF302821FF302821FF302821FFFFFFFFFFFFFFFFFF302821FF302821FF302821FF302821FF302821FF302821FF302821FF302821FF302821FF302821FF302821FF302821FF302821FF302821FF302821FF302821FF
310
302821FF302821FF302821FFFFFFFFFF302821FF302821FF302821FF302821FF302821FF302821FF302821FF302821FF302821FF302821FF302821FF302821FF302821FF302821FF302821FF302821FF302821FF302821FF302821FF302821FFFFFFFFFFFFFFFFFF302821FF302821FF302821FF302821FF302821FF302821
310
FF302821FF302821FF302821FF302821FF302821FF302821FF302821FF302821FF302821FFFFFFFFFFFFFFFFFF302821FF302821FF302821FF302821FF302821FF302821FF302821FF302821FF302821FF302821FF302821FF302821FF302821FF302821FF302821FF302821FF302821FF302821FF302821FF302821FF3028
310
21FF302821FF302821FFFFFFFFFFFFFFFFFFFFFFFFFF302821FF302821FF302821FF302821FF302821FF302821FF302821FF302821FF302821FF302821FFFFFFFFFFFFFFFFFF302821FF302821FF302821FF302821FF302821FF302821FF302821FF302821FF302821FF302821FF302821FF302821FF302821FF302821FF30
310
2821FF302821FF302821FF302821FF302821FF302821FF302821FF302821FF302821FF302821FF302821FF302821FF302821FF302821FFFFFFFFFFFFFFFFFFFFFFFFFFFFFFFFFFFFFFFFFFFFFFFFFFFFFFFFFFFFFFFFFFFFFFFFFFFFFFFFFF302821FF302821FF302821FF302821FF302821FF302821FF302821FF302821FF
310
302821FF302821FF302821FF302821FF302821FF302821FF302821FF302821FF302821FF302821FF302821FF302821FF302821FF302821FF302821FF302821FF302821FF302821FF302821FF302821FF302821FF302821FF302821FF302821FF302821FF302821FF302821FF302821FF302821FF302821FF302821FF302821
310
FF302821FF302821FF302821FF302821FF302821FF302821FF302821FF302821FF302821FF302821FF302821FF302821FF302821FF302821FF302821FF302821FF302821FF302821FF302821FF302821FF302821FF302821FF302821FF302821FF302821FF302821FF302821FF302821FF302821FF302821FF302821FF3028
310
21FF302821FF302821FF302821FF302821FF302821FF302821FF302821FF302821FF302821FF302821FF302821FF302821FF302821FF302821FF302821FF302821FF302821FF302821FF302821FF302821FF302821FF302821FF
102
{BLKREFS
331
333
102
}
 70
     2
280
     1
281
     0
  0
BLOCK_RECORD
  5
331
330
1
100
AcDbSymbolTableRecord
100
AcDbBlockTableRecord
  2
Abiertos
340
0
310
28000000280000002800000001002000000000000019000001000000010000000000000000000000302821FF302821FF302821FF302821FF302821FF302821FF302821FF302821FF302821FF302821FF302821FF302821FF302821FF302821FF302821FF302821FF302821FF302821FF302821FF302821FF302821FF302821
310
FF302821FF302821FF302821FF302821FF302821FF302821FF302821FF302821FF302821FF302821FF302821FF302821FF302821FF302821FF302821FF302821FF302821FF302821FF302821FF302821FF302821FF302821FF302821FF302821FF302821FF302821FF302821FF302821FF302821FF302821FF302821FF3028
310
21FF302821FF302821FF302821FF302821FF302821FF302821FF302821FF302821FF302821FF302821FF302821FF302821FF302821FF302821FF302821FF302821FF302821FF302821FF302821FF302821FF302821FF302821FF302821FF302821FF302821FF302821FF302821FF302821FF302821FF302821FF302821FF30
310
2821FF302821FF302821FF302821FF302821FF302821FF302821FF302821FF302821FF302821FF302821FF00FF3FFF00FF3FFF00FF3FFF00FF3FFF00FF3FFF00FF3FFF00FF3FFF00FF3FFF00FF3FFF00FF3FFF302821FF302821FF302821FF302821FF302821FF302821FF302821FF302821FF302821FF302821FF302821FF
310
302821FF302821FF302821FF302821FF302821FF302821FF302821FF302821FF302821FF302821FF302821FF302821FF302821FF302821FF302821FF302821FF00FF3FFF00FF3FFF00FF3FFF302821FF302821FF302821FF302821FF302821FF302821FF302821FF302821FF302821FF302821FF00FF3FFF00FF3FFF302821
310
FF302821FF302821FF302821FF302821FF302821FF302821FF302821FF302821FF302821FF302821FF302821FF302821FF302821FF302821FF302821FF302821FF302821FF302821FF302821FF302821FF302821FF302821FF00FF3FFF00FF3FFF302821FF302821FF302821FF302821FF302821FF302821FF302821FF3028
310
21FF302821FF302821FF302821FF302821FF302821FF302821FF302821FF00FF3FFF00FF3FFF302821FF302821FF302821FF302821FF302821FF302821FF302821FF302821FF302821FF302821FF302821FF302821FF302821FF302821FF302821FF302821FF302821FF302821FF302821FF00FF3FFF00FF3FFF302821FF30
310
2821FF302821FF302821FF302821FF302821FF302821FF302821FF302821FF302821FF302821FF302821FF302821FF302821FF302821FF302821FF302821FF302821FF302821FF00FF3FFF302821FF302821FF302821FF302821FF302821FF302821FF302821FF302821FF302821FF302821FF302821FF302821FF302821FF
310
302821FF302821FF302821FF302821FF00FF3FFF302821FF302821FF302821FF302821FF302821FF302821FF302821FF302821FF302821FF302821FF302821FF302821FF302821FF302821FF302821FF302821FF302821FF302821FF302821FF302821FF302821FF302821FF00FF3FFF302821FF302821FF302821FF302821
310
FF302821FF302821FF302821FF302821FF302821FF302821FF302821FF302821FF302821FF302821FF302821FF00FF3FFF302821FF302821FF302821FF302821FF302821FF302821FF302821FF302821FF302821FF302821FF302821FF302821FF302821FF302821FF302821FF302821FF302821FF302821FF302821FF3028
310
21FF302821FF302821FF302821FF302821FF00FF3FFF302821FF302821FF302821FF302821FF302821FF302821FF302821FF302821FF302821FF302821FF302821FF302821FF302821FF302821FF00FF3FFF302821FF302821FF302821FF302821FF302821FF302821FF302821FF302821FF302821FF302821FF302821FF30
310
2821FF302821FF302821FF302821FF302821FF302821FF302821FF302821FF302821FF302821FF302821FF302821FF302821FF302821FF00FF3FFF302821FF302821FF302821FF302821FF302821FF302821FF302821FF302821FF302821FF302821FF302821FF302821FF00FF3FFF302821FF302821FF302821FF302821FF
310
302821FF302821FF302821FF302821FF302821FF302821FF302821FF302821FF302821FF302821FF302821FF302821FF302821FF302821FF302821FF302821FF302821FF302821FF302821FF302821FF302821FF302821FF00FF3FFF302821FF302821FF302821FF302821FF302821FF302821FF302821FF302821FF302821
310
FF302821FF302821FF00FF3FFF302821FF302821FF302821FF302821FF302821FF302821FF302821FF302821FF302821FF302821FF302821FF302821FF302821FF302821FF302821FF302821FF302821FF302821FF302821FF302821FF302821FF302821FF302821FF302821FF302821FF302821FF302821FF302821FF00FF
310
3FFF302821FF302821FF302821FF302821FF302821FF302821FF302821FF302821FF302821FF00FF3FFF302821FF302821FF302821FF302821FF302821FF302821FF302821FF302821FF302821FF302821FF302821FF302821FF302821FF302821FF302821FF302821FF302821FF302821FF302821FF302821FF302821FF30
310
2821FF302821FF302821FF302821FF302821FF302821FF302821FF302821FF302821FF00FF3FFF302821FF302821FF302821FF302821FF302821FF302821FF302821FF302821FF00FF3FFF302821FF302821FF302821FF302821FF302821FF302821FF302821FF302821FF302821FF302821FF302821FF302821FF302821FF
310
302821FF302821FF302821FF302821FF302821FF302821FF302821FF302821FF302821FF302821FF302821FF302821FF302821FF302821FF302821FF302821FF302821FF00FF3FFF302821FF302821FF302821FF302821FF302821FF302821FF302821FF00FF3FFF302821FF302821FF302821FF302821FF302821FF302821
310
FF302821FF302821FF302821FF302821FF302821FF302821FF302821FF302821FF302821FF302821FF302821FF302821FF302821FF302821FF302821FF302821FF302821FF302821FF302821FF302821FF302821FF302821FF302821FF302821FF302821FF302821FF00FF3FFF302821FF302821FF302821FF302821FF3028
310
21FF302821FF00FF3FFF302821FF302821FF302821FF302821FF302821FF302821FF302821FF302821FF302821FF302821FF302821FF302821FF302821FF302821FF302821FF302821FF302821FF302821FF302821FF302821FF302821FF302821FF302821FF302821FF302821FF302821FF302821FF302821FF302821FF30
310
2821FF302821FF302821FF00FF3FFF302821FF302821FF302821FF302821FF302821FF00FF3FFF302821FF302821FF302821FF302821FF302821FF302821FF302821FF302821FF302821FF302821FF302821FF302821FF302821FF302821FF302821FF302821FF302821FF302821FF302821FF302821FF302821FF302821FF
310
302821FF302821FF302821FF302821FF302821FF302821FF302821FF302821FF302821FF302821FF302821FF302821FF00FF3FFF302821FF302821FF302821FF302821FF00FF3FFF302821FF302821FF302821FF302821FF302821FF302821FF302821FF302821FF302821FF302821FF302821FF302821FF302821FF302821
310
FF302821FF302821FF302821FF302821FF302821FF302821FF302821FF302821FF302821FF302821FF302821FF302821FF302821FF302821FF302821FF302821FF302821FF302821FF302821FF302821FF00FF3FFF302821FF302821FF302821FF302821FF00FF3FFF302821FF302821FF302821FF302821FF302821FF3028
310
21FF302821FF302821FF302821FF302821FF302821FF302821FF302821FF302821FF302821FF302821FF302821FF302821FF302821FF302821FF302821FF302821FF302821FF302821FF302821FF302821FF302821FF302821FF302821FF302821FF302821FF302821FF302821FF302821FF00FF3FFF302821FF302821FF30
310
2821FF302821FF00FF3FFF302821FF302821FF302821FF302821FF302821FF302821FF302821FF302821FF302821FF302821FF302821FF302821FF302821FF302821FF302821FF302821FF302821FF302821FF302821FF302821FF302821FF302821FF302821FF302821FF302821FF302821FF302821FF302821FF302821FF
310
302821FF302821FF302821FF302821FF302821FF00FF3FFF302821FF302821FF302821FF302821FF00FF3FFF302821FF302821FF302821FF302821FF302821FF302821FF302821FF302821FF302821FF302821FF302821FF302821FF302821FF302821FF302821FF302821FF302821FF302821FF302821FF302821FF302821
310
FF302821FF302821FF302821FF302821FF302821FF302821FF302821FF302821FF302821FF302821FF302821FF302821FF302821FF00FF3FFF302821FF302821FF302821FF302821FF00FF3FFF302821FF302821FF302821FF302821FF302821FF302821FF302821FF302821FF302821FF302821FF302821FF302821FF3028
310
21FF302821FF302821FF302821FF302821FF302821FF302821FF302821FF302821FF302821FF302821FF302821FF302821FF302821FF302821FF302821FF302821FF302821FF302821FF302821FF302821FF302821FF00FF3FFF302821FF302821FF302821FF302821FF00FF3FFF302821FF302821FF302821FF302821FF30
310
2821FF302821FF302821FF302821FF302821FF302821FF302821FF302821FF302821FF302821FF302821FF302821FF302821FF302821FF302821FF302821FF302821FF302821FF302821FF302821FF302821FF302821FF302821FF302821FF302821FF302821FF302821FF302821FF302821FF302821FF00FF3FFF302821FF
310
302821FF302821FF302821FF00FF3FFF302821FF302821FF302821FF302821FF302821FF302821FF302821FF302821FF302821FF302821FF302821FF302821FF302821FF302821FF302821FF302821FF302821FF302821FF302821FF302821FF302821FF302821FF302821FF302821FF302821FF302821FF302821FF302821
310
FF302821FF302821FF302821FF302821FF302821FF302821FF00FF3FFF302821FF302821FF302821FF302821FF00FF3FFF302821FF302821FF302821FF302821FF302821FF302821FF302821FF302821FF302821FF302821FF302821FF302821FF302821FF302821FF302821FF302821FF302821FF302821FF302821FF3028
310
21FF302821FF302821FF302821FF302821FF302821FF302821FF302821FF302821FF302821FF302821FF302821FF302821FF302821FF302821FF00FF3FFF302821FF302821FF302821FF302821FF00FF3FFF302821FF302821FF302821FF302821FF302821FF302821FF302821FF302821FF302821FF302821FF302821FF30
310
2821FF302821FF302821FF302821FF302821FF302821FF302821FF302821FF302821FF302821FF302821FF302821FF302821FF302821FF302821FF302821FF302821FF302821FF302821FF302821FF302821FF302821FF302821FF00FF3FFF302821FF302821FF302821FF302821FF302821FF00FF3FFF302821FF302821FF
310
302821FF302821FF302821FF302821FF302821FF302821FF302821FF302821FF302821FF302821FF302821FF302821FF302821FF302821FF302821FF302821FF302821FF302821FF302821FF302821FF302821FF302821FF302821FF302821FF302821FF302821FF302821FF302821FF302821FF302821FF00FF3FFF302821
310
FF302821FF302821FF302821FF302821FF302821FF00FF3FFF302821FF302821FF302821FF302821FF302821FF302821FF302821FF302821FF302821FF302821FF302821FF302821FF302821FF302821FF302821FF302821FF302821FF302821FF302821FF302821FF302821FF302821FF302821FF302821FF302821FF3028
310
21FF302821FF302821FF302821FF302821FF302821FF302821FF00FF3FFF302821FF302821FF302821FF302821FF302821FF302821FF302821FF00FF3FFF302821FF302821FF302821FF302821FF302821FF302821FF302821FF302821FF302821FF302821FF302821FF302821FF302821FF302821FF302821FF302821FF30
310
2821FF302821FF302821FF302821FF302821FF302821FF302821FF302821FF302821FF302821FF302821FF302821FF302821FF302821FF00FF3FFF302821FF302821FF302821FF302821FF302821FF302821FF302821FF302821FF00FF3FFF302821FF302821FF302821FF302821FF302821FF302821FF302821FF302821FF
310
302821FF302821FF302821FF302821FF302821FF302821FF302821FF302821FF302821FF302821FF302821FF302821FF302821FF302821FF302821FF302821FF302821FF302821FF302821FF302821FF302821FF302821FF00FF3FFF302821FF302821FF302821FF302821FF302821FF302821FF302821FF302821FF302821
310
FF00FF3FFF302821FF302821FF302821FF302821FF302821FF302821FF302821FF302821FF302821FF302821FF302821FF302821FF302821FF302821FF302821FF302821FF302821FF302821FF302821FF302821FF302821FF302821FF302821FF302821FF302821FF302821FF302821FF302821FF00FF3FFF302821FF3028
310
21FF302821FF302821FF302821FF302821FF302821FF302821FF302821FF302821FF302821FF00FF3FFF302821FF302821FF302821FF302821FF302821FF302821FF302821FF302821FF302821FF302821FF302821FF302821FF302821FF302821FF302821FF302821FF302821FF302821FF302821FF302821FF302821FF30
310
2821FF302821FF302821FF302821FF302821FF00FF3FFF302821FF302821FF302821FF302821FF302821FF302821FF302821FF302821FF302821FF302821FF302821FF302821FF302821FF00FF3FFF302821FF302821FF302821FF302821FF302821FF302821FF302821FF302821FF302821FF302821FF302821FF302821FF
310
302821FF302821FF302821FF302821FF302821FF302821FF302821FF302821FF302821FF302821FF302821FF302821FF302821FF00FF3FFF302821FF302821FF302821FF302821FF302821FF302821FF302821FF302821FF302821FF302821FF302821FF302821FF302821FF00FF3FFF302821FF302821FF302821FF302821
310
FF302821FF302821FF302821FF302821FF302821FF302821FF302821FF302821FF302821FF302821FF302821FF302821FF302821FF302821FF302821FF302821FF302821FF302821FF302821FF302821FF00FF3FFF302821FF302821FF302821FF302821FF302821FF302821FF302821FF302821FF302821FF302821FF3028
310
21FF302821FF302821FF302821FF302821FF00FF3FFF302821FF302821FF302821FF302821FF302821FF302821FF302821FF302821FF302821FF302821FF302821FF302821FF302821FF302821FF302821FF302821FF302821FF302821FF302821FF302821FF302821FF302821FF00FF3FFF302821FF302821FF302821FF30
310
2821FF302821FF302821FF302821FF302821FF302821FF302821FF302821FF302821FF302821FF302821FF302821FF302821FF302821FF00FF3FFF00FF3FFF302821FF302821FF302821FF302821FF302821FF302821FF302821FF302821FF302821FF302821FF302821FF302821FF302821FF302821FF302821FF302821FF
310
302821FF302821FF302821FF00FF3FFF302821FF302821FF302821FF302821FF302821FF302821FF302821FF302821FF302821FF302821FF302821FF302821FF302821FF302821FF302821FF302821FF302821FF302821FF302821FF302821FF00FF3FFF00FF3FFF302821FF302821FF302821FF302821FF302821FF302821
310
FF302821FF302821FF302821FF302821FF302821FF302821FF302821FF302821FF302821FF00FF3FFF00FF3FFF302821FF302821FF302821FF302821FF302821FF302821FF302821FF302821FF302821FF302821FF302821FF302821FF302821FF302821FF302821FF302821FF302821FF302821FF302821FF302821FF3028
310
21FF302821FF302821FF00FF3FFF00FF3FFF00FF3FFF302821FF302821FF302821FF302821FF302821FF302821FF302821FF302821FF302821FF302821FF00FF3FFF00FF3FFF302821FF302821FF302821FF302821FF302821FF302821FF302821FF302821FF302821FF302821FF302821FF302821FF302821FF302821FF30
310
2821FF302821FF302821FF302821FF302821FF302821FF302821FF302821FF302821FF302821FF302821FF302821FF302821FF302821FF00FF3FFF00FF3FFF00FF3FFF00FF3FFF00FF3FFF00FF3FFF00FF3FFF00FF3FFF00FF3FFF00FF3FFF302821FF302821FF302821FF302821FF302821FF302821FF302821FF302821FF
310
302821FF302821FF302821FF302821FF302821FF302821FF302821FF302821FF302821FF302821FF302821FF302821FF302821FF302821FF302821FF302821FF302821FF302821FF302821FF302821FF302821FF302821FF302821FF302821FF302821FF302821FF302821FF302821FF302821FF302821FF302821FF302821
310
FF302821FF302821FF302821FF302821FF302821FF302821FF302821FF302821FF302821FF302821FF302821FF302821FF302821FF302821FF302821FF302821FF302821FF302821FF302821FF302821FF302821FF302821FF302821FF302821FF302821FF302821FF302821FF302821FF302821FF302821FF302821FF3028
310
21FF302821FF302821FF302821FF302821FF302821FF302821FF302821FF302821FF302821FF302821FF302821FF302821FF302821FF302821FF302821FF302821FF302821FF302821FF302821FF302821FF302821FF302821FF
102
{BLKREFS
331
1865
331
1866
331
1867
331
1868
331
1869
331
186A
331
186B
331
186C
331
186D
331
186E
331
186F
331
1870
102
}
 70
     2
280
     1
281
     0
  0
BLOCK_RECORD
  5
10D6
102
{ACAD_REACTORS
330
10AB
102
}
330
1
100
AcDbSymbolTableRecord
100
AcDbBlockTableRecord
  2
*U4
340
0
102
{BLKREFS
331
10DC
331
10DD
331
10DE
331
10DF
331
10E0
331
10E1
331
10E2
331
10E3
331
10E4
331
10E5
331
10E6
331
10E7
331
10E8
331
10E9
331
10EA
331
10EB
331
10EC
331
10ED
331
10EE
331
10EF
331
10F0
331
10F1
331
10F2
331
10F3
331
10F4
331
10F5
331
10F6
331
10F7
331
10F8
331
10F9
331
10FA
102
}
 70
     0
280
     1
281
     0
  0
BLOCK_RECORD
  5
10DA
102
{ACAD_REACTORS
330
10AA
102
}
330
1
100
AcDbSymbolTableRecord
100
AcDbBlockTableRecord
  2
*U5
340
0
102
{BLKREFS
331
E67
102
}
 70
     0
280
     1
281
     1
  0
BLOCK_RECORD
  5
10FC
102
{ACAD_REACTORS
330
10A3
102
}
330
1
100
AcDbSymbolTableRecord
100
AcDbBlockTableRecord
  2
*U6
340
0
102
{BLKREFS
331
1102
331
1103
331
1104
331
1105
331
1106
331
1107
331
1108
331
1109
331
110A
331
110B
331
110C
331
110D
331
110E
331
110F
331
1110
331
1111
331
1112
331
1113
331
1114
331
1115
331
1116
331
1117
331
1118
331
1119
331
111A
331
111B
331
111C
331
111D
331
111E
331
111F
102
}
 70
     0
280
     1
281
     0
  0
BLOCK_RECORD
  5
1100
102
{ACAD_REACTORS
330
10A2
102
}
330
1
100
AcDbSymbolTableRecord
100
AcDbBlockTableRecord
  2
*U7
340
0
102
{BLKREFS
331
E69
102
}
 70
     0
280
     1
281
     1
  0
BLOCK_RECORD
  5
1125
330
1
100
AcDbSymbolTableRecord
100
AcDbBlockTableRecord
  2
*D8
340
0
 70
     0
280
     1
281
     0
  0
BLOCK_RECORD
  5
1132
330
1
100
AcDbSymbolTableRecord
100
AcDbBlockTableRecord
  2
*D9
340
0
 70
     0
280
     1
281
     0
  0
BLOCK_RECORD
  5
113F
102
{ACAD_REACTORS
330
188A
102
}
330
1
100
AcDbSymbolTableRecord
100
AcDbBlockTableRecord
  2
*U10
340
0
102
{BLKREFS
331
1145
331
1146
331
1147
331
1148
331
1149
331
114A
331
114B
331
114C
331
114D
331
114E
331
114F
331
1150
331
1151
331
1152
331
1153
331
1154
331
1155
331
1156
331
1157
331
1158
331
1159
331
115A
331
115B
331
115C
331
115D
331
115E
331
115F
331
1160
331
1161
331
1162
331
1163
102
}
 70
     0
280
     1
281
     0
  0
BLOCK_RECORD
  5
1143
102
{ACAD_REACTORS
330
1889
102
}
330
1
100
AcDbSymbolTableRecord
100
AcDbBlockTableRecord
  2
*U11
340
0
102
{BLKREFS
331
1642
102
}
 70
     0
280
     1
281
     1
  0
BLOCK_RECORD
  5
1165
102
{ACAD_REACTORS
330
1882
102
}
330
1
100
AcDbSymbolTableRecord
100
AcDbBlockTableRecord
  2
*U12
340
0
102
{BLKREFS
331
1180
331
1181
331
1182
331
1183
331
1184
331
1185
331
1186
331
1187
331
1188
331
116B
331
116C
331
116D
331
116E
331
116F
331
1170
331
1171
331
1172
331
1173
331
1174
331
1175
331
1176
331
1177
331
1178
331
1179
331
117A
331
117B
331
117C
331
117D
331
117E
331
117F
102
}
 70
     0
280
     1
281
     0
  0
BLOCK_RECORD
  5
1169
102
{ACAD_REACTORS
330
1881
102
}
330
1
100
AcDbSymbolTableRecord
100
AcDbBlockTableRecord
  2
*U13
340
0
102
{BLKREFS
331
1644
102
}
 70
     0
280
     1
281
     1
  0
BLOCK_RECORD
  5
118A
330
1
100
AcDbSymbolTableRecord
100
AcDbBlockTableRecord
  2
*D14
340
0
 70
     0
280
     1
281
     0
  0
BLOCK_RECORD
  5
1197
102
{ACAD_REACTORS
330
187A
102
}
330
1
100
AcDbSymbolTableRecord
100
AcDbBlockTableRecord
  2
*U15
340
0
102
{BLKREFS
331
119D
331
119E
331
119F
331
11A0
331
11A1
331
11A2
331
11A3
331
11A4
331
11A5
331
11A6
331
11A7
331
11A8
331
11A9
331
11AA
331
11AB
331
11AC
331
11AD
331
11AE
331
11AF
331
11B0
331
11B1
331
11B2
331
11B3
331
11B4
331
11B5
331
11B6
331
11B7
331
11B8
331
11B9
331
11BA
331
11BB
102
}
 70
     0
280
     1
281
     0
  0
BLOCK_RECORD
  5
119B
102
{ACAD_REACTORS
330
1879
102
}
330
1
100
AcDbSymbolTableRecord
100
AcDbBlockTableRecord
  2
*U16
340
0
102
{BLKREFS
331
1647
102
}
 70
     0
280
     1
281
     1
  0
BLOCK_RECORD
  5
11BD
330
1
100
AcDbSymbolTableRecord
100
AcDbBlockTableRecord
  2
*D17
340
0
 70
     0
280
     1
281
     0
  0
BLOCK_RECORD
  5
11CA
330
1
100
AcDbSymbolTableRecord
100
AcDbBlockTableRecord
  2
*D18
340
0
 70
     0
280
     1
281
     0
  0
BLOCK_RECORD
  5
11D7
102
{ACAD_XDICTIONARY
360
1871
102
}
330
1
100
AcDbSymbolTableRecord
100
AcDbBlockTableRecord
  2
A$Cc4687c46
340
0
 70
     2
280
     1
281
     0
1001
AcDbDynamicBlockTrueName2
1000
A$Cc4687c46
1001
AcDbDynamicBlockGUID
1000
{BA68C1C0-2134-6546-A899-E972DC40588F}
  0
BLOCK_RECORD
  5
1893
330
1
100
AcDbSymbolTableRecord
100
AcDbBlockTableRecord
  2
Discharging Head Block - Rociadores Abiertos
340
0
310
2800000020000000200000000100080000000000000400000000000000000000000000000000000000000000000080000080000000808000800000008000800080800000C0C0C000C0DCC000F0CAA6000020400000206000002080000020A0000020C0000020E00000400000004020000040400000406000004080000040A0
310
000040C0000040E00000600000006020000060400000606000006080000060A0000060C0000060E00000800000008020000080400000806000008080000080A0000080C0000080E00000A0000000A0200000A0400000A0600000A0800000A0A00000A0C00000A0E00000C0000000C0200000C0400000C0600000C0800000C0
310
A00000C0C00000C0E00000E0000000E0200000E0400000E0600000E0800000E0A00000E0C00000E0E00040000000400020004000400040006000400080004000A0004000C0004000E00040200000402020004020400040206000402080004020A0004020C0004020E000404000004040200040404000404060004040800040
310
40A0004040C0004040E00040600000406020004060400040606000406080004060A0004060C0004060E00040800000408020004080400040806000408080004080A0004080C0004080E00040A0000040A0200040A0400040A0600040A0800040A0A00040A0C00040A0E00040C0000040C0200040C0400040C0600040C08000
310
40C0A00040C0C00040C0E00040E0000040E0200040E0400040E0600040E0800040E0A00040E0C00040E0E00080000000800020008000400080006000800080008000A0008000C0008000E00080200000802020008020400080206000802080008020A0008020C0008020E00080400000804020008040400080406000804080
310
008040A0008040C0008040E00080600000806020008060400080606000806080008060A0008060C0008060E00080800000808020008080400080806000808080008080A0008080C0008080E00080A0000080A0200080A0400080A0600080A0800080A0A00080A0C00080A0E00080C0000080C0200080C0400080C0600080C0
310
800080C0A00080C0C00080C0E00080E0000080E0200080E0400080E0600080E0800080E0A00080E0C00080E0E000C0000000C0002000C0004000C0006000C0008000C000A000C000C000C000E000C0200000C0202000C0204000C0206000C0208000C020A000C020C000C020E000C0400000C0402000C0404000C0406000C0
310
408000C040A000C040C000C040E000C0600000C0602000C0604000C0606000C0608000C060A000C060C000C060E000C0800000C0802000C0804000C0806000C0808000C080A000C080C000C080E000C0A00000C0A02000C0A04000C0A06000C0A08000C0A0A000C0A0C000C0A0E000C0C00000C0C02000C0C04000C0C06000
310
C0C08000C0C0A000F0FBFF00A4A0A000808080000000FF0000FF000000FFFF00FF000000FF00FF00FFFF0000FFFFFF004949494949494949494949494949494949494949494949494949494949494949494949494949494949494949494949494949494949494949494949494949494949FAFAFAFAFAFAFAFAFAFAFAFAFAFA
310
FAFAFAFAFAFAFAFAFAFAFAFAFAFAFAFA4949FA49494949494949494949494949494949494949494949494949494949FA4949FA49494949494949494949494949494949494949494949494949494949FA4949FA49494949494949494949494949494949494949494949494949494949FA4949FA494949494949494949494949
310
49494949494949494949494949494949FA4949FA49494949494949494949494949494949494949494949494949494949FA4949FA49494949494949494949494949494949494949494949494949494949FA4949FA49494949494949494949494949494949494949494949494949494949FA4949FA4949494949494949494949
310
4949494949494949494949494949494949FA4949FA49494949494949494949494949494949494949494949494949494949FA4949FA49494949494949494949494949494949494949494949494949494949FA4949FA49494949494949494949494949494949494949494949494949494949FA4949FA49494949494949494949
310
494949494949494949494949494949494949FA4949FA49494949494949494949494949494949494949494949494949494949FA4949FA49494949494949494949494949494949494949494949494949494949FA4949FA49494949494949494949494949494949494949494949494949494949FA4949FA494949494949494949
310
49494949494949494949494949494949494949FA4949FA49494949494949494949494949494949494949494949494949494949FA4949FA49494949494949494949494949494949494949494949494949494949FA4949FA49494949494949494949494949494949494949494949494949494949FA4949FA4949494949494949
310
4949494949494949494949494949494949494949FA4949FA49494949494949494949494949494949494949494949494949494949FA4949FA49494949494949494949494949494949494949494949494949494949FA4949FA49494949494949494949494949494949494949494949494949494949FA4949FA49494949494949
310
494949494949494949494949494949494949494949FA4949FA49494949494949494949494949494949494949494949494949494949FA4949FA49494949494949494949494949494949494949494949494949494949FA4949FAFAFAFAFAFAFAFAFAFAFAFAFAFAFAFAFAFAFAFAFAFAFAFAFAFAFAFAFAFA494949494949494949
310
4949494949494949494949494949494949494949494949494949494949494949494949494949494949494949494949494949494949494949
 70
     4
280
     1
281
     0
  0
BLOCK_RECORD
  5
18A1
330
1
100
AcDbSymbolTableRecord
100
AcDbBlockTableRecord
  2
Rociadores Cerrados
340
0
310
2800000020000000200000000100080000000000000400000000000000000000000000000000000000000000000080000080000000808000800000008000800080800000C0C0C000C0DCC000F0CAA6000020400000206000002080000020A0000020C0000020E00000400000004020000040400000406000004080000040A0
310
000040C0000040E00000600000006020000060400000606000006080000060A0000060C0000060E00000800000008020000080400000806000008080000080A0000080C0000080E00000A0000000A0200000A0400000A0600000A0800000A0A00000A0C00000A0E00000C0000000C0200000C0400000C0600000C0800000C0
310
A00000C0C00000C0E00000E0000000E0200000E0400000E0600000E0800000E0A00000E0C00000E0E00040000000400020004000400040006000400080004000A0004000C0004000E00040200000402020004020400040206000402080004020A0004020C0004020E000404000004040200040404000404060004040800040
310
40A0004040C0004040E00040600000406020004060400040606000406080004060A0004060C0004060E00040800000408020004080400040806000408080004080A0004080C0004080E00040A0000040A0200040A0400040A0600040A0800040A0A00040A0C00040A0E00040C0000040C0200040C0400040C0600040C08000
310
40C0A00040C0C00040C0E00040E0000040E0200040E0400040E0600040E0800040E0A00040E0C00040E0E00080000000800020008000400080006000800080008000A0008000C0008000E00080200000802020008020400080206000802080008020A0008020C0008020E00080400000804020008040400080406000804080
310
008040A0008040C0008040E00080600000806020008060400080606000806080008060A0008060C0008060E00080800000808020008080400080806000808080008080A0008080C0008080E00080A0000080A0200080A0400080A0600080A0800080A0A00080A0C00080A0E00080C0000080C0200080C0400080C0600080C0
310
800080C0A00080C0C00080C0E00080E0000080E0200080E0400080E0600080E0800080E0A00080E0C00080E0E000C0000000C0002000C0004000C0006000C0008000C000A000C000C000C000E000C0200000C0202000C0204000C0206000C0208000C020A000C020C000C020E000C0400000C0402000C0404000C0406000C0
310
408000C040A000C040C000C040E000C0600000C0602000C0604000C0606000C0608000C060A000C060C000C060E000C0800000C0802000C0804000C0806000C0808000C080A000C080C000C080E000C0A00000C0A02000C0A04000C0A06000C0A08000C0A0A000C0A0C000C0A0E000C0C00000C0C02000C0C04000C0C06000
310
C0C08000C0C0A000F0FBFF00A4A0A000808080000000FF0000FF000000FFFF00FF000000FF00FF00FFFF0000FFFFFF004949494949494949494949494949494949494949494949494949494949494949494949494949494949494949494949F9F9F9494949494949494949494949494949494949494949494949F9F9F9F9F9
310
494949F9F94949494949494949494949494949494949494949F9F949494949494949494949F9F9F949494949494949494949494949494949F9494949494949494949494949494949F9F949494949494949494949494949F9494949494949494949494949494949494949F94949494949494949494949F94949494949494949
310
494949494949494949494949F9494949494949494949F949494949494949494949494949494949494949494949F94949494949494949F949494949494949494949494949494949494949494949F949494949494949F9494949494949494949494949494949494949494949494949F9494949494949F9494949494949494949
310
49494949494949494949494949494949F949494949F94949494949494949494949494949494949494949494949494949F949494949F94949494949494949494949494949494949494949494949494949F949494949F94949494949494949494949494949494949494949494949494949F9494949F949494949494949494949
310
494949494949494949494949494949494949F94949F949494949494949494949494949494949494949494949494949494949F94949F949494949494949494949494949494949494949494949494949494949F94949F9494949494949494949494949494949494949494949494949494949F949494949F94949494949494949
310
494949494949494949494949494949494949F949494949F94949494949494949494949494949494949494949494949494949F949494949F94949494949494949494949494949494949494949494949494949F94949494949F949494949494949494949494949494949494949494949494949F94949494949F9494949494949
310
494949494949494949494949494949494949F949494949494949F949494949494949494949494949494949494949494949F94949494949494949F949494949494949494949494949494949494949494949F9494949494949494949F94949494949494949494949494949494949494949F94949494949494949494949F94949
310
49494949494949494949494949494949F949494949494949494949494949F9494949494949494949494949494949F9F9494949494949494949494949494949F9F94949494949494949494949F9F949494949494949494949494949494949494949F9F9F9F9F9494949F9F9F949494949494949494949494949494949494949
310
49494949494949F9F9F949494949494949494949494949494949494949494949494949494949494949494949494949494949494949494949
102
{BLKREFS
331
1A28
331
1A29
331
1A2A
331
1A2B
331
1A2C
331
1A2D
331
1A2E
331
1A2F
331
1A30
331
1A31
331
1A32
331
1A33
331
1A34
331
1A35
331
1A36
331
1A37
331
1A38
331
1A39
331
1A3A
331
1A3B
331
1A3C
331
1A3D
331
1A3E
331
1A3F
331
1A40
331
1A41
331
1A42
331
1A43
331
1A44
331
1A45
331
1A46
331
1A47
331
1A48
331
1A49
331
1A4A
331
1A4B
331
1A4C
331
1A4D
331
1A4E
331
1A4F
331
1A50
331
1A51
331
1A52
331
1A53
331
1A54
331
1A55
331
1A56
331
1A57
331
1A58
331
1A59
331
1A5A
331
1A5B
331
1A5C
331
1A5D
331
1A5E
331
1A5F
331
1A60
331
1A61
331
1A62
331
1A63
331
1A64
331
1A65
331
1A66
331
1A67
331
1A88
331
1A89
331
1A8A
331
1A8B
331
1A8C
331
1A8D
331
1A8E
331
1A8F
331
1A90
331
1A91
331
1A92
331
1A93
331
1A94
331
1A95
331
1A96
331
1A97
331
1A98
331
1A99
331
1A9A
331
1A9B
331
1A9C
331
1A9D
331
1A9E
331
1A9F
331
1AA0
331
1AA1
331
1AA2
331
1AA3
331
1AA4
331
1AA5
331
1AA6
331
1AA7
331
1AA8
331
1AA9
331
1AAA
331
1AAB
331
1AAC
331
1AAD
331
1AAE
331
1AAF
331
1AB0
331
1AB1
331
1AB2
331
1AB3
331
1AB4
331
1AB5
331
1AB6
331
1AB7
331
1AB8
331
1AB9
331
1ABA
331
1ABB
331
1ABC
331
1ABD
331
1ABE
331
1ABF
331
1AC0
331
1AC1
331
1AC2
331
1AC3
331
1AC4
331
1AC5
331
1AC6
331
1AC7
331
1AC8
331
1AC9
331
1ACA
331
1ACB
331
1ACC
331
1ACD
331
1ACE
331
1ACF
331
1AD0
331
1AD1
331
1AD2
331
1AD3
331
1AD4
331
1AD5
331
1AD6
331
1AD7
331
1AD8
331
1AD9
331
1ADA
331
1ADB
331
1ADC
331
1ADD
331
1ADE
331
1ADF
331
1A10
331
1A11
331
1A12
331
1A13
331
1A14
331
1A15
331
1A16
331
1A17
331
1A18
331
1A19
331
1A1A
331
1A1B
331
1A1C
331
1A1D
331
1A1E
331
1A1F
331
1A20
331
1A21
331
1A22
331
1A23
331
1A24
331
1A25
331
1A26
331
1A27
331
19F0
331
19F1
331
19F2
331
19F3
331
19F4
331
19F5
331
19F6
331
19F7
331
19F8
331
19F9
331
19FA
331
19FB
331
19FC
331
19FD
331
19FE
331
19FF
331
1A00
331
1A01
331
1A02
331
1A03
331
1A04
331
1A05
331
1A06
331
1A07
331
1A08
331
1A09
331
1A0A
331
1A0B
331
1A0C
331
1A0D
331
1A0E
331
1A0F
331
1AE0
331
1AE1
331
1AE2
331
1AE3
331
1AE4
331
1AE5
331
1AE6
331
1AE7
331
1AE8
331
1AE9
331
1AEA
331
1AEB
331
1AEC
331
1AED
331
1AEE
331
1AEF
331
1AF0
331
1AF1
331
1AF2
331
1AF3
331
1AF4
331
1AF5
331
1AF6
331
1AF7
331
1AF8
331
1AF9
331
1AFA
331
1AFB
331
1AFC
331
1AFD
331
1AFE
331
1AFF
331
1B00
331
1B01
331
1B02
331
1B03
331
1B04
331
1B05
331
1B06
331
1B07
331
1B08
331
1B09
331
18AC
331
18AD
331
18AE
331
18AF
331
1A68
331
1A69
331
1A6A
331
1A6B
331
1A6C
331
1A6D
331
1A6E
331
1A6F
331
1A70
331
1A71
331
1A72
331
1A73
331
1A74
331
1A75
331
1A76
331
1A77
331
1A78
331
1A79
331
1A7A
331
1A7B
331
1A7C
331
1A7D
331
1A7E
331
1A7F
331
1A80
331
1A81
331
1A82
331
1A83
331
1A84
331
1A85
331
1A86
331
1A87
331
18B0
331
18B1
331
18B2
331
18B3
331
18B4
331
18B5
331
18B6
331
18B7
331
19A2
331
19A3
331
19A4
331
19A5
331
19A6
331
19A7
331
19A8
331
19A9
331
19AA
331
19AB
331
19AC
331
19AD
331
19AE
331
19AF
331
19B0
331
19B1
331
19B2
331
19B3
331
19B4
331
19B5
331
19B6
331
19B7
331
19B8
331
19B9
331
19BA
331
19BB
331
19BC
331
19BD
331
19BE
331
19BF
331
19C0
331
19C1
331
19C2
331
19C3
331
19C4
331
19C5
331
19C6
331
19C7
331
19C8
331
19C9
331
19CA
331
19CB
331
19CC
331
19CD
331
19CE
331
19CF
331
19D0
331
19D1
331
19D2
331
19D3
331
19D4
331
19D5
331
19D6
331
19D7
331
19D8
331
19D9
331
19DA
331
19DB
331
19DC
331
19DD
331
19DE
331
19DF
331
19E0
331
19E1
331
19E2
331
19E3
331
19E4
331
19E5
331
19E6
331
19E7
331
19E8
331
19E9
331
19EA
331
19EB
331
19EC
331
19ED
331
19EE
331
19EF
102
}
 70
     4
280
     1
281
     0
  0
ENDTAB
  0
ENDSEC
  0
SECTION
  2
BLOCKS
  0
BLOCK
  5
20
330
1F
100
AcDbEntity
  8
0
100
AcDbBlockBegin
  2
*Model_Space
 70
     0
 10
0.0
 20
0.0
 30
0.0
  3
*Model_Space
  1

  0
ENDBLK
  5
21
330
1F
100
AcDbEntity
  8
0
100
AcDbBlockEnd
  0
BLOCK
  5
D4
330
D2
100
AcDbEntity
 67
     1
  8
0
100
AcDbBlockBegin
  2
*Paper_Space
 70
     0
 10
0.0
 20
0.0
 30
0.0
  3
*Paper_Space
  1

  0
ENDBLK
  5
D5
330
D2
100
AcDbEntity
 67
     1
  8
0
100
AcDbBlockEnd
  0
BLOCK
  5
D8
330
D6
100
AcDbEntity
 67
     1
  8
0
100
AcDbBlockBegin
  2
*Paper_Space0
 70
     0
 10
0.0
 20
0.0
 30
0.0
  3
*Paper_Space0
  1

  0
ENDBLK
  5
D9
330
D6
100
AcDbEntity
 67
     1
  8
0
100
AcDbBlockEnd
  0
BLOCK
  5
2E1
330
2E0
100
AcDbEntity
  8
0
100
AcDbBlockBegin
  2
*D1
 70
     1
 10
0.0
 20
0.0
 30
0.0
  3
*D1
  1

  0
LINE
  5
2E2
330
2E0
100
AcDbEntity
  8
Diámetros
 62
     0
440
 16777216
370
    -2
100
AcDbLine
 10
-3131382.568569078
 20
3591639.252806859
 30
0.0
 11
-3131382.568569078
 21
3591639.789589003
 31
0.0
  0
LINE
  5
2E3
330
2E0
100
AcDbEntity
  8
Diámetros
 62
     0
440
 16777216
370
    -2
100
AcDbLine
 10
-3131385.06856908
 20
3591639.252806859
 30
0.0
 11
-3131385.06856908
 21
3591639.789589003
 31
0.0
  0
LINE
  5
2E4
330
2E0
100
AcDbEntity
  8
Diámetros
 62
     0
440
 16777216
370
    -2
100
AcDbLine
 10
-3131382.748569079
 20
3591639.609589003
 30
0.0
 11
-3131383.493562258
 21
3591639.609589003
 31
0.0
  0
LINE
  5
2E5
330
2E0
100
AcDbEntity
  8
Diámetros
 62
     0
440
 16777216
370
    -2
100
AcDbLine
 10
-3131384.888569079
 20
3591639.609589003
 30
0.0
 11
-3131384.1435759
 21
3591639.609589003
 31
0.0
  0
SOLID
  5
2E6
330
2E0
100
AcDbEntity
  8
Diámetros
 62
     0
440
 16777216
100
AcDbTrace
 10
-3131382.748569079
 20
3591639.639589002
 30
0.0
 11
-3131382.748569079
 21
3591639.579589003
 31
0.0
 12
-3131382.568569078
 22
3591639.609589003
 32
0.0
 13
-3131382.568569078
 23
3591639.609589003
 33
0.0
  0
SOLID
  5
2E7
330
2E0
100
AcDbEntity
  8
Diámetros
 62
     0
440
 16777216
100
AcDbTrace
 10
-3131384.888569079
 20
3591639.639589002
 30
0.0
 11
-3131384.888569079
 21
3591639.579589003
 31
0.0
 12
-3131385.06856908
 22
3591639.609589003
 32
0.0
 13
-3131385.06856908
 23
3591639.609589003
 33
0.0
  0
MTEXT
  5
2E8
330
2E0
100
AcDbEntity
  8
Diámetros
 62
     0
440
 16777216
100
AcDbMText
 10
-3131383.818569079
 20
3591639.609589003
 30
0.0
 40
0.18
 41
0.0
 46
0.0
 71
     5
 72
     1
  1
\A1;2,50
 73
     1
 44
1.0
  0
POINT
  5
2E9
330
2E0
100
AcDbEntity
  8
Defpoints
 62
     0
440
 16777216
100
AcDbPoint
 10
-3131382.568569078
 20
3591639.190306858
 30
0.0
  0
POINT
  5
2EA
330
2E0
100
AcDbEntity
  8
Defpoints
 62
     0
440
 16777216
100
AcDbPoint
 10
-3131385.06856908
 20
3591639.190306858
 30
0.0
  0
POINT
  5
2EB
330
2E0
100
AcDbEntity
  8
Defpoints
 62
     0
440
 16777216
100
AcDbPoint
 10
-3131385.06856908
 20
3591639.609589003
 30
0.0
  0
ENDBLK
  5
2EC
330
2E0
100
AcDbEntity
  8
0
100
AcDbBlockEnd
  0
BLOCK
  5
32E
330
32D
100
AcDbEntity
  8
0
100
AcDbBlockBegin
  2
ESFR
 70
     0
 10
0.0
 20
0.0
 30
0.0
  3
ESFR
  1

  0
CIRCLE
  5
32F
330
32D
100
AcDbEntity
  8
0
100
AcDbCircle
 10
0.0
 20
0.0
 30
0.0
 40
0.6250000009313226
  0
ENDBLK
  5
330
330
32D
100
AcDbEntity
  8
0
100
AcDbBlockEnd
  0
BLOCK
  5
332
330
331
100
AcDbEntity
  8
0
100
AcDbBlockBegin
  2
Abiertos
 70
     0
 10
0.0
 20
0.0
 30
0.0
  3
Abiertos
  1

  0
INSERT
  5
333
330
331
100
AcDbEntity
  8
Rociadores
100
AcDbBlockReference
  2
ESFR
 10
0.0
 20
0.0
 30
0.0
  0
ENDBLK
  5
334
330
331
100
AcDbEntity
  8
0
100
AcDbBlockEnd
  0
BLOCK
  5
10D7
330
10D6
100
AcDbEntity
  8
0
100
AcDbBlockBegin
  2
*U4
 70
     1
 10
0.0
 20
0.0
 30
0.0
  3
*U4
  1

  0
LINE
  5
10D8
330
10D6
100
AcDbEntity
  8
0
100
AcDbLine
 10
0.0
 20
0.0
 30
0.0
 11
0.0
 21
0.0
 31
-1.0
  0
ENDBLK
  5
10D9
330
10D6
100
AcDbEntity
  8
0
100
AcDbBlockEnd
  0
BLOCK
  5
10DB
330
10DA
100
AcDbEntity
  8
0
100
AcDbBlockBegin
  2
*U5
 70
     1
 10
0.0
 20
0.0
 30
0.0
  3
*U5
  1

  0
INSERT
  5
10DC
330
10DA
100
AcDbEntity
  8
Rociadores
  6
ByBlock
347
ED
 62
     0
440
 16777216
370
    -2
380
     1
100
AcDbBlockReference
  2
*U4
 10
0.0
 20
0.0
 30
0.0
  0
INSERT
  5
10DD
330
10DA
100
AcDbEntity
  8
Rociadores
  6
ByBlock
347
ED
 62
     0
440
 16777216
370
    -2
380
     1
100
AcDbBlockReference
  2
*U4
 10
-0.0000000000000006
 20
-10.0
 30
0.0
  0
INSERT
  5
10DE
330
10DA
100
AcDbEntity
  8
Rociadores
  6
ByBlock
347
ED
 62
     0
440
 16777216
370
    -2
380
     1
100
AcDbBlockReference
  2
*U4
 10
-0.0000000000000012
 20
-20.0
 30
0.0
  0
INSERT
  5
10DF
330
10DA
100
AcDbEntity
  8
Rociadores
  6
ByBlock
347
ED
 62
     0
440
 16777216
370
    -2
380
     1
100
AcDbBlockReference
  2
*U4
 10
-0.0000000000000018
 20
-30.0
 30
0.0
  0
INSERT
  5
10E0
330
10DA
100
AcDbEntity
  8
Rociadores
  6
ByBlock
347
ED
 62
     0
440
 16777216
370
    -2
380
     1
100
AcDbBlockReference
  2
*U4
 10
-0.0000000000000024
 20
-40.0
 30
0.0
  0
INSERT
  5
10E1
330
10DA
100
AcDbEntity
  8
Rociadores
  6
ByBlock
347
ED
 62
     0
440
 16777216
370
    -2
380
     1
100
AcDbBlockReference
  2
*U4
 10
-0.0000000000000031
 20
-50.0
 30
0.0
  0
INSERT
  5
10E2
330
10DA
100
AcDbEntity
  8
Rociadores
  6
ByBlock
347
ED
 62
     0
440
 16777216
370
    -2
380
     1
100
AcDbBlockReference
  2
*U4
 10
-0.0000000000000037
 20
-60.0
 30
0.0
  0
INSERT
  5
10E3
330
10DA
100
AcDbEntity
  8
Rociadores
  6
ByBlock
347
ED
 62
     0
440
 16777216
370
    -2
380
     1
100
AcDbBlockReference
  2
*U4
 10
-0.0000000000000043
 20
-70.0
 30
0.0
  0
INSERT
  5
10E4
330
10DA
100
AcDbEntity
  8
Rociadores
  6
ByBlock
347
ED
 62
     0
440
 16777216
370
    -2
380
     1
100
AcDbBlockReference
  2
*U4
 10
-0.0000000000000049
 20
-80.0
 30
0.0
  0
INSERT
  5
10E5
330
10DA
100
AcDbEntity
  8
Rociadores
  6
ByBlock
347
ED
 62
     0
440
 16777216
370
    -2
380
     1
100
AcDbBlockReference
  2
*U4
 10
-0.0000000000000055
 20
-90.0
 30
0.0
  0
INSERT
  5
10E6
330
10DA
100
AcDbEntity
  8
Rociadores
  6
ByBlock
347
ED
 62
     0
440
 16777216
370
    -2
380
     1
100
AcDbBlockReference
  2
*U4
 10
-0.0000000000000061
 20
-100.0
 30
0.0
  0
INSERT
  5
10E7
330
10DA
100
AcDbEntity
  8
Rociadores
  6
ByBlock
347
ED
 62
     0
440
 16777216
370
    -2
380
     1
100
AcDbBlockReference
  2
*U4
 10
-0.0000000000000067
 20
-110.0
 30
0.0
  0
INSERT
  5
10E8
330
10DA
100
AcDbEntity
  8
Rociadores
  6
ByBlock
347
ED
 62
     0
440
 16777216
370
    -2
380
     1
100
AcDbBlockReference
  2
*U4
 10
-0.0000000000000073
 20
-120.0
 30
0.0
  0
INSERT
  5
10E9
330
10DA
100
AcDbEntity
  8
Rociadores
  6
ByBlock
347
ED
 62
     0
440
 16777216
370
    -2
380
     1
100
AcDbBlockReference
  2
*U4
 10
-0.000000000000008
 20
-130.0
 30
0.0
  0
INSERT
  5
10EA
330
10DA
100
AcDbEntity
  8
Rociadores
  6
ByBlock
347
ED
 62
     0
440
 16777216
370
    -2
380
     1
100
AcDbBlockReference
  2
*U4
 10
-0.0000000000000086
 20
-140.0
 30
0.0
  0
INSERT
  5
10EB
330
10DA
100
AcDbEntity
  8
Rociadores
  6
ByBlock
347
ED
 62
     0
440
 16777216
370
    -2
380
     1
100
AcDbBlockReference
  2
*U4
 10
-0.0000000000000092
 20
-150.0
 30
0.0
  0
INSERT
  5
10EC
330
10DA
100
AcDbEntity
  8
Rociadores
  6
ByBlock
347
ED
 62
     0
440
 16777216
370
    -2
380
     1
100
AcDbBlockReference
  2
*U4
 10
-0.0000000000000098
 20
-160.0
 30
0.0
  0
INSERT
  5
10ED
330
10DA
100
AcDbEntity
  8
Rociadores
  6
ByBlock
347
ED
 62
     0
440
 16777216
370
    -2
380
     1
100
AcDbBlockReference
  2
*U4
 10
-0.0000000000000104
 20
-170.0
 30
0.0
  0
INSERT
  5
10EE
330
10DA
100
AcDbEntity
  8
Rociadores
  6
ByBlock
347
ED
 62
     0
440
 16777216
370
    -2
380
     1
100
AcDbBlockReference
  2
*U4
 10
-0.000000000000011
 20
-180.0
 30
0.0
  0
INSERT
  5
10EF
330
10DA
100
AcDbEntity
  8
Rociadores
  6
ByBlock
347
ED
 62
     0
440
 16777216
370
    -2
380
     1
100
AcDbBlockReference
  2
*U4
 10
-0.0000000000000116
 20
-190.0
 30
0.0
  0
INSERT
  5
10F0
330
10DA
100
AcDbEntity
  8
Rociadores
  6
ByBlock
347
ED
 62
     0
440
 16777216
370
    -2
380
     1
100
AcDbBlockReference
  2
*U4
 10
-0.0000000000000122
 20
-200.0
 30
0.0
  0
INSERT
  5
10F1
330
10DA
100
AcDbEntity
  8
Rociadores
  6
ByBlock
347
ED
 62
     0
440
 16777216
370
    -2
380
     1
100
AcDbBlockReference
  2
*U4
 10
-0.0000000000000129
 20
-210.0
 30
0.0
  0
INSERT
  5
10F2
330
10DA
100
AcDbEntity
  8
Rociadores
  6
ByBlock
347
ED
 62
     0
440
 16777216
370
    -2
380
     1
100
AcDbBlockReference
  2
*U4
 10
-0.0000000000000135
 20
-220.0
 30
0.0
  0
INSERT
  5
10F3
330
10DA
100
AcDbEntity
  8
Rociadores
  6
ByBlock
347
ED
 62
     0
440
 16777216
370
    -2
380
     1
100
AcDbBlockReference
  2
*U4
 10
-0.0000000000000141
 20
-230.0
 30
0.0
  0
INSERT
  5
10F4
330
10DA
100
AcDbEntity
  8
Rociadores
  6
ByBlock
347
ED
 62
     0
440
 16777216
370
    -2
380
     1
100
AcDbBlockReference
  2
*U4
 10
-0.0000000000000147
 20
-240.0
 30
0.0
  0
INSERT
  5
10F5
330
10DA
100
AcDbEntity
  8
Rociadores
  6
ByBlock
347
ED
 62
     0
440
 16777216
370
    -2
380
     1
100
AcDbBlockReference
  2
*U4
 10
-0.0000000000000153
 20
-250.0
 30
0.0
  0
INSERT
  5
10F6
330
10DA
100
AcDbEntity
  8
Rociadores
  6
ByBlock
347
ED
 62
     0
440
 16777216
370
    -2
380
     1
100
AcDbBlockReference
  2
*U4
 10
-0.0000000000000159
 20
-260.0
 30
0.0
  0
INSERT
  5
10F7
330
10DA
100
AcDbEntity
  8
Rociadores
  6
ByBlock
347
ED
 62
     0
440
 16777216
370
    -2
380
     1
100
AcDbBlockReference
  2
*U4
 10
-0.0000000000000165
 20
-270.0
 30
0.0
  0
INSERT
  5
10F8
330
10DA
100
AcDbEntity
  8
Rociadores
  6
ByBlock
347
ED
 62
     0
440
 16777216
370
    -2
380
     1
100
AcDbBlockReference
  2
*U4
 10
-0.0000000000000171
 20
-280.0
 30
0.0
  0
INSERT
  5
10F9
330
10DA
100
AcDbEntity
  8
Rociadores
  6
ByBlock
347
ED
 62
     0
440
 16777216
370
    -2
380
     1
100
AcDbBlockReference
  2
*U4
 10
-0.0000000000000178
 20
-290.0
 30
0.0
  0
INSERT
  5
10FA
330
10DA
100
AcDbEntity
  8
Rociadores
  6
ByBlock
347
ED
 62
     0
440
 16777216
370
    -2
380
     1
100
AcDbBlockReference
  2
*U4
 10
-0.0000000000000184
 20
-300.0
 30
0.0
  0
ENDBLK
  5
10FB
330
10DA
100
AcDbEntity
  8
0
100
AcDbBlockEnd
  0
BLOCK
  5
10FD
330
10FC
100
AcDbEntity
  8
0
100
AcDbBlockBegin
  2
*U6
 70
     1
 10
0.0
 20
0.0
 30
0.0
  3
*U6
  1

  0
LINE
  5
10FE
330
10FC
100
AcDbEntity
  8
0
100
AcDbLine
 10
0.0
 20
0.0
 30
0.0
 11
0.0
 21
0.0
 31
-1.0
  0
ENDBLK
  5
10FF
330
10FC
100
AcDbEntity
  8
0
100
AcDbBlockEnd
  0
BLOCK
  5
1101
330
1100
100
AcDbEntity
  8
0
100
AcDbBlockBegin
  2
*U7
 70
     1
 10
0.0
 20
0.0
 30
0.0
  3
*U7
  1

  0
INSERT
  5
1102
330
1100
100
AcDbEntity
  8
Rociadores
  6
ByBlock
347
ED
 62
     0
440
 16777216
370
    -2
380
     1
100
AcDbBlockReference
  2
*U6
 10
0.0
 20
0.0
 30
0.0
  0
INSERT
  5
1103
330
1100
100
AcDbEntity
  8
Rociadores
  6
ByBlock
347
ED
 62
     0
440
 16777216
370
    -2
380
     1
100
AcDbBlockReference
  2
*U6
 10
-0.0000000000000006
 20
-10.0
 30
0.0
  0
INSERT
  5
1104
330
1100
100
AcDbEntity
  8
Rociadores
  6
ByBlock
347
ED
 62
     0
440
 16777216
370
    -2
380
     1
100
AcDbBlockReference
  2
*U6
 10
-0.0000000000000012
 20
-20.0
 30
0.0
  0
INSERT
  5
1105
330
1100
100
AcDbEntity
  8
Rociadores
  6
ByBlock
347
ED
 62
     0
440
 16777216
370
    -2
380
     1
100
AcDbBlockReference
  2
*U6
 10
-0.0000000000000018
 20
-30.0
 30
0.0
  0
INSERT
  5
1106
330
1100
100
AcDbEntity
  8
Rociadores
  6
ByBlock
347
ED
 62
     0
440
 16777216
370
    -2
380
     1
100
AcDbBlockReference
  2
*U6
 10
-0.0000000000000024
 20
-40.0
 30
0.0
  0
INSERT
  5
1107
330
1100
100
AcDbEntity
  8
Rociadores
  6
ByBlock
347
ED
 62
     0
440
 16777216
370
    -2
380
     1
100
AcDbBlockReference
  2
*U6
 10
-0.0000000000000031
 20
-50.0
 30
0.0
  0
INSERT
  5
1108
330
1100
100
AcDbEntity
  8
Rociadores
  6
ByBlock
347
ED
 62
     0
440
 16777216
370
    -2
380
     1
100
AcDbBlockReference
  2
*U6
 10
-0.0000000000000037
 20
-60.0
 30
0.0
  0
INSERT
  5
1109
330
1100
100
AcDbEntity
  8
Rociadores
  6
ByBlock
347
ED
 62
     0
440
 16777216
370
    -2
380
     1
100
AcDbBlockReference
  2
*U6
 10
-0.0000000000000043
 20
-70.0
 30
0.0
  0
INSERT
  5
110A
330
1100
100
AcDbEntity
  8
Rociadores
  6
ByBlock
347
ED
 62
     0
440
 16777216
370
    -2
380
     1
100
AcDbBlockReference
  2
*U6
 10
-0.0000000000000049
 20
-80.0
 30
0.0
  0
INSERT
  5
110B
330
1100
100
AcDbEntity
  8
Rociadores
  6
ByBlock
347
ED
 62
     0
440
 16777216
370
    -2
380
     1
100
AcDbBlockReference
  2
*U6
 10
-0.0000000000000055
 20
-90.0
 30
0.0
  0
INSERT
  5
110C
330
1100
100
AcDbEntity
  8
Rociadores
  6
ByBlock
347
ED
 62
     0
440
 16777216
370
    -2
380
     1
100
AcDbBlockReference
  2
*U6
 10
-0.0000000000000061
 20
-100.0
 30
0.0
  0
INSERT
  5
110D
330
1100
100
AcDbEntity
  8
Rociadores
  6
ByBlock
347
ED
 62
     0
440
 16777216
370
    -2
380
     1
100
AcDbBlockReference
  2
*U6
 10
-0.0000000000000067
 20
-110.0
 30
0.0
  0
INSERT
  5
110E
330
1100
100
AcDbEntity
  8
Rociadores
  6
ByBlock
347
ED
 62
     0
440
 16777216
370
    -2
380
     1
100
AcDbBlockReference
  2
*U6
 10
-0.0000000000000073
 20
-120.0
 30
0.0
  0
INSERT
  5
110F
330
1100
100
AcDbEntity
  8
Rociadores
  6
ByBlock
347
ED
 62
     0
440
 16777216
370
    -2
380
     1
100
AcDbBlockReference
  2
*U6
 10
-0.000000000000008
 20
-130.0
 30
0.0
  0
INSERT
  5
1110
330
1100
100
AcDbEntity
  8
Rociadores
  6
ByBlock
347
ED
 62
     0
440
 16777216
370
    -2
380
     1
100
AcDbBlockReference
  2
*U6
 10
-0.0000000000000086
 20
-140.0
 30
0.0
  0
INSERT
  5
1111
330
1100
100
AcDbEntity
  8
Rociadores
  6
ByBlock
347
ED
 62
     0
440
 16777216
370
    -2
380
     1
100
AcDbBlockReference
  2
*U6
 10
-0.0000000000000092
 20
-150.0
 30
0.0
  0
INSERT
  5
1112
330
1100
100
AcDbEntity
  8
Rociadores
  6
ByBlock
347
ED
 62
     0
440
 16777216
370
    -2
380
     1
100
AcDbBlockReference
  2
*U6
 10
-0.0000000000000098
 20
-160.0
 30
0.0
  0
INSERT
  5
1113
330
1100
100
AcDbEntity
  8
Rociadores
  6
ByBlock
347
ED
 62
     0
440
 16777216
370
    -2
380
     1
100
AcDbBlockReference
  2
*U6
 10
-0.0000000000000104
 20
-170.0
 30
0.0
  0
INSERT
  5
1114
330
1100
100
AcDbEntity
  8
Rociadores
  6
ByBlock
347
ED
 62
     0
440
 16777216
370
    -2
380
     1
100
AcDbBlockReference
  2
*U6
 10
-0.000000000000011
 20
-180.0
 30
0.0
  0
INSERT
  5
1115
330
1100
100
AcDbEntity
  8
Rociadores
  6
ByBlock
347
ED
 62
     0
440
 16777216
370
    -2
380
     1
100
AcDbBlockReference
  2
*U6
 10
-0.0000000000000116
 20
-190.0
 30
0.0
  0
INSERT
  5
1116
330
1100
100
AcDbEntity
  8
Rociadores
  6
ByBlock
347
ED
 62
     0
440
 16777216
370
    -2
380
     1
100
AcDbBlockReference
  2
*U6
 10
-0.0000000000000122
 20
-200.0
 30
0.0
  0
INSERT
  5
1117
330
1100
100
AcDbEntity
  8
Rociadores
  6
ByBlock
347
ED
 62
     0
440
 16777216
370
    -2
380
     1
100
AcDbBlockReference
  2
*U6
 10
-0.0000000000000129
 20
-210.0
 30
0.0
  0
INSERT
  5
1118
330
1100
100
AcDbEntity
  8
Rociadores
  6
ByBlock
347
ED
 62
     0
440
 16777216
370
    -2
380
     1
100
AcDbBlockReference
  2
*U6
 10
-0.0000000000000135
 20
-220.0
 30
0.0
  0
INSERT
  5
1119
330
1100
100
AcDbEntity
  8
Rociadores
  6
ByBlock
347
ED
 62
     0
440
 16777216
370
    -2
380
     1
100
AcDbBlockReference
  2
*U6
 10
-0.0000000000000141
 20
-230.0
 30
0.0
  0
INSERT
  5
111A
330
1100
100
AcDbEntity
  8
Rociadores
  6
ByBlock
347
ED
 62
     0
440
 16777216
370
    -2
380
     1
100
AcDbBlockReference
  2
*U6
 10
-0.0000000000000147
 20
-240.0
 30
0.0
  0
INSERT
  5
111B
330
1100
100
AcDbEntity
  8
Rociadores
  6
ByBlock
347
ED
 62
     0
440
 16777216
370
    -2
380
     1
100
AcDbBlockReference
  2
*U6
 10
-0.0000000000000153
 20
-250.0
 30
0.0
  0
INSERT
  5
111C
330
1100
100
AcDbEntity
  8
Rociadores
  6
ByBlock
347
ED
 62
     0
440
 16777216
370
    -2
380
     1
100
AcDbBlockReference
  2
*U6
 10
-0.0000000000000159
 20
-260.0
 30
0.0
  0
INSERT
  5
111D
330
1100
100
AcDbEntity
  8
Rociadores
  6
ByBlock
347
ED
 62
     0
440
 16777216
370
    -2
380
     1
100
AcDbBlockReference
  2
*U6
 10
-0.0000000000000165
 20
-270.0
 30
0.0
  0
INSERT
  5
111E
330
1100
100
AcDbEntity
  8
Rociadores
  6
ByBlock
347
ED
 62
     0
440
 16777216
370
    -2
380
     1
100
AcDbBlockReference
  2
*U6
 10
-0.0000000000000171
 20
-280.0
 30
0.0
  0
INSERT
  5
111F
330
1100
100
AcDbEntity
  8
Rociadores
  6
ByBlock
347
ED
 62
     0
440
 16777216
370
    -2
380
     1
100
AcDbBlockReference
  2
*U6
 10
-0.0000000000000178
 20
-290.0
 30
0.0
  0
ENDBLK
  5
1120
330
1100
100
AcDbEntity
  8
0
100
AcDbBlockEnd
  0
BLOCK
  5
1126
330
1125
100
AcDbEntity
  8
0
100
AcDbBlockBegin
  2
*D8
 70
     1
 10
0.0
 20
0.0
 30
0.0
  3
*D8
  1

  0
LINE
  5
1128
330
1125
100
AcDbEntity
  8
Diámetros
 62
     0
440
 16777216
370
    -2
100
AcDbLine
 10
2157.007940588526
 20
2021.351618161499
 30
0.0
 11
2157.007940588526
 21
2022.095226978324
 31
0.0
  0
LINE
  5
1129
330
1125
100
AcDbEntity
  8
Diámetros
 62
     0
440
 16777216
370
    -2
100
AcDbLine
 10
2157.007940588526
 20
2021.351618161499
 30
0.0
 11
2157.007940588526
 21
2022.095226978324
 31
0.0
  0
LINE
  5
112A
330
1125
100
AcDbEntity
  8
Diámetros
 62
     0
440
 16777216
370
    -2
100
AcDbLine
 10
2156.827940588526
 20
2021.915226978324
 30
0.0
 11
2156.647940588526
 21
2021.915226978324
 31
0.0
  0
LINE
  5
112B
330
1125
100
AcDbEntity
  8
Diámetros
 62
     0
440
 16777216
370
    -2
100
AcDbLine
 10
2157.187940588526
 20
2021.915226978324
 30
0.0
 11
2157.367940588526
 21
2021.915226978324
 31
0.0
  0
SOLID
  5
112C
330
1125
100
AcDbEntity
  8
Diámetros
 62
     0
440
 16777216
100
AcDbTrace
 10
2156.827940588526
 20
2021.945226978324
 30
0.0
 11
2156.827940588526
 21
2021.885226978324
 31
0.0
 12
2157.007940588526
 22
2021.915226978324
 32
0.0
 13
2157.007940588526
 23
2021.915226978324
 33
0.0
  0
SOLID
  5
112D
330
1125
100
AcDbEntity
  8
Diámetros
 62
     0
440
 16777216
100
AcDbTrace
 10
2157.187940588526
 20
2021.945226978324
 30
0.0
 11
2157.187940588526
 21
2021.885226978324
 31
0.0
 12
2157.007940588526
 22
2021.915226978324
 32
0.0
 13
2157.007940588526
 23
2021.915226978324
 33
0.0
  0
MTEXT
  5
112E
330
1125
100
AcDbEntity
  8
Diámetros
 62
     0
440
 16777216
100
AcDbMText
 10
2157.491092020995
 20
2021.915226978324
 30
0.0
 40
0.18
 41
0.0
 46
0.0
 71
     5
 72
     1
  1
\A1;1
 73
     1
 44
1.0
  0
POINT
  5
112F
330
1125
100
AcDbEntity
  8
Defpoints
 62
     0
440
 16777216
100
AcDbPoint
 10
2157.007940588526
 20
2021.289118161499
 30
0.0
  0
POINT
  5
1130
330
1125
100
AcDbEntity
  8
Defpoints
 62
     0
440
 16777216
100
AcDbPoint
 10
2157.007940588526
 20
2021.289118161499
 30
-1.0
  0
POINT
  5
1131
330
1125
100
AcDbEntity
  8
Defpoints
 62
     0
440
 16777216
100
AcDbPoint
 10
2157.007940588526
 20
2021.915226978324
 30
0.0
  0
ENDBLK
  5
1127
330
1125
100
AcDbEntity
  8
0
100
AcDbBlockEnd
  0
BLOCK
  5
1133
330
1132
100
AcDbEntity
  8
0
100
AcDbBlockBegin
  2
*D9
 70
     1
 10
0.0
 20
0.0
 30
0.0
  3
*D9
  1

  0
LINE
  5
1135
330
1132
100
AcDbEntity
  8
Diámetros
 62
     0
440
 16777216
370
    -2
100
AcDbLine
 10
2157.007940588526
 20
1871.351618161964
 30
0.0
 11
2157.007940588526
 21
1873.50794796124
 31
0.0
  0
LINE
  5
1136
330
1132
100
AcDbEntity
  8
Diámetros
 62
     0
440
 16777216
370
    -2
100
AcDbLine
 10
2157.007940588526
 20
1871.351618161964
 30
0.0
 11
2157.007940588526
 21
1873.50794796124
 31
0.0
  0
LINE
  5
1137
330
1132
100
AcDbEntity
  8
Diámetros
 62
     0
440
 16777216
370
    -2
100
AcDbLine
 10
2156.827940588526
 20
1873.32794796124
 30
0.0
 11
2156.647940588526
 21
1873.32794796124
 31
0.0
  0
LINE
  5
1138
330
1132
100
AcDbEntity
  8
Diámetros
 62
     0
440
 16777216
370
    -2
100
AcDbLine
 10
2157.187940588526
 20
1873.32794796124
 30
0.0
 11
2157.367940588526
 21
1873.32794796124
 31
0.0
  0
SOLID
  5
1139
330
1132
100
AcDbEntity
  8
Diámetros
 62
     0
440
 16777216
100
AcDbTrace
 10
2156.827940588526
 20
1873.35794796124
 30
0.0
 11
2156.827940588526
 21
1873.29794796124
 31
0.0
 12
2157.007940588526
 22
1873.32794796124
 32
0.0
 13
2157.007940588526
 23
1873.32794796124
 33
0.0
  0
SOLID
  5
113A
330
1132
100
AcDbEntity
  8
Diámetros
 62
     0
440
 16777216
100
AcDbTrace
 10
2157.187940588526
 20
1873.35794796124
 30
0.0
 11
2157.187940588526
 21
1873.29794796124
 31
0.0
 12
2157.007940588526
 22
1873.32794796124
 32
0.0
 13
2157.007940588526
 23
1873.32794796124
 33
0.0
  0
MTEXT
  5
113B
330
1132
100
AcDbEntity
  8
Diámetros
 62
     0
440
 16777216
100
AcDbMText
 10
2157.586555868199
 20
1873.32794796124
 30
0.0
 40
0.18
 41
3.300470085667863
 46
0.0
 71
     5
 72
     1
  1
\A1;50
 73
     1
 44
1.0
  0
POINT
  5
113C
330
1132
100
AcDbEntity
  8
Defpoints
 62
     0
440
 16777216
100
AcDbPoint
 10
2157.007940588526
 20
1871.289118161964
 30
-0.9999999999972748
  0
POINT
  5
113D
330
1132
100
AcDbEntity
  8
Defpoints
 62
     0
440
 16777216
100
AcDbPoint
 10
2157.007940588526
 20
1871.289118161964
 30
-50.99999999999727
  0
POINT
  5
113E
330
1132
100
AcDbEntity
  8
Defpoints
 62
     0
440
 16777216
100
AcDbPoint
 10
2157.007940588526
 20
1873.32794796124
 30
0.0
  0
ENDBLK
  5
1134
330
1132
100
AcDbEntity
  8
0
100
AcDbBlockEnd
  0
BLOCK
  5
1140
330
113F
100
AcDbEntity
  8
0
100
AcDbBlockBegin
  2
*U10
 70
     1
 10
0.0
 20
0.0
 30
0.0
  3
*U10
  1

  0
LINE
  5
1141
330
113F
100
AcDbEntity
  8
0
100
AcDbLine
 10
0.0
 20
0.0
 30
0.0
 11
0.0
 21
0.0
 31
-1.0
  0
ENDBLK
  5
1142
330
113F
100
AcDbEntity
  8
0
100
AcDbBlockEnd
  0
BLOCK
  5
1144
330
1143
100
AcDbEntity
  8
0
100
AcDbBlockBegin
  2
*U11
 70
     1
 10
0.0
 20
0.0
 30
0.0
  3
*U11
  1

  0
INSERT
  5
1145
330
1143
100
AcDbEntity
  8
Rociadores
  6
ByBlock
347
ED
 62
     0
440
 16777216
370
    -2
380
     1
100
AcDbBlockReference
  2
*U10
 10
0.0
 20
0.0
 30
0.0
  0
INSERT
  5
1146
330
1143
100
AcDbEntity
  8
Rociadores
  6
ByBlock
347
ED
 62
     0
440
 16777216
370
    -2
380
     1
100
AcDbBlockReference
  2
*U10
 10
-0.0000000000000006
 20
-10.0
 30
0.0
  0
INSERT
  5
1147
330
1143
100
AcDbEntity
  8
Rociadores
  6
ByBlock
347
ED
 62
     0
440
 16777216
370
    -2
380
     1
100
AcDbBlockReference
  2
*U10
 10
-0.0000000000000012
 20
-20.0
 30
0.0
  0
INSERT
  5
1148
330
1143
100
AcDbEntity
  8
Rociadores
  6
ByBlock
347
ED
 62
     0
440
 16777216
370
    -2
380
     1
100
AcDbBlockReference
  2
*U10
 10
-0.0000000000000018
 20
-30.0
 30
0.0
  0
INSERT
  5
1149
330
1143
100
AcDbEntity
  8
Rociadores
  6
ByBlock
347
ED
 62
     0
440
 16777216
370
    -2
380
     1
100
AcDbBlockReference
  2
*U10
 10
-0.0000000000000024
 20
-40.0
 30
0.0
  0
INSERT
  5
114A
330
1143
100
AcDbEntity
  8
Rociadores
  6
ByBlock
347
ED
 62
     0
440
 16777216
370
    -2
380
     1
100
AcDbBlockReference
  2
*U10
 10
-0.0000000000000031
 20
-50.0
 30
0.0
  0
INSERT
  5
114B
330
1143
100
AcDbEntity
  8
Rociadores
  6
ByBlock
347
ED
 62
     0
440
 16777216
370
    -2
380
     1
100
AcDbBlockReference
  2
*U10
 10
-0.0000000000000037
 20
-60.0
 30
0.0
  0
INSERT
  5
114C
330
1143
100
AcDbEntity
  8
Rociadores
  6
ByBlock
347
ED
 62
     0
440
 16777216
370
    -2
380
     1
100
AcDbBlockReference
  2
*U10
 10
-0.0000000000000043
 20
-70.0
 30
0.0
  0
INSERT
  5
114D
330
1143
100
AcDbEntity
  8
Rociadores
  6
ByBlock
347
ED
 62
     0
440
 16777216
370
    -2
380
     1
100
AcDbBlockReference
  2
*U10
 10
-0.0000000000000049
 20
-80.0
 30
0.0
  0
INSERT
  5
114E
330
1143
100
AcDbEntity
  8
Rociadores
  6
ByBlock
347
ED
 62
     0
440
 16777216
370
    -2
380
     1
100
AcDbBlockReference
  2
*U10
 10
-0.0000000000000055
 20
-90.0
 30
0.0
  0
INSERT
  5
114F
330
1143
100
AcDbEntity
  8
Rociadores
  6
ByBlock
347
ED
 62
     0
440
 16777216
370
    -2
380
     1
100
AcDbBlockReference
  2
*U10
 10
-0.0000000000000061
 20
-100.0
 30
0.0
  0
INSERT
  5
1150
330
1143
100
AcDbEntity
  8
Rociadores
  6
ByBlock
347
ED
 62
     0
440
 16777216
370
    -2
380
     1
100
AcDbBlockReference
  2
*U10
 10
-0.0000000000000067
 20
-110.0
 30
0.0
  0
INSERT
  5
1151
330
1143
100
AcDbEntity
  8
Rociadores
  6
ByBlock
347
ED
 62
     0
440
 16777216
370
    -2
380
     1
100
AcDbBlockReference
  2
*U10
 10
-0.0000000000000073
 20
-120.0
 30
0.0
  0
INSERT
  5
1152
330
1143
100
AcDbEntity
  8
Rociadores
  6
ByBlock
347
ED
 62
     0
440
 16777216
370
    -2
380
     1
100
AcDbBlockReference
  2
*U10
 10
-0.000000000000008
 20
-130.0
 30
0.0
  0
INSERT
  5
1153
330
1143
100
AcDbEntity
  8
Rociadores
  6
ByBlock
347
ED
 62
     0
440
 16777216
370
    -2
380
     1
100
AcDbBlockReference
  2
*U10
 10
-0.0000000000000086
 20
-140.0
 30
0.0
  0
INSERT
  5
1154
330
1143
100
AcDbEntity
  8
Rociadores
  6
ByBlock
347
ED
 62
     0
440
 16777216
370
    -2
380
     1
100
AcDbBlockReference
  2
*U10
 10
-0.0000000000000092
 20
-150.0
 30
0.0
  0
INSERT
  5
1155
330
1143
100
AcDbEntity
  8
Rociadores
  6
ByBlock
347
ED
 62
     0
440
 16777216
370
    -2
380
     1
100
AcDbBlockReference
  2
*U10
 10
-0.0000000000000098
 20
-160.0
 30
0.0
  0
INSERT
  5
1156
330
1143
100
AcDbEntity
  8
Rociadores
  6
ByBlock
347
ED
 62
     0
440
 16777216
370
    -2
380
     1
100
AcDbBlockReference
  2
*U10
 10
-0.0000000000000104
 20
-170.0
 30
0.0
  0
INSERT
  5
1157
330
1143
100
AcDbEntity
  8
Rociadores
  6
ByBlock
347
ED
 62
     0
440
 16777216
370
    -2
380
     1
100
AcDbBlockReference
  2
*U10
 10
-0.000000000000011
 20
-180.0
 30
0.0
  0
INSERT
  5
1158
330
1143
100
AcDbEntity
  8
Rociadores
  6
ByBlock
347
ED
 62
     0
440
 16777216
370
    -2
380
     1
100
AcDbBlockReference
  2
*U10
 10
-0.0000000000000116
 20
-190.0
 30
0.0
  0
INSERT
  5
1159
330
1143
100
AcDbEntity
  8
Rociadores
  6
ByBlock
347
ED
 62
     0
440
 16777216
370
    -2
380
     1
100
AcDbBlockReference
  2
*U10
 10
-0.0000000000000122
 20
-200.0
 30
0.0
  0
INSERT
  5
115A
330
1143
100
AcDbEntity
  8
Rociadores
  6
ByBlock
347
ED
 62
     0
440
 16777216
370
    -2
380
     1
100
AcDbBlockReference
  2
*U10
 10
-0.0000000000000129
 20
-210.0
 30
0.0
  0
INSERT
  5
115B
330
1143
100
AcDbEntity
  8
Rociadores
  6
ByBlock
347
ED
 62
     0
440
 16777216
370
    -2
380
     1
100
AcDbBlockReference
  2
*U10
 10
-0.0000000000000135
 20
-220.0
 30
0.0
  0
INSERT
  5
115C
330
1143
100
AcDbEntity
  8
Rociadores
  6
ByBlock
347
ED
 62
     0
440
 16777216
370
    -2
380
     1
100
AcDbBlockReference
  2
*U10
 10
-0.0000000000000141
 20
-230.0
 30
0.0
  0
INSERT
  5
115D
330
1143
100
AcDbEntity
  8
Rociadores
  6
ByBlock
347
ED
 62
     0
440
 16777216
370
    -2
380
     1
100
AcDbBlockReference
  2
*U10
 10
-0.0000000000000147
 20
-240.0
 30
0.0
  0
INSERT
  5
115E
330
1143
100
AcDbEntity
  8
Rociadores
  6
ByBlock
347
ED
 62
     0
440
 16777216
370
    -2
380
     1
100
AcDbBlockReference
  2
*U10
 10
-0.0000000000000153
 20
-250.0
 30
0.0
  0
INSERT
  5
115F
330
1143
100
AcDbEntity
  8
Rociadores
  6
ByBlock
347
ED
 62
     0
440
 16777216
370
    -2
380
     1
100
AcDbBlockReference
  2
*U10
 10
-0.0000000000000159
 20
-260.0
 30
0.0
  0
INSERT
  5
1160
330
1143
100
AcDbEntity
  8
Rociadores
  6
ByBlock
347
ED
 62
     0
440
 16777216
370
    -2
380
     1
100
AcDbBlockReference
  2
*U10
 10
-0.0000000000000165
 20
-270.0
 30
0.0
  0
INSERT
  5
1161
330
1143
100
AcDbEntity
  8
Rociadores
  6
ByBlock
347
ED
 62
     0
440
 16777216
370
    -2
380
     1
100
AcDbBlockReference
  2
*U10
 10
-0.0000000000000171
 20
-280.0
 30
0.0
  0
INSERT
  5
1162
330
1143
100
AcDbEntity
  8
Rociadores
  6
ByBlock
347
ED
 62
     0
440
 16777216
370
    -2
380
     1
100
AcDbBlockReference
  2
*U10
 10
-0.0000000000000178
 20
-290.0
 30
0.0
  0
INSERT
  5
1163
330
1143
100
AcDbEntity
  8
Rociadores
  6
ByBlock
347
ED
 62
     0
440
 16777216
370
    -2
380
     1
100
AcDbBlockReference
  2
*U10
 10
-0.0000000000000184
 20
-300.0
 30
0.0
  0
ENDBLK
  5
1164
330
1143
100
AcDbEntity
  8
0
100
AcDbBlockEnd
  0
BLOCK
  5
1166
330
1165
100
AcDbEntity
  8
0
100
AcDbBlockBegin
  2
*U12
 70
     1
 10
0.0
 20
0.0
 30
0.0
  3
*U12
  1

  0
LINE
  5
1167
330
1165
100
AcDbEntity
  8
0
100
AcDbLine
 10
0.0
 20
0.0
 30
0.0
 11
0.0
 21
0.0
 31
-1.0
  0
ENDBLK
  5
1168
330
1165
100
AcDbEntity
  8
0
100
AcDbBlockEnd
  0
BLOCK
  5
116A
330
1169
100
AcDbEntity
  8
0
100
AcDbBlockBegin
  2
*U13
 70
     1
 10
0.0
 20
0.0
 30
0.0
  3
*U13
  1

  0
INSERT
  5
116B
330
1169
100
AcDbEntity
  8
Rociadores
  6
ByBlock
347
ED
 62
     0
440
 16777216
370
    -2
380
     1
100
AcDbBlockReference
  2
*U12
 10
0.0
 20
0.0
 30
0.0
  0
INSERT
  5
116C
330
1169
100
AcDbEntity
  8
Rociadores
  6
ByBlock
347
ED
 62
     0
440
 16777216
370
    -2
380
     1
100
AcDbBlockReference
  2
*U12
 10
-0.0000000000000006
 20
-10.0
 30
0.0
  0
INSERT
  5
116D
330
1169
100
AcDbEntity
  8
Rociadores
  6
ByBlock
347
ED
 62
     0
440
 16777216
370
    -2
380
     1
100
AcDbBlockReference
  2
*U12
 10
-0.0000000000000012
 20
-20.0
 30
0.0
  0
INSERT
  5
116E
330
1169
100
AcDbEntity
  8
Rociadores
  6
ByBlock
347
ED
 62
     0
440
 16777216
370
    -2
380
     1
100
AcDbBlockReference
  2
*U12
 10
-0.0000000000000018
 20
-30.0
 30
0.0
  0
INSERT
  5
116F
330
1169
100
AcDbEntity
  8
Rociadores
  6
ByBlock
347
ED
 62
     0
440
 16777216
370
    -2
380
     1
100
AcDbBlockReference
  2
*U12
 10
-0.0000000000000024
 20
-40.0
 30
0.0
  0
INSERT
  5
1170
330
1169
100
AcDbEntity
  8
Rociadores
  6
ByBlock
347
ED
 62
     0
440
 16777216
370
    -2
380
     1
100
AcDbBlockReference
  2
*U12
 10
-0.0000000000000031
 20
-50.0
 30
0.0
  0
INSERT
  5
1171
330
1169
100
AcDbEntity
  8
Rociadores
  6
ByBlock
347
ED
 62
     0
440
 16777216
370
    -2
380
     1
100
AcDbBlockReference
  2
*U12
 10
-0.0000000000000037
 20
-60.0
 30
0.0
  0
INSERT
  5
1172
330
1169
100
AcDbEntity
  8
Rociadores
  6
ByBlock
347
ED
 62
     0
440
 16777216
370
    -2
380
     1
100
AcDbBlockReference
  2
*U12
 10
-0.0000000000000043
 20
-70.0
 30
0.0
  0
INSERT
  5
1173
330
1169
100
AcDbEntity
  8
Rociadores
  6
ByBlock
347
ED
 62
     0
440
 16777216
370
    -2
380
     1
100
AcDbBlockReference
  2
*U12
 10
-0.0000000000000049
 20
-80.0
 30
0.0
  0
INSERT
  5
1174
330
1169
100
AcDbEntity
  8
Rociadores
  6
ByBlock
347
ED
 62
     0
440
 16777216
370
    -2
380
     1
100
AcDbBlockReference
  2
*U12
 10
-0.0000000000000055
 20
-90.0
 30
0.0
  0
INSERT
  5
1175
330
1169
100
AcDbEntity
  8
Rociadores
  6
ByBlock
347
ED
 62
     0
440
 16777216
370
    -2
380
     1
100
AcDbBlockReference
  2
*U12
 10
-0.0000000000000061
 20
-100.0
 30
0.0
  0
INSERT
  5
1176
330
1169
100
AcDbEntity
  8
Rociadores
  6
ByBlock
347
ED
 62
     0
440
 16777216
370
    -2
380
     1
100
AcDbBlockReference
  2
*U12
 10
-0.0000000000000067
 20
-110.0
 30
0.0
  0
INSERT
  5
1177
330
1169
100
AcDbEntity
  8
Rociadores
  6
ByBlock
347
ED
 62
     0
440
 16777216
370
    -2
380
     1
100
AcDbBlockReference
  2
*U12
 10
-0.0000000000000073
 20
-120.0
 30
0.0
  0
INSERT
  5
1178
330
1169
100
AcDbEntity
  8
Rociadores
  6
ByBlock
347
ED
 62
     0
440
 16777216
370
    -2
380
     1
100
AcDbBlockReference
  2
*U12
 10
-0.000000000000008
 20
-130.0
 30
0.0
  0
INSERT
  5
1179
330
1169
100
AcDbEntity
  8
Rociadores
  6
ByBlock
347
ED
 62
     0
440
 16777216
370
    -2
380
     1
100
AcDbBlockReference
  2
*U12
 10
-0.0000000000000086
 20
-140.0
 30
0.0
  0
INSERT
  5
117A
330
1169
100
AcDbEntity
  8
Rociadores
  6
ByBlock
347
ED
 62
     0
440
 16777216
370
    -2
380
     1
100
AcDbBlockReference
  2
*U12
 10
-0.0000000000000092
 20
-150.0
 30
0.0
  0
INSERT
  5
117B
330
1169
100
AcDbEntity
  8
Rociadores
  6
ByBlock
347
ED
 62
     0
440
 16777216
370
    -2
380
     1
100
AcDbBlockReference
  2
*U12
 10
-0.0000000000000098
 20
-160.0
 30
0.0
  0
INSERT
  5
117C
330
1169
100
AcDbEntity
  8
Rociadores
  6
ByBlock
347
ED
 62
     0
440
 16777216
370
    -2
380
     1
100
AcDbBlockReference
  2
*U12
 10
-0.0000000000000104
 20
-170.0
 30
0.0
  0
INSERT
  5
117D
330
1169
100
AcDbEntity
  8
Rociadores
  6
ByBlock
347
ED
 62
     0
440
 16777216
370
    -2
380
     1
100
AcDbBlockReference
  2
*U12
 10
-0.000000000000011
 20
-180.0
 30
0.0
  0
INSERT
  5
117E
330
1169
100
AcDbEntity
  8
Rociadores
  6
ByBlock
347
ED
 62
     0
440
 16777216
370
    -2
380
     1
100
AcDbBlockReference
  2
*U12
 10
-0.0000000000000116
 20
-190.0
 30
0.0
  0
INSERT
  5
117F
330
1169
100
AcDbEntity
  8
Rociadores
  6
ByBlock
347
ED
 62
     0
440
 16777216
370
    -2
380
     1
100
AcDbBlockReference
  2
*U12
 10
-0.0000000000000122
 20
-200.0
 30
0.0
  0
INSERT
  5
1180
330
1169
100
AcDbEntity
  8
Rociadores
  6
ByBlock
347
ED
 62
     0
440
 16777216
370
    -2
380
     1
100
AcDbBlockReference
  2
*U12
 10
-0.0000000000000129
 20
-210.0
 30
0.0
  0
INSERT
  5
1181
330
1169
100
AcDbEntity
  8
Rociadores
  6
ByBlock
347
ED
 62
     0
440
 16777216
370
    -2
380
     1
100
AcDbBlockReference
  2
*U12
 10
-0.0000000000000135
 20
-220.0
 30
0.0
  0
INSERT
  5
1182
330
1169
100
AcDbEntity
  8
Rociadores
  6
ByBlock
347
ED
 62
     0
440
 16777216
370
    -2
380
     1
100
AcDbBlockReference
  2
*U12
 10
-0.0000000000000141
 20
-230.0
 30
0.0
  0
INSERT
  5
1183
330
1169
100
AcDbEntity
  8
Rociadores
  6
ByBlock
347
ED
 62
     0
440
 16777216
370
    -2
380
     1
100
AcDbBlockReference
  2
*U12
 10
-0.0000000000000147
 20
-240.0
 30
0.0
  0
INSERT
  5
1184
330
1169
100
AcDbEntity
  8
Rociadores
  6
ByBlock
347
ED
 62
     0
440
 16777216
370
    -2
380
     1
100
AcDbBlockReference
  2
*U12
 10
-0.0000000000000153
 20
-250.0
 30
0.0
  0
INSERT
  5
1185
330
1169
100
AcDbEntity
  8
Rociadores
  6
ByBlock
347
ED
 62
     0
440
 16777216
370
    -2
380
     1
100
AcDbBlockReference
  2
*U12
 10
-0.0000000000000159
 20
-260.0
 30
0.0
  0
INSERT
  5
1186
330
1169
100
AcDbEntity
  8
Rociadores
  6
ByBlock
347
ED
 62
     0
440
 16777216
370
    -2
380
     1
100
AcDbBlockReference
  2
*U12
 10
-0.0000000000000165
 20
-270.0
 30
0.0
  0
INSERT
  5
1187
330
1169
100
AcDbEntity
  8
Rociadores
  6
ByBlock
347
ED
 62
     0
440
 16777216
370
    -2
380
     1
100
AcDbBlockReference
  2
*U12
 10
-0.0000000000000171
 20
-280.0
 30
0.0
  0
INSERT
  5
1188
330
1169
100
AcDbEntity
  8
Rociadores
  6
ByBlock
347
ED
 62
     0
440
 16777216
370
    -2
380
     1
100
AcDbBlockReference
  2
*U12
 10
-0.0000000000000178
 20
-290.0
 30
0.0
  0
ENDBLK
  5
1189
330
1169
100
AcDbEntity
  8
0
100
AcDbBlockEnd
  0
BLOCK
  5
118B
330
118A
100
AcDbEntity
  8
0
100
AcDbBlockBegin
  2
*D14
 70
     1
 10
0.0
 20
0.0
 30
0.0
  3
*D14
  1

  0
LINE
  5
118C
330
118A
100
AcDbEntity
  8
Diámetros
 62
     0
440
 16777216
370
    -2
100
AcDbLine
 10
-3131382.568569078
 20
3591639.252806859
 30
0.0
 11
-3131382.568569078
 21
3591639.789589003
 31
0.0
  0
LINE
  5
118D
330
118A
100
AcDbEntity
  8
Diámetros
 62
     0
440
 16777216
370
    -2
100
AcDbLine
 10
-3131385.06856908
 20
3591639.252806859
 30
0.0
 11
-3131385.06856908
 21
3591639.789589003
 31
0.0
  0
LINE
  5
118E
330
118A
100
AcDbEntity
  8
Diámetros
 62
     0
440
 16777216
370
    -2
100
AcDbLine
 10
-3131382.748569079
 20
3591639.609589003
 30
0.0
 11
-3131383.493562258
 21
3591639.609589003
 31
0.0
  0
LINE
  5
118F
330
118A
100
AcDbEntity
  8
Diámetros
 62
     0
440
 16777216
370
    -2
100
AcDbLine
 10
-3131384.888569079
 20
3591639.609589003
 30
0.0
 11
-3131384.1435759
 21
3591639.609589003
 31
0.0
  0
SOLID
  5
1190
330
118A
100
AcDbEntity
  8
Diámetros
 62
     0
440
 16777216
100
AcDbTrace
 10
-3131382.748569079
 20
3591639.639589002
 30
0.0
 11
-3131382.748569079
 21
3591639.579589003
 31
0.0
 12
-3131382.568569078
 22
3591639.609589003
 32
0.0
 13
-3131382.568569078
 23
3591639.609589003
 33
0.0
  0
SOLID
  5
1191
330
118A
100
AcDbEntity
  8
Diámetros
 62
     0
440
 16777216
100
AcDbTrace
 10
-3131384.888569079
 20
3591639.639589002
 30
0.0
 11
-3131384.888569079
 21
3591639.579589003
 31
0.0
 12
-3131385.06856908
 22
3591639.609589003
 32
0.0
 13
-3131385.06856908
 23
3591639.609589003
 33
0.0
  0
MTEXT
  5
1192
330
118A
100
AcDbEntity
  8
Diámetros
 62
     0
440
 16777216
100
AcDbMText
 10
-3131383.818569079
 20
3591639.609589003
 30
0.0
 40
0.18
 41
0.0
 46
0.0
 71
     5
 72
     1
  1
\A1;2,50
 73
     1
 44
1.0
  0
POINT
  5
1193
330
118A
100
AcDbEntity
  8
Defpoints
 62
     0
440
 16777216
100
AcDbPoint
 10
-3131382.568569078
 20
3591639.190306858
 30
0.0
  0
POINT
  5
1194
330
118A
100
AcDbEntity
  8
Defpoints
 62
     0
440
 16777216
100
AcDbPoint
 10
-3131385.06856908
 20
3591639.190306858
 30
0.0
  0
POINT
  5
1195
330
118A
100
AcDbEntity
  8
Defpoints
 62
     0
440
 16777216
100
AcDbPoint
 10
-3131385.06856908
 20
3591639.609589003
 30
0.0
  0
ENDBLK
  5
1196
330
118A
100
AcDbEntity
  8
0
100
AcDbBlockEnd
  0
BLOCK
  5
1198
330
1197
100
AcDbEntity
  8
0
100
AcDbBlockBegin
  2
*U15
 70
     1
 10
0.0
 20
0.0
 30
0.0
  3
*U15
  1

  0
DIMENSION
  5
1199
330
1197
100
AcDbEntity
  8
Diámetros
100
AcDbDimension
280
     0
  2
*D14
 10
3131383.818569079
 20
-3591339.070665787
 30
1.0
 11
3131385.068569079
 21
-3591339.070665787
 31
1.0
 12
6262768.887138157
 22
-7182978.680254789
 32
1.0
 70
   128
 71
     5
 42
2.500000000931318
 73
     0
 74
     0
 75
     0
  3
Standard
100
AcDbAlignedDimension
 13
3131386.31856908
 23
-3591339.48994793
 33
1.0
 14
3131383.818569079
 24
-3591339.489947932
 34
1.0
100
AcDbRotatedDimension
  0
ENDBLK
  5
119A
330
1197
100
AcDbEntity
  8
0
100
AcDbBlockEnd
  0
BLOCK
  5
119C
330
119B
100
AcDbEntity
  8
0
100
AcDbBlockBegin
  2
*U16
 70
     1
 10
0.0
 20
0.0
 30
0.0
  3
*U16
  1

  0
INSERT
  5
119D
330
119B
100
AcDbEntity
  8
0
  6
ByBlock
347
ED
 62
     0
440
 16777216
370
    -2
380
     1
100
AcDbBlockReference
  2
*U15
 10
0.0
 20
0.0
 30
0.0
  0
INSERT
  5
119E
330
119B
100
AcDbEntity
  8
0
  6
ByBlock
347
ED
 62
     0
440
 16777216
370
    -2
380
     1
100
AcDbBlockReference
  2
*U15
 10
0.0000000000000006
 20
10.0
 30
0.0
  0
INSERT
  5
119F
330
119B
100
AcDbEntity
  8
0
  6
ByBlock
347
ED
 62
     0
440
 16777216
370
    -2
380
     1
100
AcDbBlockReference
  2
*U15
 10
0.0000000000000012
 20
20.0
 30
0.0
  0
INSERT
  5
11A0
330
119B
100
AcDbEntity
  8
0
  6
ByBlock
347
ED
 62
     0
440
 16777216
370
    -2
380
     1
100
AcDbBlockReference
  2
*U15
 10
0.0000000000000018
 20
30.0
 30
0.0
  0
INSERT
  5
11A1
330
119B
100
AcDbEntity
  8
0
  6
ByBlock
347
ED
 62
     0
440
 16777216
370
    -2
380
     1
100
AcDbBlockReference
  2
*U15
 10
0.0000000000000024
 20
40.0
 30
0.0
  0
INSERT
  5
11A2
330
119B
100
AcDbEntity
  8
0
  6
ByBlock
347
ED
 62
     0
440
 16777216
370
    -2
380
     1
100
AcDbBlockReference
  2
*U15
 10
0.0000000000000031
 20
50.0
 30
0.0
  0
INSERT
  5
11A3
330
119B
100
AcDbEntity
  8
0
  6
ByBlock
347
ED
 62
     0
440
 16777216
370
    -2
380
     1
100
AcDbBlockReference
  2
*U15
 10
0.0000000000000037
 20
60.0
 30
0.0
  0
INSERT
  5
11A4
330
119B
100
AcDbEntity
  8
0
  6
ByBlock
347
ED
 62
     0
440
 16777216
370
    -2
380
     1
100
AcDbBlockReference
  2
*U15
 10
0.0000000000000043
 20
70.0
 30
0.0
  0
INSERT
  5
11A5
330
119B
100
AcDbEntity
  8
0
  6
ByBlock
347
ED
 62
     0
440
 16777216
370
    -2
380
     1
100
AcDbBlockReference
  2
*U15
 10
0.0000000000000049
 20
80.0
 30
0.0
  0
INSERT
  5
11A6
330
119B
100
AcDbEntity
  8
0
  6
ByBlock
347
ED
 62
     0
440
 16777216
370
    -2
380
     1
100
AcDbBlockReference
  2
*U15
 10
0.0000000000000055
 20
90.0
 30
0.0
  0
INSERT
  5
11A7
330
119B
100
AcDbEntity
  8
0
  6
ByBlock
347
ED
 62
     0
440
 16777216
370
    -2
380
     1
100
AcDbBlockReference
  2
*U15
 10
0.0000000000000061
 20
100.0
 30
0.0
  0
INSERT
  5
11A8
330
119B
100
AcDbEntity
  8
0
  6
ByBlock
347
ED
 62
     0
440
 16777216
370
    -2
380
     1
100
AcDbBlockReference
  2
*U15
 10
0.0000000000000067
 20
110.0
 30
0.0
  0
INSERT
  5
11A9
330
119B
100
AcDbEntity
  8
0
  6
ByBlock
347
ED
 62
     0
440
 16777216
370
    -2
380
     1
100
AcDbBlockReference
  2
*U15
 10
0.0000000000000073
 20
120.0
 30
0.0
  0
INSERT
  5
11AA
330
119B
100
AcDbEntity
  8
0
  6
ByBlock
347
ED
 62
     0
440
 16777216
370
    -2
380
     1
100
AcDbBlockReference
  2
*U15
 10
0.000000000000008
 20
130.0
 30
0.0
  0
INSERT
  5
11AB
330
119B
100
AcDbEntity
  8
0
  6
ByBlock
347
ED
 62
     0
440
 16777216
370
    -2
380
     1
100
AcDbBlockReference
  2
*U15
 10
0.0000000000000086
 20
140.0
 30
0.0
  0
INSERT
  5
11AC
330
119B
100
AcDbEntity
  8
0
  6
ByBlock
347
ED
 62
     0
440
 16777216
370
    -2
380
     1
100
AcDbBlockReference
  2
*U15
 10
0.0000000000000092
 20
150.0
 30
0.0
  0
INSERT
  5
11AD
330
119B
100
AcDbEntity
  8
0
  6
ByBlock
347
ED
 62
     0
440
 16777216
370
    -2
380
     1
100
AcDbBlockReference
  2
*U15
 10
0.0000000000000098
 20
160.0
 30
0.0
  0
INSERT
  5
11AE
330
119B
100
AcDbEntity
  8
0
  6
ByBlock
347
ED
 62
     0
440
 16777216
370
    -2
380
     1
100
AcDbBlockReference
  2
*U15
 10
0.0000000000000104
 20
170.0
 30
0.0
  0
INSERT
  5
11AF
330
119B
100
AcDbEntity
  8
0
  6
ByBlock
347
ED
 62
     0
440
 16777216
370
    -2
380
     1
100
AcDbBlockReference
  2
*U15
 10
0.000000000000011
 20
180.0
 30
0.0
  0
INSERT
  5
11B0
330
119B
100
AcDbEntity
  8
0
  6
ByBlock
347
ED
 62
     0
440
 16777216
370
    -2
380
     1
100
AcDbBlockReference
  2
*U15
 10
0.0000000000000116
 20
190.0
 30
0.0
  0
INSERT
  5
11B1
330
119B
100
AcDbEntity
  8
0
  6
ByBlock
347
ED
 62
     0
440
 16777216
370
    -2
380
     1
100
AcDbBlockReference
  2
*U15
 10
0.0000000000000122
 20
200.0
 30
0.0
  0
INSERT
  5
11B2
330
119B
100
AcDbEntity
  8
0
  6
ByBlock
347
ED
 62
     0
440
 16777216
370
    -2
380
     1
100
AcDbBlockReference
  2
*U15
 10
0.0000000000000129
 20
210.0
 30
0.0
  0
INSERT
  5
11B3
330
119B
100
AcDbEntity
  8
0
  6
ByBlock
347
ED
 62
     0
440
 16777216
370
    -2
380
     1
100
AcDbBlockReference
  2
*U15
 10
0.0000000000000135
 20
220.0
 30
0.0
  0
INSERT
  5
11B4
330
119B
100
AcDbEntity
  8
0
  6
ByBlock
347
ED
 62
     0
440
 16777216
370
    -2
380
     1
100
AcDbBlockReference
  2
*U15
 10
0.0000000000000141
 20
230.0
 30
0.0
  0
INSERT
  5
11B5
330
119B
100
AcDbEntity
  8
0
  6
ByBlock
347
ED
 62
     0
440
 16777216
370
    -2
380
     1
100
AcDbBlockReference
  2
*U15
 10
0.0000000000000147
 20
240.0
 30
0.0
  0
INSERT
  5
11B6
330
119B
100
AcDbEntity
  8
0
  6
ByBlock
347
ED
 62
     0
440
 16777216
370
    -2
380
     1
100
AcDbBlockReference
  2
*U15
 10
0.0000000000000153
 20
250.0
 30
0.0
  0
INSERT
  5
11B7
330
119B
100
AcDbEntity
  8
0
  6
ByBlock
347
ED
 62
     0
440
 16777216
370
    -2
380
     1
100
AcDbBlockReference
  2
*U15
 10
0.0000000000000159
 20
260.0
 30
0.0
  0
INSERT
  5
11B8
330
119B
100
AcDbEntity
  8
0
  6
ByBlock
347
ED
 62
     0
440
 16777216
370
    -2
380
     1
100
AcDbBlockReference
  2
*U15
 10
0.0000000000000165
 20
270.0
 30
0.0
  0
INSERT
  5
11B9
330
119B
100
AcDbEntity
  8
0
  6
ByBlock
347
ED
 62
     0
440
 16777216
370
    -2
380
     1
100
AcDbBlockReference
  2
*U15
 10
0.0000000000000171
 20
280.0
 30
0.0
  0
INSERT
  5
11BA
330
119B
100
AcDbEntity
  8
0
  6
ByBlock
347
ED
 62
     0
440
 16777216
370
    -2
380
     1
100
AcDbBlockReference
  2
*U15
 10
0.0000000000000178
 20
290.0
 30
0.0
  0
INSERT
  5
11BB
330
119B
100
AcDbEntity
  8
0
  6
ByBlock
347
ED
 62
     0
440
 16777216
370
    -2
380
     1
100
AcDbBlockReference
  2
*U15
 10
0.0000000000000184
 20
300.0
 30
0.0
  0
ENDBLK
  5
11BC
330
119B
100
AcDbEntity
  8
0
100
AcDbBlockEnd
  0
BLOCK
  5
11BE
330
11BD
100
AcDbEntity
  8
0
100
AcDbBlockBegin
  2
*D17
 70
     1
 10
0.0
 20
0.0
 30
0.0
  3
*D17
  1

  0
LINE
  5
11BF
330
11BD
100
AcDbEntity
  8
Diámetros
 62
     0
440
 16777216
370
    -2
100
AcDbLine
 10
-3131270.068569079
 20
3591639.252806859
 30
0.0
 11
-3131270.068569079
 21
3591639.996415675
 31
0.0
  0
LINE
  5
11C0
330
11BD
100
AcDbEntity
  8
Diámetros
 62
     0
440
 16777216
370
    -2
100
AcDbLine
 10
-3131270.068569079
 20
3591639.252806859
 30
0.0
 11
-3131270.068569079
 21
3591639.996415675
 31
0.0
  0
LINE
  5
11C1
330
11BD
100
AcDbEntity
  8
Diámetros
 62
     0
440
 16777216
370
    -2
100
AcDbLine
 10
-3131270.24856908
 20
3591639.816415675
 30
0.0
 11
-3131270.428569079
 21
3591639.816415675
 31
0.0
  0
LINE
  5
11C2
330
11BD
100
AcDbEntity
  8
Diámetros
 62
     0
440
 16777216
370
    -2
100
AcDbLine
 10
-3131269.888569079
 20
3591639.816415675
 30
0.0
 11
-3131269.70856908
 21
3591639.816415675
 31
0.0
  0
SOLID
  5
11C3
330
11BD
100
AcDbEntity
  8
Diámetros
 62
     0
440
 16777216
100
AcDbTrace
 10
-3131270.24856908
 20
3591639.846415676
 30
0.0
 11
-3131270.24856908
 21
3591639.786415676
 31
0.0
 12
-3131270.068569079
 22
3591639.816415675
 32
0.0
 13
-3131270.068569079
 23
3591639.816415675
 33
0.0
  0
SOLID
  5
11C4
330
11BD
100
AcDbEntity
  8
Diámetros
 62
     0
440
 16777216
100
AcDbTrace
 10
-3131269.888569079
 20
3591639.846415676
 30
0.0
 11
-3131269.888569079
 21
3591639.786415676
 31
0.0
 12
-3131270.068569079
 22
3591639.816415675
 32
0.0
 13
-3131270.068569079
 23
3591639.816415675
 33
0.0
  0
MTEXT
  5
11C5
330
11BD
100
AcDbEntity
  8
Diámetros
 62
     0
440
 16777216
100
AcDbMText
 10
-3131269.337415233
 20
3591639.816415675
 30
0.0
 40
0.85
 41
0.0
 46
0.0
 71
     5
 72
     1
  1
\A1;1
 73
     1
 44
1.0
  0
POINT
  5
11C6
330
11BD
100
AcDbEntity
  8
Defpoints
 62
     0
440
 16777216
100
AcDbPoint
 10
-3131270.068569079
 20
3591639.190306858
 30
0.0
  0
POINT
  5
11C7
330
11BD
100
AcDbEntity
  8
Defpoints
 62
     0
440
 16777216
100
AcDbPoint
 10
-3131270.068569079
 20
3591639.190306858
 30
-1.0
  0
POINT
  5
11C8
330
11BD
100
AcDbEntity
  8
Defpoints
 62
     0
440
 16777216
100
AcDbPoint
 10
-3131270.068569079
 20
3591639.816415675
 30
0.0
  0
ENDBLK
  5
11C9
330
11BD
100
AcDbEntity
  8
0
100
AcDbBlockEnd
  0
BLOCK
  5
11CB
330
11CA
100
AcDbEntity
  8
0
100
AcDbBlockBegin
  2
*D18
 70
     1
 10
0.0
 20
0.0
 30
0.0
  3
*D18
  1

  0
LINE
  5
11CC
330
11CA
100
AcDbEntity
  8
Diámetros
 62
     0
440
 16777216
370
    -2
100
AcDbLine
 10
-3131270.068569079
 20
3591489.252806859
 30
0.0
 11
-3131270.068569079
 21
3591491.409136658
 31
0.0
  0
LINE
  5
11CD
330
11CA
100
AcDbEntity
  8
Diámetros
 62
     0
440
 16777216
370
    -2
100
AcDbLine
 10
-3131270.068569079
 20
3591489.252806859
 30
0.0
 11
-3131270.068569079
 21
3591491.409136658
 31
0.0
  0
LINE
  5
11CE
330
11CA
100
AcDbEntity
  8
Diámetros
 62
     0
440
 16777216
370
    -2
100
AcDbLine
 10
-3131270.24856908
 20
3591491.229136658
 30
0.0
 11
-3131270.428569079
 21
3591491.229136658
 31
0.0
  0
LINE
  5
11CF
330
11CA
100
AcDbEntity
  8
Diámetros
 62
     0
440
 16777216
370
    -2
100
AcDbLine
 10
-3131269.888569079
 20
3591491.229136658
 30
0.0
 11
-3131269.708569079
 21
3591491.229136658
 31
0.0
  0
SOLID
  5
11D0
330
11CA
100
AcDbEntity
  8
Diámetros
 62
     0
440
 16777216
100
AcDbTrace
 10
-3131270.24856908
 20
3591491.259136657
 30
0.0
 11
-3131270.24856908
 21
3591491.199136658
 31
0.0
 12
-3131270.068569079
 22
3591491.229136658
 32
0.0
 13
-3131270.068569079
 23
3591491.229136658
 33
0.0
  0
SOLID
  5
11D1
330
11CA
100
AcDbEntity
  8
Diámetros
 62
     0
440
 16777216
100
AcDbTrace
 10
-3131269.888569079
 20
3591491.259136657
 30
0.0
 11
-3131269.888569079
 21
3591491.199136658
 31
0.0
 12
-3131270.068569079
 22
3591491.229136658
 32
0.0
 13
-3131270.068569079
 23
3591491.229136658
 33
0.0
  0
MTEXT
  5
11D2
330
11CA
100
AcDbEntity
  8
Diámetros
 62
     0
440
 16777216
100
AcDbMText
 10
-3131268.828868225
 20
3591491.229136658
 30
0.0
 40
0.85
 41
3.300470085667863
 46
0.0
 71
     5
 72
     1
  1
\A1;50
 73
     1
 44
1.0
  0
POINT
  5
11D3
330
11CA
100
AcDbEntity
  8
Defpoints
 62
     0
440
 16777216
100
AcDbPoint
 10
-3131270.068569079
 20
3591489.190306859
 30
-0.9999999999972748
  0
POINT
  5
11D4
330
11CA
100
AcDbEntity
  8
Defpoints
 62
     0
440
 16777216
100
AcDbPoint
 10
-3131270.068569079
 20
3591489.190306859
 30
-50.99999999999727
  0
POINT
  5
11D5
330
11CA
100
AcDbEntity
  8
Defpoints
 62
     0
440
 16777216
100
AcDbPoint
 10
-3131270.068569079
 20
3591491.229136658
 30
0.0
  0
ENDBLK
  5
11D6
330
11CA
100
AcDbEntity
  8
0
100
AcDbBlockEnd
  0
BLOCK
  5
1873
330
11D7
100
AcDbEntity
  8
0
100
AcDbBlockBegin
  2
A$Cc4687c46
 70
     0
 10
0.0
 20
0.0
 30
0.0
  3
A$Cc4687c46
  1

  0
LINE
  5
11D8
330
11D7
100
AcDbEntity
  8
BODEGA
100
AcDbLine
 10
0.0
 20
310.0
 30
0.0
 11
119.999999998603
 21
310.0
 31
0.0
  0
LINE
  5
11D9
330
11D7
100
AcDbEntity
  8
BODEGA
100
AcDbLine
 10
0.0
 20
0.0
 30
0.0
 11
119.999999998603
 21
0.0
 31
0.0
  0
LINE
  5
11DA
330
11D7
100
AcDbEntity
  8
BODEGA
100
AcDbLine
 10
119.999999998603
 20
0.0
 30
0.0
 11
119.999999998603
 21
310.0
 31
0.0
  0
LINE
  5
11DB
330
11D7
100
AcDbEntity
  8
BODEGA
100
AcDbLine
 10
0.0
 20
0.0
 30
0.0
 11
0.0
 21
310.0
 31
0.0
  0
CIRCLE
  5
11DC
330
11D7
100
AcDbEntity
  8
Rociadores
100
AcDbCircle
 10
5.000000000465661
 20
305.0
 30
-1.0
 40
0.6250000009313226
  0
CIRCLE
  5
11DD
330
11D7
100
AcDbEntity
  8
Rociadores
100
AcDbCircle
 10
15.0
 20
305.0
 30
-1.0
 40
0.6250000009313226
  0
CIRCLE
  5
11DE
330
11D7
100
AcDbEntity
  8
Rociadores
100
AcDbCircle
 10
25.0
 20
305.0
 30
-1.0
 40
0.6250000009313226
  0
CIRCLE
  5
11DF
330
11D7
100
AcDbEntity
  8
Rociadores
100
AcDbCircle
 10
35.0
 20
305.0
 30
-1.0
 40
0.6250000009313226
  0
CIRCLE
  5
11E0
330
11D7
100
AcDbEntity
  8
Rociadores
100
AcDbCircle
 10
85.0
 20
305.0
 30
-1.0
 40
0.6250000009313226
  0
CIRCLE
  5
11E1
330
11D7
100
AcDbEntity
  8
Rociadores
100
AcDbCircle
 10
95.0
 20
305.0
 30
-1.0
 40
0.6250000009313226
  0
CIRCLE
  5
11E2
330
11D7
100
AcDbEntity
  8
Rociadores
100
AcDbCircle
 10
105.0
 20
305.0
 30
-1.0
 40
0.6250000009313226
  0
CIRCLE
  5
11E3
330
11D7
100
AcDbEntity
  8
Rociadores
100
AcDbCircle
 10
115.0
 20
305.0
 30
-1.0
 40
0.6250000009313226
  0
CIRCLE
  5
11E4
330
11D7
100
AcDbEntity
  8
Rociadores
100
AcDbCircle
 10
5.000000000465661
 20
295.0
 30
-1.0
 40
0.6250000009313226
  0
CIRCLE
  5
11E5
330
11D7
100
AcDbEntity
  8
Rociadores
100
AcDbCircle
 10
85.0
 20
295.0
 30
-1.0
 40
0.6250000009313226
  0
CIRCLE
  5
11E6
330
11D7
100
AcDbEntity
  8
Rociadores
100
AcDbCircle
 10
95.0
 20
295.0
 30
-1.0
 40
0.6250000009313226
  0
CIRCLE
  5
11E7
330
11D7
100
AcDbEntity
  8
Rociadores
100
AcDbCircle
 10
105.0
 20
295.0
 30
-1.0
 40
0.6250000009313226
  0
CIRCLE
  5
11E8
330
11D7
100
AcDbEntity
  8
Rociadores
100
AcDbCircle
 10
115.0
 20
295.0
 30
-1.0
 40
0.6250000009313226
  0
CIRCLE
  5
11E9
330
11D7
100
AcDbEntity
  8
Rociadores
100
AcDbCircle
 10
5.000000000465661
 20
285.0
 30
-1.0
 40
0.6250000009313226
  0
CIRCLE
  5
11EA
330
11D7
100
AcDbEntity
  8
Rociadores
100
AcDbCircle
 10
85.0
 20
285.0
 30
-1.0
 40
0.6250000009313226
  0
CIRCLE
  5
11EB
330
11D7
100
AcDbEntity
  8
Rociadores
100
AcDbCircle
 10
95.0
 20
285.0
 30
-1.0
 40
0.6250000009313226
  0
CIRCLE
  5
11EC
330
11D7
100
AcDbEntity
  8
Rociadores
100
AcDbCircle
 10
105.0
 20
285.0
 30
-1.0
 40
0.6250000009313226
  0
CIRCLE
  5
11ED
330
11D7
100
AcDbEntity
  8
Rociadores
100
AcDbCircle
 10
115.0
 20
285.0
 30
-1.0
 40
0.6250000009313226
  0
CIRCLE
  5
11EE
330
11D7
100
AcDbEntity
  8
Rociadores
100
AcDbCircle
 10
5.000000000465661
 20
275.0
 30
-1.0
 40
0.6250000009313226
  0
CIRCLE
  5
11EF
330
11D7
100
AcDbEntity
  8
Rociadores
100
AcDbCircle
 10
55.00000000046566
 20
275.0
 30
-1.0
 40
0.6250000009313226
  0
CIRCLE
  5
11F0
330
11D7
100
AcDbEntity
  8
Rociadores
100
AcDbCircle
 10
65.0
 20
275.0
 30
-1.0
 40
0.6250000009313226
  0
CIRCLE
  5
11F1
330
11D7
100
AcDbEntity
  8
Rociadores
100
AcDbCircle
 10
75.0
 20
275.0
 30
-1.0
 40
0.6250000009313226
  0
CIRCLE
  5
11F2
330
11D7
100
AcDbEntity
  8
Rociadores
100
AcDbCircle
 10
85.0
 20
275.0
 30
-1.0
 40
0.6250000009313226
  0
CIRCLE
  5
11F3
330
11D7
100
AcDbEntity
  8
Rociadores
100
AcDbCircle
 10
95.0
 20
275.0
 30
-1.0
 40
0.6250000009313226
  0
CIRCLE
  5
11F4
330
11D7
100
AcDbEntity
  8
Rociadores
100
AcDbCircle
 10
105.0
 20
275.0
 30
-1.0
 40
0.6250000009313226
  0
CIRCLE
  5
11F5
330
11D7
100
AcDbEntity
  8
Rociadores
100
AcDbCircle
 10
115.0
 20
275.0
 30
-1.0
 40
0.6250000009313226
  0
CIRCLE
  5
11F6
330
11D7
100
AcDbEntity
  8
Rociadores
100
AcDbCircle
 10
5.000000000465661
 20
265.0
 30
-1.0
 40
0.6250000009313226
  0
CIRCLE
  5
11F7
330
11D7
100
AcDbEntity
  8
Rociadores
100
AcDbCircle
 10
15.0
 20
265.0
 30
-1.0
 40
0.6250000009313226
  0
CIRCLE
  5
11F8
330
11D7
100
AcDbEntity
  8
Rociadores
100
AcDbCircle
 10
25.0
 20
265.0
 30
-1.0
 40
0.6250000009313226
  0
CIRCLE
  5
11F9
330
11D7
100
AcDbEntity
  8
Rociadores
100
AcDbCircle
 10
35.0
 20
265.0
 30
-1.0
 40
0.6250000009313226
  0
CIRCLE
  5
11FA
330
11D7
100
AcDbEntity
  8
Rociadores
100
AcDbCircle
 10
45.0
 20
265.0
 30
-1.0
 40
0.6250000009313226
  0
CIRCLE
  5
11FB
330
11D7
100
AcDbEntity
  8
Rociadores
100
AcDbCircle
 10
55.00000000046566
 20
265.0
 30
-1.0
 40
0.6250000009313226
  0
CIRCLE
  5
11FC
330
11D7
100
AcDbEntity
  8
Rociadores
100
AcDbCircle
 10
65.0
 20
265.0
 30
-1.0
 40
0.6250000009313226
  0
CIRCLE
  5
11FD
330
11D7
100
AcDbEntity
  8
Rociadores
100
AcDbCircle
 10
75.0
 20
265.0
 30
-1.0
 40
0.6250000009313226
  0
CIRCLE
  5
11FE
330
11D7
100
AcDbEntity
  8
Rociadores
100
AcDbCircle
 10
85.0
 20
265.0
 30
-1.0
 40
0.6250000009313226
  0
CIRCLE
  5
11FF
330
11D7
100
AcDbEntity
  8
Rociadores
100
AcDbCircle
 10
95.0
 20
265.0
 30
-1.0
 40
0.6250000009313226
  0
CIRCLE
  5
1200
330
11D7
100
AcDbEntity
  8
Rociadores
100
AcDbCircle
 10
105.0
 20
265.0
 30
-1.0
 40
0.6250000009313226
  0
CIRCLE
  5
1201
330
11D7
100
AcDbEntity
  8
Rociadores
100
AcDbCircle
 10
115.0
 20
265.0
 30
-1.0
 40
0.6250000009313226
  0
CIRCLE
  5
1202
330
11D7
100
AcDbEntity
  8
Rociadores
100
AcDbCircle
 10
5.000000000465661
 20
255.0
 30
-1.0
 40
0.6250000009313226
  0
CIRCLE
  5
1203
330
11D7
100
AcDbEntity
  8
Rociadores
100
AcDbCircle
 10
15.0
 20
255.0
 30
-1.0
 40
0.6250000009313226
  0
CIRCLE
  5
1204
330
11D7
100
AcDbEntity
  8
Rociadores
100
AcDbCircle
 10
25.0
 20
255.0
 30
-1.0
 40
0.6250000009313226
  0
CIRCLE
  5
1205
330
11D7
100
AcDbEntity
  8
Rociadores
100
AcDbCircle
 10
35.0
 20
255.0
 30
-1.0
 40
0.6250000009313226
  0
CIRCLE
  5
1206
330
11D7
100
AcDbEntity
  8
Rociadores
100
AcDbCircle
 10
45.0
 20
255.0
 30
-1.0
 40
0.6250000009313226
  0
CIRCLE
  5
1207
330
11D7
100
AcDbEntity
  8
Rociadores
100
AcDbCircle
 10
55.00000000046566
 20
255.0
 30
-1.0
 40
0.6250000009313226
  0
CIRCLE
  5
1208
330
11D7
100
AcDbEntity
  8
Rociadores
100
AcDbCircle
 10
65.0
 20
255.0
 30
-1.0
 40
0.6250000009313226
  0
CIRCLE
  5
1209
330
11D7
100
AcDbEntity
  8
Rociadores
100
AcDbCircle
 10
75.0
 20
255.0
 30
-1.0
 40
0.6250000009313226
  0
CIRCLE
  5
120A
330
11D7
100
AcDbEntity
  8
Rociadores
100
AcDbCircle
 10
85.0
 20
255.0
 30
-1.0
 40
0.6250000009313226
  0
CIRCLE
  5
120B
330
11D7
100
AcDbEntity
  8
Rociadores
100
AcDbCircle
 10
95.0
 20
255.0
 30
-1.0
 40
0.6250000009313226
  0
CIRCLE
  5
120C
330
11D7
100
AcDbEntity
  8
Rociadores
100
AcDbCircle
 10
105.0
 20
255.0
 30
-1.0
 40
0.6250000009313226
  0
CIRCLE
  5
120D
330
11D7
100
AcDbEntity
  8
Rociadores
100
AcDbCircle
 10
115.0
 20
255.0
 30
-1.0
 40
0.6250000009313226
  0
CIRCLE
  5
120E
330
11D7
100
AcDbEntity
  8
Rociadores
100
AcDbCircle
 10
5.000000000465661
 20
245.0
 30
-1.0
 40
0.6250000009313226
  0
CIRCLE
  5
120F
330
11D7
100
AcDbEntity
  8
Rociadores
100
AcDbCircle
 10
15.0
 20
245.0
 30
-1.0
 40
0.6250000009313226
  0
CIRCLE
  5
1210
330
11D7
100
AcDbEntity
  8
Rociadores
100
AcDbCircle
 10
25.0
 20
245.0
 30
-1.0
 40
0.6250000009313226
  0
CIRCLE
  5
1211
330
11D7
100
AcDbEntity
  8
Rociadores
100
AcDbCircle
 10
35.0
 20
245.0
 30
-1.0
 40
0.6250000009313226
  0
CIRCLE
  5
1212
330
11D7
100
AcDbEntity
  8
Rociadores
100
AcDbCircle
 10
45.0
 20
245.0
 30
-1.0
 40
0.6250000009313226
  0
CIRCLE
  5
1213
330
11D7
100
AcDbEntity
  8
Rociadores
100
AcDbCircle
 10
55.00000000046566
 20
245.0
 30
-1.0
 40
0.6250000009313226
  0
CIRCLE
  5
1214
330
11D7
100
AcDbEntity
  8
Rociadores
100
AcDbCircle
 10
65.0
 20
245.0
 30
-1.0
 40
0.6250000009313226
  0
CIRCLE
  5
1215
330
11D7
100
AcDbEntity
  8
Rociadores
100
AcDbCircle
 10
75.0
 20
245.0
 30
-1.0
 40
0.6250000009313226
  0
CIRCLE
  5
1216
330
11D7
100
AcDbEntity
  8
Rociadores
100
AcDbCircle
 10
85.0
 20
245.0
 30
-1.0
 40
0.6250000009313226
  0
CIRCLE
  5
1217
330
11D7
100
AcDbEntity
  8
Rociadores
100
AcDbCircle
 10
95.0
 20
245.0
 30
-1.0
 40
0.6250000009313226
  0
CIRCLE
  5
1218
330
11D7
100
AcDbEntity
  8
Rociadores
100
AcDbCircle
 10
105.0
 20
245.0
 30
-1.0
 40
0.6250000009313226
  0
CIRCLE
  5
1219
330
11D7
100
AcDbEntity
  8
Rociadores
100
AcDbCircle
 10
115.0
 20
245.0
 30
-1.0
 40
0.6250000009313226
  0
CIRCLE
  5
121A
330
11D7
100
AcDbEntity
  8
Rociadores
100
AcDbCircle
 10
5.000000000465661
 20
235.0
 30
-1.0
 40
0.6250000009313226
  0
CIRCLE
  5
121B
330
11D7
100
AcDbEntity
  8
Rociadores
100
AcDbCircle
 10
15.0
 20
235.0
 30
-1.0
 40
0.6250000009313226
  0
CIRCLE
  5
121C
330
11D7
100
AcDbEntity
  8
Rociadores
100
AcDbCircle
 10
25.0
 20
235.0
 30
-1.0
 40
0.6250000009313226
  0
CIRCLE
  5
121D
330
11D7
100
AcDbEntity
  8
Rociadores
100
AcDbCircle
 10
35.0
 20
235.0
 30
-1.0
 40
0.6250000009313226
  0
CIRCLE
  5
121E
330
11D7
100
AcDbEntity
  8
Rociadores
100
AcDbCircle
 10
45.0
 20
235.0
 30
-1.0
 40
0.6250000009313226
  0
CIRCLE
  5
121F
330
11D7
100
AcDbEntity
  8
Rociadores
100
AcDbCircle
 10
55.00000000046566
 20
235.0
 30
-1.0
 40
0.6250000009313226
  0
CIRCLE
  5
1220
330
11D7
100
AcDbEntity
  8
Rociadores
100
AcDbCircle
 10
65.0
 20
235.0
 30
-1.0
 40
0.6250000009313226
  0
CIRCLE
  5
1221
330
11D7
100
AcDbEntity
  8
Rociadores
100
AcDbCircle
 10
75.0
 20
235.0
 30
-1.0
 40
0.6250000009313226
  0
CIRCLE
  5
1222
330
11D7
100
AcDbEntity
  8
Rociadores
100
AcDbCircle
 10
85.0
 20
235.0
 30
-1.0
 40
0.6250000009313226
  0
CIRCLE
  5
1223
330
11D7
100
AcDbEntity
  8
Rociadores
100
AcDbCircle
 10
95.0
 20
235.0
 30
-1.0
 40
0.6250000009313226
  0
CIRCLE
  5
1224
330
11D7
100
AcDbEntity
  8
Rociadores
100
AcDbCircle
 10
105.0
 20
235.0
 30
-1.0
 40
0.6250000009313226
  0
CIRCLE
  5
1225
330
11D7
100
AcDbEntity
  8
Rociadores
100
AcDbCircle
 10
115.0
 20
235.0
 30
-1.0
 40
0.6250000009313226
  0
CIRCLE
  5
1226
330
11D7
100
AcDbEntity
  8
Rociadores
100
AcDbCircle
 10
5.000000000465661
 20
225.0
 30
-1.0
 40
0.6250000009313226
  0
CIRCLE
  5
1227
330
11D7
100
AcDbEntity
  8
Rociadores
100
AcDbCircle
 10
15.0
 20
225.0
 30
-1.0
 40
0.6250000009313226
  0
CIRCLE
  5
1228
330
11D7
100
AcDbEntity
  8
Rociadores
100
AcDbCircle
 10
25.0
 20
225.0
 30
-1.0
 40
0.6250000009313226
  0
CIRCLE
  5
1229
330
11D7
100
AcDbEntity
  8
Rociadores
100
AcDbCircle
 10
35.0
 20
225.0
 30
-1.0
 40
0.6250000009313226
  0
CIRCLE
  5
122A
330
11D7
100
AcDbEntity
  8
Rociadores
100
AcDbCircle
 10
45.0
 20
225.0
 30
-1.0
 40
0.6250000009313226
  0
CIRCLE
  5
122B
330
11D7
100
AcDbEntity
  8
Rociadores
100
AcDbCircle
 10
55.00000000046566
 20
225.0
 30
-1.0
 40
0.6250000009313226
  0
CIRCLE
  5
122C
330
11D7
100
AcDbEntity
  8
Rociadores
100
AcDbCircle
 10
65.0
 20
225.0
 30
-1.0
 40
0.6250000009313226
  0
CIRCLE
  5
122D
330
11D7
100
AcDbEntity
  8
Rociadores
100
AcDbCircle
 10
75.0
 20
225.0
 30
-1.0
 40
0.6250000009313226
  0
CIRCLE
  5
122E
330
11D7
100
AcDbEntity
  8
Rociadores
100
AcDbCircle
 10
85.0
 20
225.0
 30
-1.0
 40
0.6250000009313226
  0
CIRCLE
  5
122F
330
11D7
100
AcDbEntity
  8
Rociadores
100
AcDbCircle
 10
95.0
 20
225.0
 30
-1.0
 40
0.6250000009313226
  0
CIRCLE
  5
1230
330
11D7
100
AcDbEntity
  8
Rociadores
100
AcDbCircle
 10
105.0
 20
225.0
 30
-1.0
 40
0.6250000009313226
  0
CIRCLE
  5
1231
330
11D7
100
AcDbEntity
  8
Rociadores
100
AcDbCircle
 10
115.0
 20
225.0
 30
-1.0
 40
0.6250000009313226
  0
CIRCLE
  5
1232
330
11D7
100
AcDbEntity
  8
Rociadores
100
AcDbCircle
 10
5.000000000465661
 20
215.0
 30
-1.0
 40
0.6250000009313226
  0
CIRCLE
  5
1233
330
11D7
100
AcDbEntity
  8
Rociadores
100
AcDbCircle
 10
15.0
 20
215.0
 30
-1.0
 40
0.6250000009313226
  0
CIRCLE
  5
1234
330
11D7
100
AcDbEntity
  8
Rociadores
100
AcDbCircle
 10
25.0
 20
215.0
 30
-1.0
 40
0.6250000009313226
  0
CIRCLE
  5
1235
330
11D7
100
AcDbEntity
  8
Rociadores
100
AcDbCircle
 10
35.0
 20
215.0
 30
-1.0
 40
0.6250000009313226
  0
CIRCLE
  5
1236
330
11D7
100
AcDbEntity
  8
Rociadores
100
AcDbCircle
 10
45.0
 20
215.0
 30
-1.0
 40
0.6250000009313226
  0
CIRCLE
  5
1237
330
11D7
100
AcDbEntity
  8
Rociadores
100
AcDbCircle
 10
55.00000000046566
 20
215.0
 30
-1.0
 40
0.6250000009313226
  0
CIRCLE
  5
1238
330
11D7
100
AcDbEntity
  8
Rociadores
100
AcDbCircle
 10
65.0
 20
215.0
 30
-1.0
 40
0.6250000009313226
  0
CIRCLE
  5
1239
330
11D7
100
AcDbEntity
  8
Rociadores
100
AcDbCircle
 10
75.0
 20
215.0
 30
-1.0
 40
0.6250000009313226
  0
CIRCLE
  5
123A
330
11D7
100
AcDbEntity
  8
Rociadores
100
AcDbCircle
 10
85.0
 20
215.0
 30
-1.0
 40
0.6250000009313226
  0
CIRCLE
  5
123B
330
11D7
100
AcDbEntity
  8
Rociadores
100
AcDbCircle
 10
95.0
 20
215.0
 30
-1.0
 40
0.6250000009313226
  0
CIRCLE
  5
123C
330
11D7
100
AcDbEntity
  8
Rociadores
100
AcDbCircle
 10
105.0
 20
215.0
 30
-1.0
 40
0.6250000009313226
  0
CIRCLE
  5
123D
330
11D7
100
AcDbEntity
  8
Rociadores
100
AcDbCircle
 10
115.0
 20
215.0
 30
-1.0
 40
0.6250000009313226
  0
CIRCLE
  5
123E
330
11D7
100
AcDbEntity
  8
Rociadores
100
AcDbCircle
 10
5.000000000465661
 20
205.0
 30
-1.0
 40
0.6250000009313226
  0
CIRCLE
  5
123F
330
11D7
100
AcDbEntity
  8
Rociadores
100
AcDbCircle
 10
15.0
 20
205.0
 30
-1.0
 40
0.6250000009313226
  0
CIRCLE
  5
1240
330
11D7
100
AcDbEntity
  8
Rociadores
100
AcDbCircle
 10
25.0
 20
205.0
 30
-1.0
 40
0.6250000009313226
  0
CIRCLE
  5
1241
330
11D7
100
AcDbEntity
  8
Rociadores
100
AcDbCircle
 10
35.0
 20
205.0
 30
-1.0
 40
0.6250000009313226
  0
CIRCLE
  5
1242
330
11D7
100
AcDbEntity
  8
Rociadores
100
AcDbCircle
 10
45.0
 20
205.0
 30
-1.0
 40
0.6250000009313226
  0
CIRCLE
  5
1243
330
11D7
100
AcDbEntity
  8
Rociadores
100
AcDbCircle
 10
55.00000000046566
 20
205.0
 30
-1.0
 40
0.6250000009313226
  0
CIRCLE
  5
1244
330
11D7
100
AcDbEntity
  8
Rociadores
100
AcDbCircle
 10
65.0
 20
205.0
 30
-1.0
 40
0.6250000009313226
  0
CIRCLE
  5
1245
330
11D7
100
AcDbEntity
  8
Rociadores
100
AcDbCircle
 10
75.0
 20
205.0
 30
-1.0
 40
0.6250000009313226
  0
CIRCLE
  5
1246
330
11D7
100
AcDbEntity
  8
Rociadores
100
AcDbCircle
 10
85.0
 20
205.0
 30
-1.0
 40
0.6250000009313226
  0
CIRCLE
  5
1247
330
11D7
100
AcDbEntity
  8
Rociadores
100
AcDbCircle
 10
95.0
 20
205.0
 30
-1.0
 40
0.6250000009313226
  0
CIRCLE
  5
1248
330
11D7
100
AcDbEntity
  8
Rociadores
100
AcDbCircle
 10
105.0
 20
205.0
 30
-1.0
 40
0.6250000009313226
  0
CIRCLE
  5
1249
330
11D7
100
AcDbEntity
  8
Rociadores
100
AcDbCircle
 10
115.0
 20
205.0
 30
-1.0
 40
0.6250000009313226
  0
CIRCLE
  5
124A
330
11D7
100
AcDbEntity
  8
Rociadores
100
AcDbCircle
 10
5.000000000465661
 20
195.000000001397
 30
-1.0
 40
0.6250000009313226
  0
CIRCLE
  5
124B
330
11D7
100
AcDbEntity
  8
Rociadores
100
AcDbCircle
 10
15.0
 20
195.000000001397
 30
-1.0
 40
0.6250000009313226
  0
CIRCLE
  5
124C
330
11D7
100
AcDbEntity
  8
Rociadores
100
AcDbCircle
 10
25.0
 20
195.000000001397
 30
-1.0
 40
0.6250000009313226
  0
CIRCLE
  5
124D
330
11D7
100
AcDbEntity
  8
Rociadores
100
AcDbCircle
 10
35.0
 20
195.000000001397
 30
-1.0
 40
0.6250000009313226
  0
CIRCLE
  5
124E
330
11D7
100
AcDbEntity
  8
Rociadores
100
AcDbCircle
 10
45.0
 20
195.000000001397
 30
-1.0
 40
0.6250000009313226
  0
CIRCLE
  5
124F
330
11D7
100
AcDbEntity
  8
Rociadores
100
AcDbCircle
 10
55.00000000046566
 20
195.000000001397
 30
-1.0
 40
0.6250000009313226
  0
CIRCLE
  5
1250
330
11D7
100
AcDbEntity
  8
Rociadores
100
AcDbCircle
 10
65.0
 20
195.000000001397
 30
-1.0
 40
0.6250000009313226
  0
CIRCLE
  5
1251
330
11D7
100
AcDbEntity
  8
Rociadores
100
AcDbCircle
 10
75.0
 20
195.000000001397
 30
-1.0
 40
0.6250000009313226
  0
CIRCLE
  5
1252
330
11D7
100
AcDbEntity
  8
Rociadores
100
AcDbCircle
 10
85.0
 20
195.000000001397
 30
-1.0
 40
0.6250000009313226
  0
CIRCLE
  5
1253
330
11D7
100
AcDbEntity
  8
Rociadores
100
AcDbCircle
 10
95.0
 20
195.000000001397
 30
-1.0
 40
0.6250000009313226
  0
CIRCLE
  5
1254
330
11D7
100
AcDbEntity
  8
Rociadores
100
AcDbCircle
 10
105.0
 20
195.000000001397
 30
-1.0
 40
0.6250000009313226
  0
CIRCLE
  5
1255
330
11D7
100
AcDbEntity
  8
Rociadores
100
AcDbCircle
 10
115.0
 20
195.000000001397
 30
-1.0
 40
0.6250000009313226
  0
CIRCLE
  5
1256
330
11D7
100
AcDbEntity
  8
Rociadores
100
AcDbCircle
 10
5.000000000465661
 20
185.0
 30
-1.0
 40
0.6250000009313226
  0
CIRCLE
  5
1257
330
11D7
100
AcDbEntity
  8
Rociadores
100
AcDbCircle
 10
15.0
 20
185.0
 30
-1.0
 40
0.6250000009313226
  0
CIRCLE
  5
1258
330
11D7
100
AcDbEntity
  8
Rociadores
100
AcDbCircle
 10
25.0
 20
185.0
 30
-1.0
 40
0.6250000009313226
  0
CIRCLE
  5
1259
330
11D7
100
AcDbEntity
  8
Rociadores
100
AcDbCircle
 10
35.0
 20
185.0
 30
-1.0
 40
0.6250000009313226
  0
CIRCLE
  5
125A
330
11D7
100
AcDbEntity
  8
Rociadores
100
AcDbCircle
 10
45.0
 20
185.0
 30
-1.0
 40
0.6250000009313226
  0
CIRCLE
  5
125B
330
11D7
100
AcDbEntity
  8
Rociadores
100
AcDbCircle
 10
55.00000000046566
 20
185.0
 30
-1.0
 40
0.6250000009313226
  0
CIRCLE
  5
125C
330
11D7
100
AcDbEntity
  8
Rociadores
100
AcDbCircle
 10
65.0
 20
185.0
 30
-1.0
 40
0.6250000009313226
  0
CIRCLE
  5
125D
330
11D7
100
AcDbEntity
  8
Rociadores
100
AcDbCircle
 10
75.0
 20
185.0
 30
-1.0
 40
0.6250000009313226
  0
CIRCLE
  5
125E
330
11D7
100
AcDbEntity
  8
Rociadores
100
AcDbCircle
 10
85.0
 20
185.0
 30
-1.0
 40
0.6250000009313226
  0
CIRCLE
  5
125F
330
11D7
100
AcDbEntity
  8
Rociadores
100
AcDbCircle
 10
95.0
 20
185.0
 30
-1.0
 40
0.6250000009313226
  0
CIRCLE
  5
1260
330
11D7
100
AcDbEntity
  8
Rociadores
100
AcDbCircle
 10
105.0
 20
185.0
 30
-1.0
 40
0.6250000009313226
  0
CIRCLE
  5
1261
330
11D7
100
AcDbEntity
  8
Rociadores
100
AcDbCircle
 10
115.0
 20
185.0
 30
-1.0
 40
0.6250000009313226
  0
CIRCLE
  5
1262
330
11D7
100
AcDbEntity
  8
Rociadores
100
AcDbCircle
 10
5.000000000465661
 20
175.0
 30
-1.0
 40
0.6250000009313226
  0
CIRCLE
  5
1263
330
11D7
100
AcDbEntity
  8
Rociadores
100
AcDbCircle
 10
15.0
 20
175.0
 30
-1.0
 40
0.6250000009313226
  0
CIRCLE
  5
1264
330
11D7
100
AcDbEntity
  8
Rociadores
100
AcDbCircle
 10
25.0
 20
175.0
 30
-1.0
 40
0.6250000009313226
  0
CIRCLE
  5
1265
330
11D7
100
AcDbEntity
  8
Rociadores
100
AcDbCircle
 10
35.0
 20
175.0
 30
-1.0
 40
0.6250000009313226
  0
CIRCLE
  5
1266
330
11D7
100
AcDbEntity
  8
Rociadores
100
AcDbCircle
 10
45.0
 20
175.0
 30
-1.0
 40
0.6250000009313226
  0
CIRCLE
  5
1267
330
11D7
100
AcDbEntity
  8
Rociadores
100
AcDbCircle
 10
55.00000000046566
 20
175.0
 30
-1.0
 40
0.6250000009313226
  0
CIRCLE
  5
1268
330
11D7
100
AcDbEntity
  8
Rociadores
100
AcDbCircle
 10
65.0
 20
175.0
 30
-1.0
 40
0.6250000009313226
  0
CIRCLE
  5
1269
330
11D7
100
AcDbEntity
  8
Rociadores
100
AcDbCircle
 10
75.0
 20
175.0
 30
-1.0
 40
0.6250000009313226
  0
CIRCLE
  5
126A
330
11D7
100
AcDbEntity
  8
Rociadores
100
AcDbCircle
 10
85.0
 20
175.0
 30
-1.0
 40
0.6250000009313226
  0
CIRCLE
  5
126B
330
11D7
100
AcDbEntity
  8
Rociadores
100
AcDbCircle
 10
95.0
 20
175.0
 30
-1.0
 40
0.6250000009313226
  0
CIRCLE
  5
126C
330
11D7
100
AcDbEntity
  8
Rociadores
100
AcDbCircle
 10
105.0
 20
175.0
 30
-1.0
 40
0.6250000009313226
  0
CIRCLE
  5
126D
330
11D7
100
AcDbEntity
  8
Rociadores
100
AcDbCircle
 10
115.0
 20
175.0
 30
-1.0
 40
0.6250000009313226
  0
CIRCLE
  5
126E
330
11D7
100
AcDbEntity
  8
Rociadores
100
AcDbCircle
 10
5.000000000465661
 20
165.0
 30
-1.0
 40
0.6250000009313226
  0
CIRCLE
  5
126F
330
11D7
100
AcDbEntity
  8
Rociadores
100
AcDbCircle
 10
15.0
 20
165.0
 30
-1.0
 40
0.6250000009313226
  0
CIRCLE
  5
1270
330
11D7
100
AcDbEntity
  8
Rociadores
100
AcDbCircle
 10
25.0
 20
165.0
 30
-1.0
 40
0.6250000009313226
  0
CIRCLE
  5
1271
330
11D7
100
AcDbEntity
  8
Rociadores
100
AcDbCircle
 10
35.0
 20
165.0
 30
-1.0
 40
0.6250000009313226
  0
CIRCLE
  5
1272
330
11D7
100
AcDbEntity
  8
Rociadores
100
AcDbCircle
 10
45.0
 20
165.0
 30
-1.0
 40
0.6250000009313226
  0
CIRCLE
  5
1273
330
11D7
100
AcDbEntity
  8
Rociadores
100
AcDbCircle
 10
55.00000000046566
 20
165.0
 30
-1.0
 40
0.6250000009313226
  0
CIRCLE
  5
1274
330
11D7
100
AcDbEntity
  8
Rociadores
100
AcDbCircle
 10
65.0
 20
165.0
 30
-1.0
 40
0.6250000009313226
  0
CIRCLE
  5
1275
330
11D7
100
AcDbEntity
  8
Rociadores
100
AcDbCircle
 10
75.0
 20
165.0
 30
-1.0
 40
0.6250000009313226
  0
CIRCLE
  5
1276
330
11D7
100
AcDbEntity
  8
Rociadores
100
AcDbCircle
 10
85.0
 20
165.0
 30
-1.0
 40
0.6250000009313226
  0
CIRCLE
  5
1277
330
11D7
100
AcDbEntity
  8
Rociadores
100
AcDbCircle
 10
95.0
 20
165.0
 30
-1.0
 40
0.6250000009313226
  0
CIRCLE
  5
1278
330
11D7
100
AcDbEntity
  8
Rociadores
100
AcDbCircle
 10
105.0
 20
165.0
 30
-1.0
 40
0.6250000009313226
  0
CIRCLE
  5
1279
330
11D7
100
AcDbEntity
  8
Rociadores
100
AcDbCircle
 10
115.0
 20
165.0
 30
-1.0
 40
0.6250000009313226
  0
CIRCLE
  5
127A
330
11D7
100
AcDbEntity
  8
Rociadores
100
AcDbCircle
 10
5.000000000465661
 20
155.0
 30
-1.0
 40
0.6250000009313226
  0
CIRCLE
  5
127B
330
11D7
100
AcDbEntity
  8
Rociadores
100
AcDbCircle
 10
15.0
 20
155.0
 30
-1.0
 40
0.6250000009313226
  0
CIRCLE
  5
127C
330
11D7
100
AcDbEntity
  8
Rociadores
100
AcDbCircle
 10
25.0
 20
155.0
 30
-1.0
 40
0.6250000009313226
  0
CIRCLE
  5
127D
330
11D7
100
AcDbEntity
  8
Rociadores
100
AcDbCircle
 10
35.0
 20
155.0
 30
-1.0
 40
0.6250000009313226
  0
CIRCLE
  5
127E
330
11D7
100
AcDbEntity
  8
Rociadores
100
AcDbCircle
 10
45.0
 20
155.0
 30
-1.0
 40
0.6250000009313226
  0
CIRCLE
  5
127F
330
11D7
100
AcDbEntity
  8
Rociadores
100
AcDbCircle
 10
55.00000000046566
 20
155.0
 30
-1.0
 40
0.6250000009313226
  0
CIRCLE
  5
1280
330
11D7
100
AcDbEntity
  8
Rociadores
100
AcDbCircle
 10
65.0
 20
155.0
 30
-1.0
 40
0.6250000009313226
  0
CIRCLE
  5
1281
330
11D7
100
AcDbEntity
  8
Rociadores
100
AcDbCircle
 10
75.0
 20
155.0
 30
-1.0
 40
0.6250000009313226
  0
CIRCLE
  5
1282
330
11D7
100
AcDbEntity
  8
Rociadores
100
AcDbCircle
 10
85.0
 20
155.0
 30
-1.0
 40
0.6250000009313226
  0
CIRCLE
  5
1283
330
11D7
100
AcDbEntity
  8
Rociadores
100
AcDbCircle
 10
95.0
 20
155.0
 30
-1.0
 40
0.6250000009313226
  0
CIRCLE
  5
1284
330
11D7
100
AcDbEntity
  8
Rociadores
100
AcDbCircle
 10
105.0
 20
155.0
 30
-1.0
 40
0.6250000009313226
  0
CIRCLE
  5
1285
330
11D7
100
AcDbEntity
  8
Rociadores
100
AcDbCircle
 10
115.0
 20
155.0
 30
-1.0
 40
0.6250000009313226
  0
CIRCLE
  5
1286
330
11D7
100
AcDbEntity
  8
Rociadores
100
AcDbCircle
 10
5.000000000465661
 20
145.0
 30
-1.0
 40
0.6250000009313226
  0
CIRCLE
  5
1287
330
11D7
100
AcDbEntity
  8
Rociadores
100
AcDbCircle
 10
15.0
 20
145.0
 30
-1.0
 40
0.6250000009313226
  0
CIRCLE
  5
1288
330
11D7
100
AcDbEntity
  8
Rociadores
100
AcDbCircle
 10
25.0
 20
145.0
 30
-1.0
 40
0.6250000009313226
  0
CIRCLE
  5
1289
330
11D7
100
AcDbEntity
  8
Rociadores
100
AcDbCircle
 10
35.0
 20
145.0
 30
-1.0
 40
0.6250000009313226
  0
CIRCLE
  5
128A
330
11D7
100
AcDbEntity
  8
Rociadores
100
AcDbCircle
 10
45.0
 20
145.0
 30
-1.0
 40
0.6250000009313226
  0
CIRCLE
  5
128B
330
11D7
100
AcDbEntity
  8
Rociadores
100
AcDbCircle
 10
55.00000000046566
 20
145.0
 30
-1.0
 40
0.6250000009313226
  0
CIRCLE
  5
128C
330
11D7
100
AcDbEntity
  8
Rociadores
100
AcDbCircle
 10
65.0
 20
145.0
 30
-1.0
 40
0.6250000009313226
  0
CIRCLE
  5
128D
330
11D7
100
AcDbEntity
  8
Rociadores
100
AcDbCircle
 10
75.0
 20
145.0
 30
-1.0
 40
0.6250000009313226
  0
CIRCLE
  5
128E
330
11D7
100
AcDbEntity
  8
Rociadores
100
AcDbCircle
 10
85.0
 20
145.0
 30
-1.0
 40
0.6250000009313226
  0
CIRCLE
  5
128F
330
11D7
100
AcDbEntity
  8
Rociadores
100
AcDbCircle
 10
95.0
 20
145.0
 30
-1.0
 40
0.6250000009313226
  0
CIRCLE
  5
1290
330
11D7
100
AcDbEntity
  8
Rociadores
100
AcDbCircle
 10
105.0
 20
145.0
 30
-1.0
 40
0.6250000009313226
  0
CIRCLE
  5
1291
330
11D7
100
AcDbEntity
  8
Rociadores
100
AcDbCircle
 10
115.0
 20
145.0
 30
-1.0
 40
0.6250000009313226
  0
CIRCLE
  5
1292
330
11D7
100
AcDbEntity
  8
Rociadores
100
AcDbCircle
 10
5.000000000465661
 20
135.0
 30
-1.0
 40
0.6250000009313226
  0
CIRCLE
  5
1293
330
11D7
100
AcDbEntity
  8
Rociadores
100
AcDbCircle
 10
15.0
 20
135.0
 30
-1.0
 40
0.6250000009313226
  0
CIRCLE
  5
1294
330
11D7
100
AcDbEntity
  8
Rociadores
100
AcDbCircle
 10
25.0
 20
135.0
 30
-1.0
 40
0.6250000009313226
  0
CIRCLE
  5
1295
330
11D7
100
AcDbEntity
  8
Rociadores
100
AcDbCircle
 10
35.0
 20
135.0
 30
-1.0
 40
0.6250000009313226
  0
CIRCLE
  5
1296
330
11D7
100
AcDbEntity
  8
Rociadores
100
AcDbCircle
 10
45.0
 20
135.0
 30
-1.0
 40
0.6250000009313226
  0
CIRCLE
  5
1297
330
11D7
100
AcDbEntity
  8
Rociadores
100
AcDbCircle
 10
55.00000000046566
 20
135.0
 30
-1.0
 40
0.6250000009313226
  0
CIRCLE
  5
1298
330
11D7
100
AcDbEntity
  8
Rociadores
100
AcDbCircle
 10
65.0
 20
135.0
 30
-1.0
 40
0.6250000009313226
  0
CIRCLE
  5
1299
330
11D7
100
AcDbEntity
  8
Rociadores
100
AcDbCircle
 10
75.0
 20
135.0
 30
-1.0
 40
0.6250000009313226
  0
CIRCLE
  5
129A
330
11D7
100
AcDbEntity
  8
Rociadores
100
AcDbCircle
 10
85.0
 20
135.0
 30
-1.0
 40
0.6250000009313226
  0
CIRCLE
  5
129B
330
11D7
100
AcDbEntity
  8
Rociadores
100
AcDbCircle
 10
95.0
 20
135.0
 30
-1.0
 40
0.6250000009313226
  0
CIRCLE
  5
129C
330
11D7
100
AcDbEntity
  8
Rociadores
100
AcDbCircle
 10
105.0
 20
135.0
 30
-1.0
 40
0.6250000009313226
  0
CIRCLE
  5
129D
330
11D7
100
AcDbEntity
  8
Rociadores
100
AcDbCircle
 10
115.0
 20
135.0
 30
-1.0
 40
0.6250000009313226
  0
CIRCLE
  5
129E
330
11D7
100
AcDbEntity
  8
Rociadores
100
AcDbCircle
 10
5.000000000465661
 20
125.000000001397
 30
-1.0
 40
0.6250000009313226
  0
CIRCLE
  5
129F
330
11D7
100
AcDbEntity
  8
Rociadores
100
AcDbCircle
 10
15.0
 20
125.000000001397
 30
-1.0
 40
0.6250000009313226
  0
CIRCLE
  5
12A0
330
11D7
100
AcDbEntity
  8
Rociadores
100
AcDbCircle
 10
25.0
 20
125.000000001397
 30
-1.0
 40
0.6250000009313226
  0
CIRCLE
  5
12A1
330
11D7
100
AcDbEntity
  8
Rociadores
100
AcDbCircle
 10
35.0
 20
125.000000001397
 30
-1.0
 40
0.6250000009313226
  0
CIRCLE
  5
12A2
330
11D7
100
AcDbEntity
  8
Rociadores
100
AcDbCircle
 10
45.0
 20
125.000000001397
 30
-1.0
 40
0.6250000009313226
  0
CIRCLE
  5
12A3
330
11D7
100
AcDbEntity
  8
Rociadores
100
AcDbCircle
 10
55.00000000046566
 20
125.000000001397
 30
-1.0
 40
0.6250000009313226
  0
CIRCLE
  5
12A4
330
11D7
100
AcDbEntity
  8
Rociadores
100
AcDbCircle
 10
65.0
 20
125.000000001397
 30
-1.0
 40
0.6250000009313226
  0
CIRCLE
  5
12A5
330
11D7
100
AcDbEntity
  8
Rociadores
100
AcDbCircle
 10
75.0
 20
125.000000001397
 30
-1.0
 40
0.6250000009313226
  0
CIRCLE
  5
12A6
330
11D7
100
AcDbEntity
  8
Rociadores
100
AcDbCircle
 10
85.0
 20
125.000000001397
 30
-1.0
 40
0.6250000009313226
  0
CIRCLE
  5
12A7
330
11D7
100
AcDbEntity
  8
Rociadores
100
AcDbCircle
 10
95.0
 20
125.000000001397
 30
-1.0
 40
0.6250000009313226
  0
CIRCLE
  5
12A8
330
11D7
100
AcDbEntity
  8
Rociadores
100
AcDbCircle
 10
105.0
 20
125.000000001397
 30
-1.0
 40
0.6250000009313226
  0
CIRCLE
  5
12A9
330
11D7
100
AcDbEntity
  8
Rociadores
100
AcDbCircle
 10
115.0
 20
125.000000001397
 30
-1.0
 40
0.6250000009313226
  0
CIRCLE
  5
12AA
330
11D7
100
AcDbEntity
  8
Rociadores
100
AcDbCircle
 10
5.000000000465661
 20
115.0
 30
-1.0
 40
0.6250000009313226
  0
CIRCLE
  5
12AB
330
11D7
100
AcDbEntity
  8
Rociadores
100
AcDbCircle
 10
15.0
 20
115.0
 30
-1.0
 40
0.6250000009313226
  0
CIRCLE
  5
12AC
330
11D7
100
AcDbEntity
  8
Rociadores
100
AcDbCircle
 10
25.0
 20
115.0
 30
-1.0
 40
0.6250000009313226
  0
CIRCLE
  5
12AD
330
11D7
100
AcDbEntity
  8
Rociadores
100
AcDbCircle
 10
35.0
 20
115.0
 30
-1.0
 40
0.6250000009313226
  0
CIRCLE
  5
12AE
330
11D7
100
AcDbEntity
  8
Rociadores
100
AcDbCircle
 10
45.0
 20
115.0
 30
-1.0
 40
0.6250000009313226
  0
CIRCLE
  5
12AF
330
11D7
100
AcDbEntity
  8
Rociadores
100
AcDbCircle
 10
55.00000000046566
 20
115.0
 30
-1.0
 40
0.6250000009313226
  0
CIRCLE
  5
12B0
330
11D7
100
AcDbEntity
  8
Rociadores
100
AcDbCircle
 10
65.0
 20
115.0
 30
-1.0
 40
0.6250000009313226
  0
CIRCLE
  5
12B1
330
11D7
100
AcDbEntity
  8
Rociadores
100
AcDbCircle
 10
75.0
 20
115.0
 30
-1.0
 40
0.6250000009313226
  0
CIRCLE
  5
12B2
330
11D7
100
AcDbEntity
  8
Rociadores
100
AcDbCircle
 10
85.0
 20
115.0
 30
-1.0
 40
0.6250000009313226
  0
CIRCLE
  5
12B3
330
11D7
100
AcDbEntity
  8
Rociadores
100
AcDbCircle
 10
95.0
 20
115.0
 30
-1.0
 40
0.6250000009313226
  0
CIRCLE
  5
12B4
330
11D7
100
AcDbEntity
  8
Rociadores
100
AcDbCircle
 10
105.0
 20
115.0
 30
-1.0
 40
0.6250000009313226
  0
CIRCLE
  5
12B5
330
11D7
100
AcDbEntity
  8
Rociadores
100
AcDbCircle
 10
115.0
 20
115.0
 30
-1.0
 40
0.6250000009313226
  0
CIRCLE
  5
12B6
330
11D7
100
AcDbEntity
  8
Rociadores
100
AcDbCircle
 10
5.000000000465661
 20
105.0
 30
-1.0
 40
0.6250000009313226
  0
CIRCLE
  5
12B7
330
11D7
100
AcDbEntity
  8
Rociadores
100
AcDbCircle
 10
15.0
 20
105.0
 30
-1.0
 40
0.6250000009313226
  0
CIRCLE
  5
12B8
330
11D7
100
AcDbEntity
  8
Rociadores
100
AcDbCircle
 10
25.0
 20
105.0
 30
-1.0
 40
0.6250000009313226
  0
CIRCLE
  5
12B9
330
11D7
100
AcDbEntity
  8
Rociadores
100
AcDbCircle
 10
35.0
 20
105.0
 30
-1.0
 40
0.6250000009313226
  0
CIRCLE
  5
12BA
330
11D7
100
AcDbEntity
  8
Rociadores
100
AcDbCircle
 10
45.0
 20
105.0
 30
-1.0
 40
0.6250000009313226
  0
CIRCLE
  5
12BB
330
11D7
100
AcDbEntity
  8
Rociadores
100
AcDbCircle
 10
55.00000000046566
 20
105.0
 30
-1.0
 40
0.6250000009313226
  0
CIRCLE
  5
12BC
330
11D7
100
AcDbEntity
  8
Rociadores
100
AcDbCircle
 10
65.0
 20
105.0
 30
-1.0
 40
0.6250000009313226
  0
CIRCLE
  5
12BD
330
11D7
100
AcDbEntity
  8
Rociadores
100
AcDbCircle
 10
75.0
 20
105.0
 30
-1.0
 40
0.6250000009313226
  0
CIRCLE
  5
12BE
330
11D7
100
AcDbEntity
  8
Rociadores
100
AcDbCircle
 10
85.0
 20
105.0
 30
-1.0
 40
0.6250000009313226
  0
CIRCLE
  5
12BF
330
11D7
100
AcDbEntity
  8
Rociadores
100
AcDbCircle
 10
95.0
 20
105.0
 30
-1.0
 40
0.6250000009313226
  0
CIRCLE
  5
12C0
330
11D7
100
AcDbEntity
  8
Rociadores
100
AcDbCircle
 10
105.0
 20
105.0
 30
-1.0
 40
0.6250000009313226
  0
CIRCLE
  5
12C1
330
11D7
100
AcDbEntity
  8
Rociadores
100
AcDbCircle
 10
115.0
 20
105.0
 30
-1.0
 40
0.6250000009313226
  0
CIRCLE
  5
12C2
330
11D7
100
AcDbEntity
  8
Rociadores
100
AcDbCircle
 10
5.000000000465661
 20
95.0
 30
-1.0
 40
0.6250000009313226
  0
CIRCLE
  5
12C3
330
11D7
100
AcDbEntity
  8
Rociadores
100
AcDbCircle
 10
15.0
 20
95.0
 30
-1.0
 40
0.6250000009313226
  0
CIRCLE
  5
12C4
330
11D7
100
AcDbEntity
  8
Rociadores
100
AcDbCircle
 10
25.0
 20
95.0
 30
-1.0
 40
0.6250000009313226
  0
CIRCLE
  5
12C5
330
11D7
100
AcDbEntity
  8
Rociadores
100
AcDbCircle
 10
35.0
 20
95.0
 30
-1.0
 40
0.6250000009313226
  0
CIRCLE
  5
12C6
330
11D7
100
AcDbEntity
  8
Rociadores
100
AcDbCircle
 10
45.0
 20
95.0
 30
-1.0
 40
0.6250000009313226
  0
CIRCLE
  5
12C7
330
11D7
100
AcDbEntity
  8
Rociadores
100
AcDbCircle
 10
55.00000000046566
 20
95.0
 30
-1.0
 40
0.6250000009313226
  0
CIRCLE
  5
12C8
330
11D7
100
AcDbEntity
  8
Rociadores
100
AcDbCircle
 10
65.0
 20
95.0
 30
-1.0
 40
0.6250000009313226
  0
CIRCLE
  5
12C9
330
11D7
100
AcDbEntity
  8
Rociadores
100
AcDbCircle
 10
75.0
 20
95.0
 30
-1.0
 40
0.6250000009313226
  0
CIRCLE
  5
12CA
330
11D7
100
AcDbEntity
  8
Rociadores
100
AcDbCircle
 10
85.0
 20
95.0
 30
-1.0
 40
0.6250000009313226
  0
CIRCLE
  5
12CB
330
11D7
100
AcDbEntity
  8
Rociadores
100
AcDbCircle
 10
95.0
 20
95.0
 30
-1.0
 40
0.6250000009313226
  0
CIRCLE
  5
12CC
330
11D7
100
AcDbEntity
  8
Rociadores
100
AcDbCircle
 10
105.0
 20
95.0
 30
-1.0
 40
0.6250000009313226
  0
CIRCLE
  5
12CD
330
11D7
100
AcDbEntity
  8
Rociadores
100
AcDbCircle
 10
115.0
 20
95.0
 30
-1.0
 40
0.6250000009313226
  0
CIRCLE
  5
12CE
330
11D7
100
AcDbEntity
  8
Rociadores
100
AcDbCircle
 10
5.000000000465661
 20
85.0
 30
-1.0
 40
0.6250000009313226
  0
CIRCLE
  5
12CF
330
11D7
100
AcDbEntity
  8
Rociadores
100
AcDbCircle
 10
15.0
 20
85.0
 30
-1.0
 40
0.6250000009313226
  0
CIRCLE
  5
12D0
330
11D7
100
AcDbEntity
  8
Rociadores
100
AcDbCircle
 10
25.0
 20
85.0
 30
-1.0
 40
0.6250000009313226
  0
CIRCLE
  5
12D1
330
11D7
100
AcDbEntity
  8
Rociadores
100
AcDbCircle
 10
35.0
 20
85.0
 30
-1.0
 40
0.6250000009313226
  0
CIRCLE
  5
12D2
330
11D7
100
AcDbEntity
  8
Rociadores
100
AcDbCircle
 10
45.0
 20
85.0
 30
-1.0
 40
0.6250000009313226
  0
CIRCLE
  5
12D3
330
11D7
100
AcDbEntity
  8
Rociadores
100
AcDbCircle
 10
55.00000000046566
 20
85.0
 30
-1.0
 40
0.6250000009313226
  0
CIRCLE
  5
12D4
330
11D7
100
AcDbEntity
  8
Rociadores
100
AcDbCircle
 10
65.0
 20
85.0
 30
-1.0
 40
0.6250000009313226
  0
CIRCLE
  5
12D5
330
11D7
100
AcDbEntity
  8
Rociadores
100
AcDbCircle
 10
75.0
 20
85.0
 30
-1.0
 40
0.6250000009313226
  0
CIRCLE
  5
12D6
330
11D7
100
AcDbEntity
  8
Rociadores
100
AcDbCircle
 10
85.0
 20
85.0
 30
-1.0
 40
0.6250000009313226
  0
CIRCLE
  5
12D7
330
11D7
100
AcDbEntity
  8
Rociadores
100
AcDbCircle
 10
95.0
 20
85.0
 30
-1.0
 40
0.6250000009313226
  0
CIRCLE
  5
12D8
330
11D7
100
AcDbEntity
  8
Rociadores
100
AcDbCircle
 10
105.0
 20
85.0
 30
-1.0
 40
0.6250000009313226
  0
CIRCLE
  5
12D9
330
11D7
100
AcDbEntity
  8
Rociadores
100
AcDbCircle
 10
115.0
 20
85.0
 30
-1.0
 40
0.6250000009313226
  0
CIRCLE
  5
12DA
330
11D7
100
AcDbEntity
  8
Rociadores
100
AcDbCircle
 10
5.000000000465661
 20
75.00000000139698
 30
-1.0
 40
0.6250000009313226
  0
CIRCLE
  5
12DB
330
11D7
100
AcDbEntity
  8
Rociadores
100
AcDbCircle
 10
15.0
 20
75.00000000139698
 30
-1.0
 40
0.6250000009313226
  0
CIRCLE
  5
12DC
330
11D7
100
AcDbEntity
  8
Rociadores
100
AcDbCircle
 10
25.0
 20
75.00000000139698
 30
-1.0
 40
0.6250000009313226
  0
CIRCLE
  5
12DD
330
11D7
100
AcDbEntity
  8
Rociadores
100
AcDbCircle
 10
35.0
 20
75.00000000139698
 30
-1.0
 40
0.6250000009313226
  0
CIRCLE
  5
12DE
330
11D7
100
AcDbEntity
  8
Rociadores
100
AcDbCircle
 10
45.0
 20
75.00000000139698
 30
-1.0
 40
0.6250000009313226
  0
CIRCLE
  5
12DF
330
11D7
100
AcDbEntity
  8
Rociadores
100
AcDbCircle
 10
55.00000000046566
 20
75.00000000139698
 30
-1.0
 40
0.6250000009313226
  0
CIRCLE
  5
12E0
330
11D7
100
AcDbEntity
  8
Rociadores
100
AcDbCircle
 10
65.0
 20
75.00000000139698
 30
-1.0
 40
0.6250000009313226
  0
CIRCLE
  5
12E1
330
11D7
100
AcDbEntity
  8
Rociadores
100
AcDbCircle
 10
75.0
 20
75.00000000139698
 30
-1.0
 40
0.6250000009313226
  0
CIRCLE
  5
12E2
330
11D7
100
AcDbEntity
  8
Rociadores
100
AcDbCircle
 10
85.0
 20
75.00000000139698
 30
-1.0
 40
0.6250000009313226
  0
CIRCLE
  5
12E3
330
11D7
100
AcDbEntity
  8
Rociadores
100
AcDbCircle
 10
95.0
 20
75.00000000139698
 30
-1.0
 40
0.6250000009313226
  0
CIRCLE
  5
12E4
330
11D7
100
AcDbEntity
  8
Rociadores
100
AcDbCircle
 10
105.0
 20
75.00000000139698
 30
-1.0
 40
0.6250000009313226
  0
CIRCLE
  5
12E5
330
11D7
100
AcDbEntity
  8
Rociadores
100
AcDbCircle
 10
115.0
 20
75.00000000139698
 30
-1.0
 40
0.6250000009313226
  0
CIRCLE
  5
12E6
330
11D7
100
AcDbEntity
  8
Rociadores
100
AcDbCircle
 10
5.000000000465661
 20
65.0
 30
-1.0
 40
0.6250000009313226
  0
CIRCLE
  5
12E7
330
11D7
100
AcDbEntity
  8
Rociadores
100
AcDbCircle
 10
15.0
 20
65.0
 30
-1.0
 40
0.6250000009313226
  0
CIRCLE
  5
12E8
330
11D7
100
AcDbEntity
  8
Rociadores
100
AcDbCircle
 10
25.0
 20
65.0
 30
-1.0
 40
0.6250000009313226
  0
CIRCLE
  5
12E9
330
11D7
100
AcDbEntity
  8
Rociadores
100
AcDbCircle
 10
35.0
 20
65.0
 30
-1.0
 40
0.6250000009313226
  0
CIRCLE
  5
12EA
330
11D7
100
AcDbEntity
  8
Rociadores
100
AcDbCircle
 10
45.0
 20
65.0
 30
-1.0
 40
0.6250000009313226
  0
CIRCLE
  5
12EB
330
11D7
100
AcDbEntity
  8
Rociadores
100
AcDbCircle
 10
55.00000000046566
 20
65.0
 30
-1.0
 40
0.6250000009313226
  0
CIRCLE
  5
12EC
330
11D7
100
AcDbEntity
  8
Rociadores
100
AcDbCircle
 10
65.0
 20
65.0
 30
-1.0
 40
0.6250000009313226
  0
CIRCLE
  5
12ED
330
11D7
100
AcDbEntity
  8
Rociadores
100
AcDbCircle
 10
75.0
 20
65.0
 30
-1.0
 40
0.6250000009313226
  0
CIRCLE
  5
12EE
330
11D7
100
AcDbEntity
  8
Rociadores
100
AcDbCircle
 10
85.0
 20
65.0
 30
-1.0
 40
0.6250000009313226
  0
CIRCLE
  5
12EF
330
11D7
100
AcDbEntity
  8
Rociadores
100
AcDbCircle
 10
95.0
 20
65.0
 30
-1.0
 40
0.6250000009313226
  0
CIRCLE
  5
12F0
330
11D7
100
AcDbEntity
  8
Rociadores
100
AcDbCircle
 10
105.0
 20
65.0
 30
-1.0
 40
0.6250000009313226
  0
CIRCLE
  5
12F1
330
11D7
100
AcDbEntity
  8
Rociadores
100
AcDbCircle
 10
115.0
 20
65.0
 30
-1.0
 40
0.6250000009313226
  0
CIRCLE
  5
12F2
330
11D7
100
AcDbEntity
  8
Rociadores
100
AcDbCircle
 10
5.000000000465661
 20
55.0
 30
-1.0
 40
0.6250000009313226
  0
CIRCLE
  5
12F3
330
11D7
100
AcDbEntity
  8
Rociadores
100
AcDbCircle
 10
15.0
 20
55.0
 30
-1.0
 40
0.6250000009313226
  0
CIRCLE
  5
12F4
330
11D7
100
AcDbEntity
  8
Rociadores
100
AcDbCircle
 10
25.0
 20
55.0
 30
-1.0
 40
0.6250000009313226
  0
CIRCLE
  5
12F5
330
11D7
100
AcDbEntity
  8
Rociadores
100
AcDbCircle
 10
35.0
 20
55.0
 30
-1.0
 40
0.6250000009313226
  0
CIRCLE
  5
12F6
330
11D7
100
AcDbEntity
  8
Rociadores
100
AcDbCircle
 10
45.0
 20
55.0
 30
-1.0
 40
0.6250000009313226
  0
CIRCLE
  5
12F7
330
11D7
100
AcDbEntity
  8
Rociadores
100
AcDbCircle
 10
55.00000000046566
 20
55.0
 30
-1.0
 40
0.6250000009313226
  0
CIRCLE
  5
12F8
330
11D7
100
AcDbEntity
  8
Rociadores
100
AcDbCircle
 10
65.0
 20
55.0
 30
-1.0
 40
0.6250000009313226
  0
CIRCLE
  5
12F9
330
11D7
100
AcDbEntity
  8
Rociadores
100
AcDbCircle
 10
75.0
 20
55.0
 30
-1.0
 40
0.6250000009313226
  0
CIRCLE
  5
12FA
330
11D7
100
AcDbEntity
  8
Rociadores
100
AcDbCircle
 10
85.0
 20
55.0
 30
-1.0
 40
0.6250000009313226
  0
CIRCLE
  5
12FB
330
11D7
100
AcDbEntity
  8
Rociadores
100
AcDbCircle
 10
95.0
 20
55.0
 30
-1.0
 40
0.6250000009313226
  0
CIRCLE
  5
12FC
330
11D7
100
AcDbEntity
  8
Rociadores
100
AcDbCircle
 10
105.0
 20
55.0
 30
-1.0
 40
0.6250000009313226
  0
CIRCLE
  5
12FD
330
11D7
100
AcDbEntity
  8
Rociadores
100
AcDbCircle
 10
115.0
 20
55.0
 30
-1.0
 40
0.6250000009313226
  0
CIRCLE
  5
12FE
330
11D7
100
AcDbEntity
  8
Rociadores
100
AcDbCircle
 10
5.000000000465661
 20
45.0
 30
-1.0
 40
0.6250000009313226
  0
CIRCLE
  5
12FF
330
11D7
100
AcDbEntity
  8
Rociadores
100
AcDbCircle
 10
15.0
 20
45.0
 30
-1.0
 40
0.6250000009313226
  0
CIRCLE
  5
1300
330
11D7
100
AcDbEntity
  8
Rociadores
100
AcDbCircle
 10
25.0
 20
45.0
 30
-1.0
 40
0.6250000009313226
  0
CIRCLE
  5
1301
330
11D7
100
AcDbEntity
  8
Rociadores
100
AcDbCircle
 10
35.0
 20
45.0
 30
-1.0
 40
0.6250000009313226
  0
CIRCLE
  5
1302
330
11D7
100
AcDbEntity
  8
Rociadores
100
AcDbCircle
 10
45.0
 20
45.0
 30
-1.0
 40
0.6250000009313226
  0
CIRCLE
  5
1303
330
11D7
100
AcDbEntity
  8
Rociadores
100
AcDbCircle
 10
55.00000000046566
 20
45.0
 30
-1.0
 40
0.6250000009313226
  0
CIRCLE
  5
1304
330
11D7
100
AcDbEntity
  8
Rociadores
100
AcDbCircle
 10
65.0
 20
45.0
 30
-1.0
 40
0.6250000009313226
  0
CIRCLE
  5
1305
330
11D7
100
AcDbEntity
  8
Rociadores
100
AcDbCircle
 10
75.0
 20
45.0
 30
-1.0
 40
0.6250000009313226
  0
CIRCLE
  5
1306
330
11D7
100
AcDbEntity
  8
Rociadores
100
AcDbCircle
 10
85.0
 20
45.0
 30
-1.0
 40
0.6250000009313226
  0
CIRCLE
  5
1307
330
11D7
100
AcDbEntity
  8
Rociadores
100
AcDbCircle
 10
95.0
 20
45.0
 30
-1.0
 40
0.6250000009313226
  0
CIRCLE
  5
1308
330
11D7
100
AcDbEntity
  8
Rociadores
100
AcDbCircle
 10
105.0
 20
45.0
 30
-1.0
 40
0.6250000009313226
  0
CIRCLE
  5
1309
330
11D7
100
AcDbEntity
  8
Rociadores
100
AcDbCircle
 10
115.0
 20
45.0
 30
-1.0
 40
0.6250000009313226
  0
CIRCLE
  5
130A
330
11D7
100
AcDbEntity
  8
Rociadores
100
AcDbCircle
 10
5.000000000465661
 20
35.0
 30
-1.0
 40
0.6250000009313226
  0
CIRCLE
  5
130B
330
11D7
100
AcDbEntity
  8
Rociadores
100
AcDbCircle
 10
15.0
 20
35.0
 30
-1.0
 40
0.6250000009313226
  0
CIRCLE
  5
130C
330
11D7
100
AcDbEntity
  8
Rociadores
100
AcDbCircle
 10
25.0
 20
35.0
 30
-1.0
 40
0.6250000009313226
  0
CIRCLE
  5
130D
330
11D7
100
AcDbEntity
  8
Rociadores
100
AcDbCircle
 10
35.0
 20
35.0
 30
-1.0
 40
0.6250000009313226
  0
CIRCLE
  5
130E
330
11D7
100
AcDbEntity
  8
Rociadores
100
AcDbCircle
 10
45.0
 20
35.0
 30
-1.0
 40
0.6250000009313226
  0
CIRCLE
  5
130F
330
11D7
100
AcDbEntity
  8
Rociadores
100
AcDbCircle
 10
55.00000000046566
 20
35.0
 30
-1.0
 40
0.6250000009313226
  0
CIRCLE
  5
1310
330
11D7
100
AcDbEntity
  8
Rociadores
100
AcDbCircle
 10
65.0
 20
35.0
 30
-1.0
 40
0.6250000009313226
  0
CIRCLE
  5
1311
330
11D7
100
AcDbEntity
  8
Rociadores
100
AcDbCircle
 10
75.0
 20
35.0
 30
-1.0
 40
0.6250000009313226
  0
CIRCLE
  5
1312
330
11D7
100
AcDbEntity
  8
Rociadores
100
AcDbCircle
 10
85.0
 20
35.0
 30
-1.0
 40
0.6250000009313226
  0
CIRCLE
  5
1313
330
11D7
100
AcDbEntity
  8
Rociadores
100
AcDbCircle
 10
95.0
 20
35.0
 30
-1.0
 40
0.6250000009313226
  0
CIRCLE
  5
1314
330
11D7
100
AcDbEntity
  8
Rociadores
100
AcDbCircle
 10
105.0
 20
35.0
 30
-1.0
 40
0.6250000009313226
  0
CIRCLE
  5
1315
330
11D7
100
AcDbEntity
  8
Rociadores
100
AcDbCircle
 10
115.0
 20
35.0
 30
-1.0
 40
0.6250000009313226
  0
CIRCLE
  5
1316
330
11D7
100
AcDbEntity
  8
Rociadores
100
AcDbCircle
 10
5.000000000465661
 20
25.00000000139698
 30
-1.0
 40
0.6250000009313226
  0
CIRCLE
  5
1317
330
11D7
100
AcDbEntity
  8
Rociadores
100
AcDbCircle
 10
15.0
 20
25.00000000139698
 30
-1.0
 40
0.6250000009313226
  0
CIRCLE
  5
1318
330
11D7
100
AcDbEntity
  8
Rociadores
100
AcDbCircle
 10
25.0
 20
25.00000000139698
 30
-1.0
 40
0.6250000009313226
  0
CIRCLE
  5
1319
330
11D7
100
AcDbEntity
  8
Rociadores
100
AcDbCircle
 10
35.0
 20
25.00000000139698
 30
-1.0
 40
0.6250000009313226
  0
CIRCLE
  5
131A
330
11D7
100
AcDbEntity
  8
Rociadores
100
AcDbCircle
 10
45.0
 20
25.00000000139698
 30
-1.0
 40
0.6250000009313226
  0
CIRCLE
  5
131B
330
11D7
100
AcDbEntity
  8
Rociadores
100
AcDbCircle
 10
55.00000000046566
 20
25.00000000139698
 30
-1.0
 40
0.6250000009313226
  0
CIRCLE
  5
131C
330
11D7
100
AcDbEntity
  8
Rociadores
100
AcDbCircle
 10
65.0
 20
25.00000000139698
 30
-1.0
 40
0.6250000009313226
  0
CIRCLE
  5
131D
330
11D7
100
AcDbEntity
  8
Rociadores
100
AcDbCircle
 10
75.0
 20
25.00000000139698
 30
-1.0
 40
0.6250000009313226
  0
CIRCLE
  5
131E
330
11D7
100
AcDbEntity
  8
Rociadores
100
AcDbCircle
 10
85.0
 20
25.00000000139698
 30
-1.0
 40
0.6250000009313226
  0
CIRCLE
  5
131F
330
11D7
100
AcDbEntity
  8
Rociadores
100
AcDbCircle
 10
95.0
 20
25.00000000139698
 30
-1.0
 40
0.6250000009313226
  0
CIRCLE
  5
1320
330
11D7
100
AcDbEntity
  8
Rociadores
100
AcDbCircle
 10
105.0
 20
25.00000000139698
 30
-1.0
 40
0.6250000009313226
  0
CIRCLE
  5
1321
330
11D7
100
AcDbEntity
  8
Rociadores
100
AcDbCircle
 10
115.0
 20
25.00000000139698
 30
-1.0
 40
0.6250000009313226
  0
CIRCLE
  5
1322
330
11D7
100
AcDbEntity
  8
Rociadores
100
AcDbCircle
 10
5.000000000465661
 20
15.0
 30
-1.0
 40
0.6250000009313226
  0
CIRCLE
  5
1323
330
11D7
100
AcDbEntity
  8
Rociadores
100
AcDbCircle
 10
15.0
 20
15.0
 30
-1.0
 40
0.6250000009313226
  0
CIRCLE
  5
1324
330
11D7
100
AcDbEntity
  8
Rociadores
100
AcDbCircle
 10
25.0
 20
15.0
 30
-1.0
 40
0.6250000009313226
  0
CIRCLE
  5
1325
330
11D7
100
AcDbEntity
  8
Rociadores
100
AcDbCircle
 10
35.0
 20
15.0
 30
-1.0
 40
0.6250000009313226
  0
CIRCLE
  5
1326
330
11D7
100
AcDbEntity
  8
Rociadores
100
AcDbCircle
 10
45.0
 20
15.0
 30
-1.0
 40
0.6250000009313226
  0
CIRCLE
  5
1327
330
11D7
100
AcDbEntity
  8
Rociadores
100
AcDbCircle
 10
55.00000000046566
 20
15.0
 30
-1.0
 40
0.6250000009313226
  0
CIRCLE
  5
1328
330
11D7
100
AcDbEntity
  8
Rociadores
100
AcDbCircle
 10
65.0
 20
15.0
 30
-1.0
 40
0.6250000009313226
  0
CIRCLE
  5
1329
330
11D7
100
AcDbEntity
  8
Rociadores
100
AcDbCircle
 10
75.0
 20
15.0
 30
-1.0
 40
0.6250000009313226
  0
CIRCLE
  5
132A
330
11D7
100
AcDbEntity
  8
Rociadores
100
AcDbCircle
 10
85.0
 20
15.0
 30
-1.0
 40
0.6250000009313226
  0
CIRCLE
  5
132B
330
11D7
100
AcDbEntity
  8
Rociadores
100
AcDbCircle
 10
95.0
 20
15.0
 30
-1.0
 40
0.6250000009313226
  0
CIRCLE
  5
132C
330
11D7
100
AcDbEntity
  8
Rociadores
100
AcDbCircle
 10
105.0
 20
15.0
 30
-1.0
 40
0.6250000009313226
  0
CIRCLE
  5
132D
330
11D7
100
AcDbEntity
  8
Rociadores
100
AcDbCircle
 10
115.0
 20
15.0
 30
-1.0
 40
0.6250000009313226
  0
CIRCLE
  5
132E
330
11D7
100
AcDbEntity
  8
Rociadores
100
AcDbCircle
 10
5.000000000465661
 20
5.000000001396981
 30
-1.0
 40
0.6250000009313226
  0
CIRCLE
  5
132F
330
11D7
100
AcDbEntity
  8
Rociadores
100
AcDbCircle
 10
15.0
 20
5.000000001396981
 30
-1.0
 40
0.6250000009313226
  0
CIRCLE
  5
1330
330
11D7
100
AcDbEntity
  8
Rociadores
100
AcDbCircle
 10
25.0
 20
5.000000001396981
 30
-1.0
 40
0.6250000009313226
  0
CIRCLE
  5
1331
330
11D7
100
AcDbEntity
  8
Rociadores
100
AcDbCircle
 10
35.0
 20
5.000000001396981
 30
-1.0
 40
0.6250000009313226
  0
CIRCLE
  5
1332
330
11D7
100
AcDbEntity
  8
Rociadores
100
AcDbCircle
 10
45.0
 20
5.000000001396981
 30
-1.0
 40
0.6250000009313226
  0
CIRCLE
  5
1333
330
11D7
100
AcDbEntity
  8
Rociadores
100
AcDbCircle
 10
55.00000000046566
 20
5.000000001396981
 30
-1.0
 40
0.6250000009313226
  0
CIRCLE
  5
1334
330
11D7
100
AcDbEntity
  8
Rociadores
100
AcDbCircle
 10
65.0
 20
5.000000001396981
 30
-1.0
 40
0.6250000009313226
  0
CIRCLE
  5
1335
330
11D7
100
AcDbEntity
  8
Rociadores
100
AcDbCircle
 10
75.0
 20
5.000000001396981
 30
-1.0
 40
0.6250000009313226
  0
CIRCLE
  5
1336
330
11D7
100
AcDbEntity
  8
Rociadores
100
AcDbCircle
 10
85.0
 20
5.000000001396981
 30
-1.0
 40
0.6250000009313226
  0
CIRCLE
  5
1337
330
11D7
100
AcDbEntity
  8
Rociadores
100
AcDbCircle
 10
95.0
 20
5.000000001396981
 30
-1.0
 40
0.6250000009313226
  0
CIRCLE
  5
1338
330
11D7
100
AcDbEntity
  8
Rociadores
100
AcDbCircle
 10
105.0
 20
5.000000001396981
 30
-1.0
 40
0.6250000009313226
  0
CIRCLE
  5
1339
330
11D7
100
AcDbEntity
  8
Rociadores
100
AcDbCircle
 10
115.0
 20
5.000000001396981
 30
-1.0
 40
0.6250000009313226
  0
LINE
  5
133A
330
11D7
100
AcDbEntity
  8
Ramales
100
AcDbLine
 10
115.0
 20
305.0
 30
0.0
 11
117.5
 21
304.9999999995343
 31
0.0
  0
LINE
  5
133B
330
11D7
100
AcDbEntity
  8
Ramales
100
AcDbLine
 10
5.000000000465661
 20
305.0
 30
0.0
 11
15.0
 21
305.0
 31
0.0
  0
LINE
  5
133C
330
11D7
100
AcDbEntity
  8
Ramales
100
AcDbLine
 10
15.0
 20
305.0
 30
0.0
 11
25.0
 21
305.0
 31
0.0
  0
LINE
  5
133D
330
11D7
100
AcDbEntity
  8
Ramales
100
AcDbLine
 10
25.0
 20
305.0
 30
0.0
 11
35.0
 21
305.0
 31
0.0
  0
LINE
  5
133E
330
11D7
100
AcDbEntity
  8
Ramales
100
AcDbLine
 10
35.0
 20
305.0
 30
0.0
 11
45.0
 21
305.0
 31
0.0
  0
LINE
  5
133F
330
11D7
100
AcDbEntity
  8
Ramales
100
AcDbLine
 10
45.0
 20
305.0
 30
0.0
 11
55.00000000046566
 21
305.0
 31
0.0
  0
LINE
  5
1340
330
11D7
100
AcDbEntity
  8
Ramales
100
AcDbLine
 10
55.00000000046566
 20
305.0
 30
0.0
 11
65.0
 21
305.0
 31
0.0
  0
LINE
  5
1341
330
11D7
100
AcDbEntity
  8
Ramales
100
AcDbLine
 10
65.0
 20
305.0
 30
0.0
 11
75.0
 21
305.0
 31
0.0
  0
LINE
  5
1342
330
11D7
100
AcDbEntity
  8
Ramales
100
AcDbLine
 10
75.0
 20
305.0
 30
0.0
 11
85.0
 21
305.0
 31
0.0
  0
LINE
  5
1343
330
11D7
100
AcDbEntity
  8
Ramales
100
AcDbLine
 10
85.0
 20
305.0
 30
0.0
 11
95.0
 21
305.0
 31
0.0
  0
LINE
  5
1344
330
11D7
100
AcDbEntity
  8
Ramales
100
AcDbLine
 10
94.999999998603
 20
305.0
 30
0.0
 11
105.0
 21
305.0
 31
0.0
  0
LINE
  5
1345
330
11D7
100
AcDbEntity
  8
Ramales
100
AcDbLine
 10
105.0
 20
305.0
 30
0.0
 11
115.0
 21
305.0
 31
0.0
  0
LINE
  5
1346
330
11D7
100
AcDbEntity
  8
Ramales
100
AcDbLine
 10
5.000000000465661
 20
305.0
 30
0.0
 11
2.499999998603016
 21
304.9999999995343
 31
0.0
  0
LINE
  5
1347
330
11D7
100
AcDbEntity
  8
Ramales
100
AcDbLine
 10
5.000000000465661
 20
295.0
 30
0.0
 11
15.0
 21
295.0
 31
0.0
  0
LINE
  5
1348
330
11D7
100
AcDbEntity
  8
Ramales
100
AcDbLine
 10
15.0
 20
295.0
 30
0.0
 11
25.0
 21
295.0
 31
0.0
  0
LINE
  5
1349
330
11D7
100
AcDbEntity
  8
Ramales
100
AcDbLine
 10
25.0
 20
295.0
 30
0.0
 11
35.0
 21
295.0
 31
0.0
  0
LINE
  5
134A
330
11D7
100
AcDbEntity
  8
Ramales
100
AcDbLine
 10
35.0
 20
295.0
 30
0.0
 11
45.0
 21
295.0
 31
0.0
  0
LINE
  5
134B
330
11D7
100
AcDbEntity
  8
Ramales
100
AcDbLine
 10
45.0
 20
295.0
 30
0.0
 11
55.00000000046566
 21
295.0
 31
0.0
  0
LINE
  5
134C
330
11D7
100
AcDbEntity
  8
Ramales
100
AcDbLine
 10
55.00000000046566
 20
295.0
 30
0.0
 11
65.0
 21
295.0
 31
0.0
  0
LINE
  5
134D
330
11D7
100
AcDbEntity
  8
Ramales
100
AcDbLine
 10
65.0
 20
295.0
 30
0.0
 11
75.0
 21
295.0
 31
0.0
  0
LINE
  5
134E
330
11D7
100
AcDbEntity
  8
Ramales
100
AcDbLine
 10
75.0
 20
295.0
 30
0.0
 11
85.0
 21
295.0
 31
0.0
  0
LINE
  5
134F
330
11D7
100
AcDbEntity
  8
Ramales
100
AcDbLine
 10
85.0
 20
295.0
 30
0.0
 11
95.0
 21
295.0
 31
0.0
  0
LINE
  5
1350
330
11D7
100
AcDbEntity
  8
Ramales
100
AcDbLine
 10
94.999999998603
 20
295.0
 30
0.0
 11
105.0
 21
295.0
 31
0.0
  0
LINE
  5
1351
330
11D7
100
AcDbEntity
  8
Ramales
100
AcDbLine
 10
105.0
 20
295.0
 30
0.0
 11
115.0
 21
295.0
 31
0.0
  0
LINE
  5
1352
330
11D7
100
AcDbEntity
  8
Ramales
100
AcDbLine
 10
5.000000000465661
 20
295.0
 30
0.0
 11
2.499999998603016
 21
295.0
 31
0.0
  0
LINE
  5
1353
330
11D7
100
AcDbEntity
  8
Ramales
100
AcDbLine
 10
5.000000000465661
 20
285.0
 30
0.0
 11
15.0
 21
285.0
 31
0.0
  0
LINE
  5
1354
330
11D7
100
AcDbEntity
  8
Ramales
100
AcDbLine
 10
15.0
 20
285.0
 30
0.0
 11
25.0
 21
285.0
 31
0.0
  0
LINE
  5
1355
330
11D7
100
AcDbEntity
  8
Ramales
100
AcDbLine
 10
25.0
 20
285.0
 30
0.0
 11
35.0
 21
285.0
 31
0.0
  0
LINE
  5
1356
330
11D7
100
AcDbEntity
  8
Ramales
100
AcDbLine
 10
35.0
 20
285.0
 30
0.0
 11
45.0
 21
285.0
 31
0.0
  0
LINE
  5
1357
330
11D7
100
AcDbEntity
  8
Ramales
100
AcDbLine
 10
45.0
 20
285.0
 30
0.0
 11
55.00000000046566
 21
285.0
 31
0.0
  0
LINE
  5
1358
330
11D7
100
AcDbEntity
  8
Ramales
100
AcDbLine
 10
55.00000000046566
 20
285.0
 30
0.0
 11
65.0
 21
285.0
 31
0.0
  0
LINE
  5
1359
330
11D7
100
AcDbEntity
  8
Ramales
100
AcDbLine
 10
65.0
 20
285.0
 30
0.0
 11
75.0
 21
285.0
 31
0.0
  0
LINE
  5
135A
330
11D7
100
AcDbEntity
  8
Ramales
100
AcDbLine
 10
75.0
 20
285.0
 30
0.0
 11
85.0
 21
285.0
 31
0.0
  0
LINE
  5
135B
330
11D7
100
AcDbEntity
  8
Ramales
100
AcDbLine
 10
85.0
 20
285.0
 30
0.0
 11
95.0
 21
285.0
 31
0.0
  0
LINE
  5
135C
330
11D7
100
AcDbEntity
  8
Ramales
100
AcDbLine
 10
94.999999998603
 20
285.0
 30
0.0
 11
105.0
 21
285.0
 31
0.0
  0
LINE
  5
135D
330
11D7
100
AcDbEntity
  8
Ramales
100
AcDbLine
 10
105.0
 20
285.0
 30
0.0
 11
115.0
 21
285.0
 31
0.0
  0
LINE
  5
135E
330
11D7
100
AcDbEntity
  8
Ramales
100
AcDbLine
 10
5.000000000465661
 20
285.0
 30
0.0
 11
2.499999998603016
 21
284.9999999995343
 31
0.0
  0
LINE
  5
135F
330
11D7
100
AcDbEntity
  8
Ramales
100
AcDbLine
 10
5.000000000465661
 20
275.0
 30
0.0
 11
15.0
 21
275.0
 31
0.0
  0
LINE
  5
1360
330
11D7
100
AcDbEntity
  8
Ramales
100
AcDbLine
 10
15.0
 20
275.0
 30
0.0
 11
25.0
 21
275.0
 31
0.0
  0
LINE
  5
1361
330
11D7
100
AcDbEntity
  8
Ramales
100
AcDbLine
 10
25.0
 20
275.0
 30
0.0
 11
35.0
 21
275.0
 31
0.0
  0
LINE
  5
1362
330
11D7
100
AcDbEntity
  8
Ramales
100
AcDbLine
 10
35.0
 20
275.0
 30
0.0
 11
45.0
 21
275.0
 31
0.0
  0
LINE
  5
1363
330
11D7
100
AcDbEntity
  8
Ramales
100
AcDbLine
 10
45.0
 20
275.0
 30
0.0
 11
55.00000000046566
 21
275.0
 31
0.0
  0
LINE
  5
1364
330
11D7
100
AcDbEntity
  8
Ramales
100
AcDbLine
 10
55.00000000046566
 20
275.0
 30
0.0
 11
65.0
 21
275.0
 31
0.0
  0
LINE
  5
1365
330
11D7
100
AcDbEntity
  8
Ramales
100
AcDbLine
 10
65.0
 20
275.0
 30
0.0
 11
75.0
 21
275.0
 31
0.0
  0
LINE
  5
1366
330
11D7
100
AcDbEntity
  8
Ramales
100
AcDbLine
 10
75.0
 20
275.0
 30
0.0
 11
85.0
 21
275.0
 31
0.0
  0
LINE
  5
1367
330
11D7
100
AcDbEntity
  8
Ramales
100
AcDbLine
 10
85.0
 20
275.0
 30
0.0
 11
95.0
 21
275.0
 31
0.0
  0
LINE
  5
1368
330
11D7
100
AcDbEntity
  8
Ramales
100
AcDbLine
 10
94.999999998603
 20
275.0
 30
0.0
 11
105.0
 21
275.0
 31
0.0
  0
LINE
  5
1369
330
11D7
100
AcDbEntity
  8
Ramales
100
AcDbLine
 10
105.0
 20
275.0
 30
0.0
 11
115.0
 21
275.0
 31
0.0
  0
LINE
  5
136A
330
11D7
100
AcDbEntity
  8
Ramales
100
AcDbLine
 10
5.000000000465661
 20
275.0
 30
0.0
 11
2.499999998603016
 21
275.0
 31
0.0
  0
LINE
  5
136B
330
11D7
100
AcDbEntity
  8
Ramales
100
AcDbLine
 10
5.000000000465661
 20
265.0
 30
0.0
 11
15.0
 21
265.0
 31
0.0
  0
LINE
  5
136C
330
11D7
100
AcDbEntity
  8
Ramales
100
AcDbLine
 10
15.0
 20
265.0
 30
0.0
 11
25.0
 21
265.0
 31
0.0
  0
LINE
  5
136D
330
11D7
100
AcDbEntity
  8
Ramales
100
AcDbLine
 10
25.0
 20
265.0
 30
0.0
 11
35.0
 21
265.0
 31
0.0
  0
LINE
  5
136E
330
11D7
100
AcDbEntity
  8
Ramales
100
AcDbLine
 10
35.0
 20
265.0
 30
0.0
 11
45.0
 21
265.0
 31
0.0
  0
LINE
  5
136F
330
11D7
100
AcDbEntity
  8
Ramales
100
AcDbLine
 10
45.0
 20
265.0
 30
0.0
 11
55.00000000046566
 21
265.0
 31
0.0
  0
LINE
  5
1370
330
11D7
100
AcDbEntity
  8
Ramales
100
AcDbLine
 10
55.00000000046566
 20
265.0
 30
0.0
 11
65.0
 21
265.0
 31
0.0
  0
LINE
  5
1371
330
11D7
100
AcDbEntity
  8
Ramales
100
AcDbLine
 10
65.0
 20
265.0
 30
0.0
 11
75.0
 21
265.0
 31
0.0
  0
LINE
  5
1372
330
11D7
100
AcDbEntity
  8
Ramales
100
AcDbLine
 10
75.0
 20
265.0
 30
0.0
 11
85.0
 21
265.0
 31
0.0
  0
LINE
  5
1373
330
11D7
100
AcDbEntity
  8
Ramales
100
AcDbLine
 10
85.0
 20
265.0
 30
0.0
 11
95.0
 21
265.0
 31
0.0
  0
LINE
  5
1374
330
11D7
100
AcDbEntity
  8
Ramales
100
AcDbLine
 10
94.999999998603
 20
265.0
 30
0.0
 11
105.0
 21
265.0
 31
0.0
  0
LINE
  5
1375
330
11D7
100
AcDbEntity
  8
Ramales
100
AcDbLine
 10
105.0
 20
265.0
 30
0.0
 11
115.0
 21
265.0
 31
0.0
  0
LINE
  5
1376
330
11D7
100
AcDbEntity
  8
Ramales
100
AcDbLine
 10
5.000000000465661
 20
265.0
 30
0.0
 11
2.499999998603016
 21
265.0
 31
0.0
  0
LINE
  5
1377
330
11D7
100
AcDbEntity
  8
Ramales
100
AcDbLine
 10
5.000000000465661
 20
255.0
 30
0.0
 11
15.0
 21
255.0
 31
0.0
  0
LINE
  5
1378
330
11D7
100
AcDbEntity
  8
Ramales
100
AcDbLine
 10
15.0
 20
255.0
 30
0.0
 11
25.0
 21
255.0
 31
0.0
  0
LINE
  5
1379
330
11D7
100
AcDbEntity
  8
Ramales
100
AcDbLine
 10
25.0
 20
255.0
 30
0.0
 11
35.0
 21
255.0
 31
0.0
  0
LINE
  5
137A
330
11D7
100
AcDbEntity
  8
Ramales
100
AcDbLine
 10
35.0
 20
255.0
 30
0.0
 11
45.0
 21
255.0
 31
0.0
  0
LINE
  5
137B
330
11D7
100
AcDbEntity
  8
Ramales
100
AcDbLine
 10
45.0
 20
255.0
 30
0.0
 11
55.00000000046566
 21
255.0
 31
0.0
  0
LINE
  5
137C
330
11D7
100
AcDbEntity
  8
Ramales
100
AcDbLine
 10
55.00000000046566
 20
255.0
 30
0.0
 11
65.0
 21
255.0
 31
0.0
  0
LINE
  5
137D
330
11D7
100
AcDbEntity
  8
Ramales
100
AcDbLine
 10
65.0
 20
255.0
 30
0.0
 11
75.0
 21
255.0
 31
0.0
  0
LINE
  5
137E
330
11D7
100
AcDbEntity
  8
Ramales
100
AcDbLine
 10
75.0
 20
255.0
 30
0.0
 11
85.0
 21
255.0
 31
0.0
  0
LINE
  5
137F
330
11D7
100
AcDbEntity
  8
Ramales
100
AcDbLine
 10
85.0
 20
255.0
 30
0.0
 11
95.0
 21
255.0
 31
0.0
  0
LINE
  5
1380
330
11D7
100
AcDbEntity
  8
Ramales
100
AcDbLine
 10
94.999999998603
 20
255.0
 30
0.0
 11
105.0
 21
255.0
 31
0.0
  0
LINE
  5
1381
330
11D7
100
AcDbEntity
  8
Ramales
100
AcDbLine
 10
105.0
 20
255.0
 30
0.0
 11
115.0
 21
255.0
 31
0.0
  0
LINE
  5
1382
330
11D7
100
AcDbEntity
  8
Ramales
100
AcDbLine
 10
5.000000000465661
 20
255.0
 30
0.0
 11
2.499999998603016
 21
255.0
 31
0.0
  0
LINE
  5
1383
330
11D7
100
AcDbEntity
  8
Ramales
100
AcDbLine
 10
5.000000000465661
 20
245.0
 30
0.0
 11
15.0
 21
245.0
 31
0.0
  0
LINE
  5
1384
330
11D7
100
AcDbEntity
  8
Ramales
100
AcDbLine
 10
15.0
 20
245.0
 30
0.0
 11
25.0
 21
245.0
 31
0.0
  0
LINE
  5
1385
330
11D7
100
AcDbEntity
  8
Ramales
100
AcDbLine
 10
25.0
 20
245.0
 30
0.0
 11
35.0
 21
245.0
 31
0.0
  0
LINE
  5
1386
330
11D7
100
AcDbEntity
  8
Ramales
100
AcDbLine
 10
35.0
 20
245.0
 30
0.0
 11
45.0
 21
245.0
 31
0.0
  0
LINE
  5
1387
330
11D7
100
AcDbEntity
  8
Ramales
100
AcDbLine
 10
45.0
 20
245.0
 30
0.0
 11
55.00000000046566
 21
245.0
 31
0.0
  0
LINE
  5
1388
330
11D7
100
AcDbEntity
  8
Ramales
100
AcDbLine
 10
55.00000000046566
 20
245.0
 30
0.0
 11
65.0
 21
245.0
 31
0.0
  0
LINE
  5
1389
330
11D7
100
AcDbEntity
  8
Ramales
100
AcDbLine
 10
65.0
 20
245.0
 30
0.0
 11
75.0
 21
245.0
 31
0.0
  0
LINE
  5
138A
330
11D7
100
AcDbEntity
  8
Ramales
100
AcDbLine
 10
75.0
 20
245.0
 30
0.0
 11
85.0
 21
245.0
 31
0.0
  0
LINE
  5
138B
330
11D7
100
AcDbEntity
  8
Ramales
100
AcDbLine
 10
85.0
 20
245.0
 30
0.0
 11
95.0
 21
245.0
 31
0.0
  0
LINE
  5
138C
330
11D7
100
AcDbEntity
  8
Ramales
100
AcDbLine
 10
94.999999998603
 20
245.0
 30
0.0
 11
105.0
 21
245.0
 31
0.0
  0
LINE
  5
138D
330
11D7
100
AcDbEntity
  8
Ramales
100
AcDbLine
 10
105.0
 20
245.0
 30
0.0
 11
115.0
 21
245.0
 31
0.0
  0
LINE
  5
138E
330
11D7
100
AcDbEntity
  8
Ramales
100
AcDbLine
 10
5.000000000465661
 20
245.0
 30
0.0
 11
2.499999998603016
 21
245.0
 31
0.0
  0
LINE
  5
138F
330
11D7
100
AcDbEntity
  8
Ramales
100
AcDbLine
 10
5.000000000465661
 20
235.0
 30
0.0
 11
15.0
 21
235.0
 31
0.0
  0
LINE
  5
1390
330
11D7
100
AcDbEntity
  8
Ramales
100
AcDbLine
 10
15.0
 20
235.0
 30
0.0
 11
25.0
 21
235.0
 31
0.0
  0
LINE
  5
1391
330
11D7
100
AcDbEntity
  8
Ramales
100
AcDbLine
 10
25.0
 20
235.0
 30
0.0
 11
35.0
 21
235.0
 31
0.0
  0
LINE
  5
1392
330
11D7
100
AcDbEntity
  8
Ramales
100
AcDbLine
 10
35.0
 20
235.0
 30
0.0
 11
45.0
 21
235.0
 31
0.0
  0
LINE
  5
1393
330
11D7
100
AcDbEntity
  8
Ramales
100
AcDbLine
 10
45.0
 20
235.0
 30
0.0
 11
55.00000000046566
 21
235.0
 31
0.0
  0
LINE
  5
1394
330
11D7
100
AcDbEntity
  8
Ramales
100
AcDbLine
 10
55.00000000046566
 20
235.0
 30
0.0
 11
65.0
 21
235.0
 31
0.0
  0
LINE
  5
1395
330
11D7
100
AcDbEntity
  8
Ramales
100
AcDbLine
 10
65.0
 20
235.0
 30
0.0
 11
75.0
 21
235.0
 31
0.0
  0
LINE
  5
1396
330
11D7
100
AcDbEntity
  8
Ramales
100
AcDbLine
 10
75.0
 20
235.0
 30
0.0
 11
85.0
 21
235.0
 31
0.0
  0
LINE
  5
1397
330
11D7
100
AcDbEntity
  8
Ramales
100
AcDbLine
 10
85.0
 20
235.0
 30
0.0
 11
95.0
 21
235.0
 31
0.0
  0
LINE
  5
1398
330
11D7
100
AcDbEntity
  8
Ramales
100
AcDbLine
 10
94.999999998603
 20
235.0
 30
0.0
 11
105.0
 21
235.0
 31
0.0
  0
LINE
  5
1399
330
11D7
100
AcDbEntity
  8
Ramales
100
AcDbLine
 10
105.0
 20
235.0
 30
0.0
 11
115.0
 21
235.0
 31
0.0
  0
LINE
  5
139A
330
11D7
100
AcDbEntity
  8
Ramales
100
AcDbLine
 10
5.000000000465661
 20
235.0
 30
0.0
 11
2.499999998603016
 21
234.9999999995343
 31
0.0
  0
LINE
  5
139B
330
11D7
100
AcDbEntity
  8
Ramales
100
AcDbLine
 10
5.000000000465661
 20
225.0
 30
0.0
 11
15.0
 21
225.0
 31
0.0
  0
LINE
  5
139C
330
11D7
100
AcDbEntity
  8
Ramales
100
AcDbLine
 10
15.0
 20
225.0
 30
0.0
 11
25.0
 21
225.0
 31
0.0
  0
LINE
  5
139D
330
11D7
100
AcDbEntity
  8
Ramales
100
AcDbLine
 10
25.0
 20
225.0
 30
0.0
 11
35.0
 21
225.0
 31
0.0
  0
LINE
  5
139E
330
11D7
100
AcDbEntity
  8
Ramales
100
AcDbLine
 10
35.0
 20
225.0
 30
0.0
 11
45.0
 21
225.0
 31
0.0
  0
LINE
  5
139F
330
11D7
100
AcDbEntity
  8
Ramales
100
AcDbLine
 10
45.0
 20
225.0
 30
0.0
 11
55.00000000046566
 21
225.0
 31
0.0
  0
LINE
  5
13A0
330
11D7
100
AcDbEntity
  8
Ramales
100
AcDbLine
 10
55.00000000046566
 20
225.0
 30
0.0
 11
65.0
 21
225.0
 31
0.0
  0
LINE
  5
13A1
330
11D7
100
AcDbEntity
  8
Ramales
100
AcDbLine
 10
65.0
 20
225.0
 30
0.0
 11
75.0
 21
225.0
 31
0.0
  0
LINE
  5
13A2
330
11D7
100
AcDbEntity
  8
Ramales
100
AcDbLine
 10
75.0
 20
225.0
 30
0.0
 11
85.0
 21
225.0
 31
0.0
  0
LINE
  5
13A3
330
11D7
100
AcDbEntity
  8
Ramales
100
AcDbLine
 10
85.0
 20
225.0
 30
0.0
 11
95.0
 21
225.0
 31
0.0
  0
LINE
  5
13A4
330
11D7
100
AcDbEntity
  8
Ramales
100
AcDbLine
 10
94.999999998603
 20
225.0
 30
0.0
 11
105.0
 21
225.0
 31
0.0
  0
LINE
  5
13A5
330
11D7
100
AcDbEntity
  8
Ramales
100
AcDbLine
 10
105.0
 20
225.0
 30
0.0
 11
115.0
 21
225.0
 31
0.0
  0
LINE
  5
13A6
330
11D7
100
AcDbEntity
  8
Ramales
100
AcDbLine
 10
5.000000000465661
 20
225.0
 30
0.0
 11
2.499999998603016
 21
225.0
 31
0.0
  0
LINE
  5
13A7
330
11D7
100
AcDbEntity
  8
Ramales
100
AcDbLine
 10
5.000000000465661
 20
215.0
 30
0.0
 11
15.0
 21
215.0
 31
0.0
  0
LINE
  5
13A8
330
11D7
100
AcDbEntity
  8
Ramales
100
AcDbLine
 10
15.0
 20
215.0
 30
0.0
 11
25.0
 21
215.0
 31
0.0
  0
LINE
  5
13A9
330
11D7
100
AcDbEntity
  8
Ramales
100
AcDbLine
 10
25.0
 20
215.0
 30
0.0
 11
35.0
 21
215.0
 31
0.0
  0
LINE
  5
13AA
330
11D7
100
AcDbEntity
  8
Ramales
100
AcDbLine
 10
35.0
 20
215.0
 30
0.0
 11
45.0
 21
215.0
 31
0.0
  0
LINE
  5
13AB
330
11D7
100
AcDbEntity
  8
Ramales
100
AcDbLine
 10
45.0
 20
215.0
 30
0.0
 11
55.00000000046566
 21
215.0
 31
0.0
  0
LINE
  5
13AC
330
11D7
100
AcDbEntity
  8
Ramales
100
AcDbLine
 10
55.00000000046566
 20
215.0
 30
0.0
 11
65.0
 21
215.0
 31
0.0
  0
LINE
  5
13AD
330
11D7
100
AcDbEntity
  8
Ramales
100
AcDbLine
 10
65.0
 20
215.0
 30
0.0
 11
75.0
 21
215.0
 31
0.0
  0
LINE
  5
13AE
330
11D7
100
AcDbEntity
  8
Ramales
100
AcDbLine
 10
75.0
 20
215.0
 30
0.0
 11
85.0
 21
215.0
 31
0.0
  0
LINE
  5
13AF
330
11D7
100
AcDbEntity
  8
Ramales
100
AcDbLine
 10
85.0
 20
215.0
 30
0.0
 11
95.0
 21
215.0
 31
0.0
  0
LINE
  5
13B0
330
11D7
100
AcDbEntity
  8
Ramales
100
AcDbLine
 10
94.999999998603
 20
215.0
 30
0.0
 11
105.0
 21
215.0
 31
0.0
  0
LINE
  5
13B1
330
11D7
100
AcDbEntity
  8
Ramales
100
AcDbLine
 10
105.0
 20
215.0
 30
0.0
 11
115.0
 21
215.0
 31
0.0
  0
LINE
  5
13B2
330
11D7
100
AcDbEntity
  8
Ramales
100
AcDbLine
 10
5.000000000465661
 20
215.0
 30
0.0
 11
2.499999998603016
 21
215.0
 31
0.0
  0
LINE
  5
13B3
330
11D7
100
AcDbEntity
  8
Ramales
100
AcDbLine
 10
5.000000000465661
 20
205.0
 30
0.0
 11
15.0
 21
205.0
 31
0.0
  0
LINE
  5
13B4
330
11D7
100
AcDbEntity
  8
Ramales
100
AcDbLine
 10
15.0
 20
205.0
 30
0.0
 11
25.0
 21
205.0
 31
0.0
  0
LINE
  5
13B5
330
11D7
100
AcDbEntity
  8
Ramales
100
AcDbLine
 10
25.0
 20
205.0
 30
0.0
 11
35.0
 21
205.0
 31
0.0
  0
LINE
  5
13B6
330
11D7
100
AcDbEntity
  8
Ramales
100
AcDbLine
 10
35.0
 20
205.0
 30
0.0
 11
45.0
 21
205.0
 31
0.0
  0
LINE
  5
13B7
330
11D7
100
AcDbEntity
  8
Ramales
100
AcDbLine
 10
45.0
 20
205.0
 30
0.0
 11
55.00000000046566
 21
205.0
 31
0.0
  0
LINE
  5
13B8
330
11D7
100
AcDbEntity
  8
Ramales
100
AcDbLine
 10
55.00000000046566
 20
205.0
 30
0.0
 11
65.0
 21
205.0
 31
0.0
  0
LINE
  5
13B9
330
11D7
100
AcDbEntity
  8
Ramales
100
AcDbLine
 10
65.0
 20
205.0
 30
0.0
 11
75.0
 21
205.0
 31
0.0
  0
LINE
  5
13BA
330
11D7
100
AcDbEntity
  8
Ramales
100
AcDbLine
 10
75.0
 20
205.0
 30
0.0
 11
85.0
 21
205.0
 31
0.0
  0
LINE
  5
13BB
330
11D7
100
AcDbEntity
  8
Ramales
100
AcDbLine
 10
85.0
 20
205.0
 30
0.0
 11
95.0
 21
205.0
 31
0.0
  0
LINE
  5
13BC
330
11D7
100
AcDbEntity
  8
Ramales
100
AcDbLine
 10
94.999999998603
 20
205.0
 30
0.0
 11
105.0
 21
205.0
 31
0.0
  0
LINE
  5
13BD
330
11D7
100
AcDbEntity
  8
Ramales
100
AcDbLine
 10
105.0
 20
205.0
 30
0.0
 11
115.0
 21
205.0
 31
0.0
  0
LINE
  5
13BE
330
11D7
100
AcDbEntity
  8
Ramales
100
AcDbLine
 10
5.000000000465661
 20
205.0
 30
0.0
 11
2.499999998603016
 21
205.0
 31
0.0
  0
LINE
  5
13BF
330
11D7
100
AcDbEntity
  8
Ramales
100
AcDbLine
 10
5.000000000465661
 20
195.000000001397
 30
0.0
 11
15.0
 21
195.000000001397
 31
0.0
  0
LINE
  5
13C0
330
11D7
100
AcDbEntity
  8
Ramales
100
AcDbLine
 10
15.0
 20
195.000000001397
 30
0.0
 11
25.0
 21
195.000000001397
 31
0.0
  0
LINE
  5
13C1
330
11D7
100
AcDbEntity
  8
Ramales
100
AcDbLine
 10
25.0
 20
195.000000001397
 30
0.0
 11
35.0
 21
195.000000001397
 31
0.0
  0
LINE
  5
13C2
330
11D7
100
AcDbEntity
  8
Ramales
100
AcDbLine
 10
35.0
 20
195.000000001397
 30
0.0
 11
45.0
 21
195.000000001397
 31
0.0
  0
LINE
  5
13C3
330
11D7
100
AcDbEntity
  8
Ramales
100
AcDbLine
 10
45.0
 20
195.000000001397
 30
0.0
 11
55.00000000046566
 21
195.000000001397
 31
0.0
  0
LINE
  5
13C4
330
11D7
100
AcDbEntity
  8
Ramales
100
AcDbLine
 10
55.00000000046566
 20
195.000000001397
 30
0.0
 11
65.0
 21
195.000000001397
 31
0.0
  0
LINE
  5
13C5
330
11D7
100
AcDbEntity
  8
Ramales
100
AcDbLine
 10
65.0
 20
195.000000001397
 30
0.0
 11
75.0
 21
195.000000001397
 31
0.0
  0
LINE
  5
13C6
330
11D7
100
AcDbEntity
  8
Ramales
100
AcDbLine
 10
75.0
 20
195.000000001397
 30
0.0
 11
85.0
 21
195.000000001397
 31
0.0
  0
LINE
  5
13C7
330
11D7
100
AcDbEntity
  8
Ramales
100
AcDbLine
 10
85.0
 20
195.000000001397
 30
0.0
 11
95.0
 21
195.000000001397
 31
0.0
  0
LINE
  5
13C8
330
11D7
100
AcDbEntity
  8
Ramales
100
AcDbLine
 10
94.999999998603
 20
195.000000001397
 30
0.0
 11
105.0
 21
195.000000001397
 31
0.0
  0
LINE
  5
13C9
330
11D7
100
AcDbEntity
  8
Ramales
100
AcDbLine
 10
105.0
 20
195.000000001397
 30
0.0
 11
115.0
 21
195.000000001397
 31
0.0
  0
LINE
  5
13CA
330
11D7
100
AcDbEntity
  8
Ramales
100
AcDbLine
 10
5.000000000465661
 20
195.000000001397
 30
0.0
 11
2.499999998603016
 21
195.0
 31
0.0
  0
LINE
  5
13CB
330
11D7
100
AcDbEntity
  8
Ramales
100
AcDbLine
 10
5.000000000465661
 20
185.0
 30
0.0
 11
15.0
 21
185.0
 31
0.0
  0
LINE
  5
13CC
330
11D7
100
AcDbEntity
  8
Ramales
100
AcDbLine
 10
15.0
 20
185.0
 30
0.0
 11
25.0
 21
185.0
 31
0.0
  0
LINE
  5
13CD
330
11D7
100
AcDbEntity
  8
Ramales
100
AcDbLine
 10
25.0
 20
185.0
 30
0.0
 11
35.0
 21
185.0
 31
0.0
  0
LINE
  5
13CE
330
11D7
100
AcDbEntity
  8
Ramales
100
AcDbLine
 10
35.0
 20
185.0
 30
0.0
 11
45.0
 21
185.0
 31
0.0
  0
LINE
  5
13CF
330
11D7
100
AcDbEntity
  8
Ramales
100
AcDbLine
 10
45.0
 20
185.0
 30
0.0
 11
55.00000000046566
 21
185.0
 31
0.0
  0
LINE
  5
13D0
330
11D7
100
AcDbEntity
  8
Ramales
100
AcDbLine
 10
55.00000000046566
 20
185.0
 30
0.0
 11
65.0
 21
185.0
 31
0.0
  0
LINE
  5
13D1
330
11D7
100
AcDbEntity
  8
Ramales
100
AcDbLine
 10
65.0
 20
185.0
 30
0.0
 11
75.0
 21
185.0
 31
0.0
  0
LINE
  5
13D2
330
11D7
100
AcDbEntity
  8
Ramales
100
AcDbLine
 10
75.0
 20
185.0
 30
0.0
 11
85.0
 21
185.0
 31
0.0
  0
LINE
  5
13D3
330
11D7
100
AcDbEntity
  8
Ramales
100
AcDbLine
 10
85.0
 20
185.0
 30
0.0
 11
95.0
 21
185.0
 31
0.0
  0
LINE
  5
13D4
330
11D7
100
AcDbEntity
  8
Ramales
100
AcDbLine
 10
94.999999998603
 20
185.0
 30
0.0
 11
105.0
 21
185.0
 31
0.0
  0
LINE
  5
13D5
330
11D7
100
AcDbEntity
  8
Ramales
100
AcDbLine
 10
105.0
 20
185.0
 30
0.0
 11
115.0
 21
185.0
 31
0.0
  0
LINE
  5
13D6
330
11D7
100
AcDbEntity
  8
Ramales
100
AcDbLine
 10
5.000000000465661
 20
185.0
 30
0.0
 11
2.499999998603016
 21
185.0
 31
0.0
  0
LINE
  5
13D7
330
11D7
100
AcDbEntity
  8
Ramales
100
AcDbLine
 10
5.000000000465661
 20
175.0
 30
0.0
 11
15.0
 21
175.0
 31
0.0
  0
LINE
  5
13D8
330
11D7
100
AcDbEntity
  8
Ramales
100
AcDbLine
 10
15.0
 20
175.0
 30
0.0
 11
25.0
 21
175.0
 31
0.0
  0
LINE
  5
13D9
330
11D7
100
AcDbEntity
  8
Ramales
100
AcDbLine
 10
25.0
 20
175.0
 30
0.0
 11
35.0
 21
175.0
 31
0.0
  0
LINE
  5
13DA
330
11D7
100
AcDbEntity
  8
Ramales
100
AcDbLine
 10
35.0
 20
175.0
 30
0.0
 11
45.0
 21
175.0
 31
0.0
  0
LINE
  5
13DB
330
11D7
100
AcDbEntity
  8
Ramales
100
AcDbLine
 10
45.0
 20
175.0
 30
0.0
 11
55.00000000046566
 21
175.0
 31
0.0
  0
LINE
  5
13DC
330
11D7
100
AcDbEntity
  8
Ramales
100
AcDbLine
 10
55.00000000046566
 20
175.0
 30
0.0
 11
65.0
 21
175.0
 31
0.0
  0
LINE
  5
13DD
330
11D7
100
AcDbEntity
  8
Ramales
100
AcDbLine
 10
65.0
 20
175.0
 30
0.0
 11
75.0
 21
175.0
 31
0.0
  0
LINE
  5
13DE
330
11D7
100
AcDbEntity
  8
Ramales
100
AcDbLine
 10
75.0
 20
175.0
 30
0.0
 11
85.0
 21
175.0
 31
0.0
  0
LINE
  5
13DF
330
11D7
100
AcDbEntity
  8
Ramales
100
AcDbLine
 10
85.0
 20
175.0
 30
0.0
 11
95.0
 21
175.0
 31
0.0
  0
LINE
  5
13E0
330
11D7
100
AcDbEntity
  8
Ramales
100
AcDbLine
 10
94.999999998603
 20
175.0
 30
0.0
 11
105.0
 21
175.0
 31
0.0
  0
LINE
  5
13E1
330
11D7
100
AcDbEntity
  8
Ramales
100
AcDbLine
 10
105.0
 20
175.0
 30
0.0
 11
115.0
 21
175.0
 31
0.0
  0
LINE
  5
13E2
330
11D7
100
AcDbEntity
  8
Ramales
100
AcDbLine
 10
5.000000000465661
 20
175.0
 30
0.0
 11
2.499999998603016
 21
175.0
 31
0.0
  0
LINE
  5
13E3
330
11D7
100
AcDbEntity
  8
Ramales
100
AcDbLine
 10
5.000000000465661
 20
165.0
 30
0.0
 11
15.0
 21
165.0
 31
0.0
  0
LINE
  5
13E4
330
11D7
100
AcDbEntity
  8
Ramales
100
AcDbLine
 10
15.0
 20
165.0
 30
0.0
 11
25.0
 21
165.0
 31
0.0
  0
LINE
  5
13E5
330
11D7
100
AcDbEntity
  8
Ramales
100
AcDbLine
 10
25.0
 20
165.0
 30
0.0
 11
35.0
 21
165.0
 31
0.0
  0
LINE
  5
13E6
330
11D7
100
AcDbEntity
  8
Ramales
100
AcDbLine
 10
35.0
 20
165.0
 30
0.0
 11
45.0
 21
165.0
 31
0.0
  0
LINE
  5
13E7
330
11D7
100
AcDbEntity
  8
Ramales
100
AcDbLine
 10
45.0
 20
165.0
 30
0.0
 11
55.00000000046566
 21
165.0
 31
0.0
  0
LINE
  5
13E8
330
11D7
100
AcDbEntity
  8
Ramales
100
AcDbLine
 10
55.00000000046566
 20
165.0
 30
0.0
 11
65.0
 21
165.0
 31
0.0
  0
LINE
  5
13E9
330
11D7
100
AcDbEntity
  8
Ramales
100
AcDbLine
 10
65.0
 20
165.0
 30
0.0
 11
75.0
 21
165.0
 31
0.0
  0
LINE
  5
13EA
330
11D7
100
AcDbEntity
  8
Ramales
100
AcDbLine
 10
75.0
 20
165.0
 30
0.0
 11
85.0
 21
165.0
 31
0.0
  0
LINE
  5
13EB
330
11D7
100
AcDbEntity
  8
Ramales
100
AcDbLine
 10
85.0
 20
165.0
 30
0.0
 11
95.0
 21
165.0
 31
0.0
  0
LINE
  5
13EC
330
11D7
100
AcDbEntity
  8
Ramales
100
AcDbLine
 10
94.999999998603
 20
165.0
 30
0.0
 11
105.0
 21
165.0
 31
0.0
  0
LINE
  5
13ED
330
11D7
100
AcDbEntity
  8
Ramales
100
AcDbLine
 10
105.0
 20
165.0
 30
0.0
 11
115.0
 21
165.0
 31
0.0
  0
LINE
  5
13EE
330
11D7
100
AcDbEntity
  8
Ramales
100
AcDbLine
 10
5.000000000465661
 20
165.0
 30
0.0
 11
2.499999998603016
 21
165.0
 31
0.0
  0
LINE
  5
13EF
330
11D7
100
AcDbEntity
  8
Ramales
100
AcDbLine
 10
5.000000000465661
 20
155.0
 30
0.0
 11
15.0
 21
155.0
 31
0.0
  0
LINE
  5
13F0
330
11D7
100
AcDbEntity
  8
Ramales
100
AcDbLine
 10
15.0
 20
155.0
 30
0.0
 11
25.0
 21
155.0
 31
0.0
  0
LINE
  5
13F1
330
11D7
100
AcDbEntity
  8
Ramales
100
AcDbLine
 10
25.0
 20
155.0
 30
0.0
 11
35.0
 21
155.0
 31
0.0
  0
LINE
  5
13F2
330
11D7
100
AcDbEntity
  8
Ramales
100
AcDbLine
 10
35.0
 20
155.0
 30
0.0
 11
45.0
 21
155.0
 31
0.0
  0
LINE
  5
13F3
330
11D7
100
AcDbEntity
  8
Ramales
100
AcDbLine
 10
45.0
 20
155.0
 30
0.0
 11
55.00000000046566
 21
155.0
 31
0.0
  0
LINE
  5
13F4
330
11D7
100
AcDbEntity
  8
Ramales
100
AcDbLine
 10
55.00000000046566
 20
155.0
 30
0.0
 11
65.0
 21
155.0
 31
0.0
  0
LINE
  5
13F5
330
11D7
100
AcDbEntity
  8
Ramales
100
AcDbLine
 10
65.0
 20
155.0
 30
0.0
 11
75.0
 21
155.0
 31
0.0
  0
LINE
  5
13F6
330
11D7
100
AcDbEntity
  8
Ramales
100
AcDbLine
 10
75.0
 20
155.0
 30
0.0
 11
85.0
 21
155.0
 31
0.0
  0
LINE
  5
13F7
330
11D7
100
AcDbEntity
  8
Ramales
100
AcDbLine
 10
85.0
 20
155.0
 30
0.0
 11
95.0
 21
155.0
 31
0.0
  0
LINE
  5
13F8
330
11D7
100
AcDbEntity
  8
Ramales
100
AcDbLine
 10
94.999999998603
 20
155.0
 30
0.0
 11
105.0
 21
155.0
 31
0.0
  0
LINE
  5
13F9
330
11D7
100
AcDbEntity
  8
Ramales
100
AcDbLine
 10
105.0
 20
155.0
 30
0.0
 11
115.0
 21
155.0
 31
0.0
  0
LINE
  5
13FA
330
11D7
100
AcDbEntity
  8
Ramales
100
AcDbLine
 10
5.000000000465661
 20
155.0
 30
0.0
 11
2.499999998603016
 21
155.0
 31
0.0
  0
LINE
  5
13FB
330
11D7
100
AcDbEntity
  8
Ramales
100
AcDbLine
 10
5.000000000465661
 20
145.0
 30
0.0
 11
15.0
 21
145.0
 31
0.0
  0
LINE
  5
13FC
330
11D7
100
AcDbEntity
  8
Ramales
100
AcDbLine
 10
15.0
 20
145.0
 30
0.0
 11
25.0
 21
145.0
 31
0.0
  0
LINE
  5
13FD
330
11D7
100
AcDbEntity
  8
Ramales
100
AcDbLine
 10
25.0
 20
145.0
 30
0.0
 11
35.0
 21
145.0
 31
0.0
  0
LINE
  5
13FE
330
11D7
100
AcDbEntity
  8
Ramales
100
AcDbLine
 10
35.0
 20
145.0
 30
0.0
 11
45.0
 21
145.0
 31
0.0
  0
LINE
  5
13FF
330
11D7
100
AcDbEntity
  8
Ramales
100
AcDbLine
 10
45.0
 20
145.0
 30
0.0
 11
55.00000000046566
 21
145.0
 31
0.0
  0
LINE
  5
1400
330
11D7
100
AcDbEntity
  8
Ramales
100
AcDbLine
 10
55.00000000046566
 20
145.0
 30
0.0
 11
65.0
 21
145.0
 31
0.0
  0
LINE
  5
1401
330
11D7
100
AcDbEntity
  8
Ramales
100
AcDbLine
 10
65.0
 20
145.0
 30
0.0
 11
75.0
 21
145.0
 31
0.0
  0
LINE
  5
1402
330
11D7
100
AcDbEntity
  8
Ramales
100
AcDbLine
 10
75.0
 20
145.0
 30
0.0
 11
85.0
 21
145.0
 31
0.0
  0
LINE
  5
1403
330
11D7
100
AcDbEntity
  8
Ramales
100
AcDbLine
 10
85.0
 20
145.0
 30
0.0
 11
95.0
 21
145.0
 31
0.0
  0
LINE
  5
1404
330
11D7
100
AcDbEntity
  8
Ramales
100
AcDbLine
 10
94.999999998603
 20
145.0
 30
0.0
 11
105.0
 21
145.0
 31
0.0
  0
LINE
  5
1405
330
11D7
100
AcDbEntity
  8
Ramales
100
AcDbLine
 10
105.0
 20
145.0
 30
0.0
 11
115.0
 21
145.0
 31
0.0
  0
LINE
  5
1406
330
11D7
100
AcDbEntity
  8
Ramales
100
AcDbLine
 10
5.000000000465661
 20
145.0
 30
0.0
 11
2.499999998603016
 21
145.0
 31
0.0
  0
LINE
  5
1407
330
11D7
100
AcDbEntity
  8
Ramales
100
AcDbLine
 10
5.000000000465661
 20
135.0
 30
0.0
 11
15.0
 21
135.0
 31
0.0
  0
LINE
  5
1408
330
11D7
100
AcDbEntity
  8
Ramales
100
AcDbLine
 10
15.0
 20
135.0
 30
0.0
 11
25.0
 21
135.0
 31
0.0
  0
LINE
  5
1409
330
11D7
100
AcDbEntity
  8
Ramales
100
AcDbLine
 10
25.0
 20
135.0
 30
0.0
 11
35.0
 21
135.0
 31
0.0
  0
LINE
  5
140A
330
11D7
100
AcDbEntity
  8
Ramales
100
AcDbLine
 10
35.0
 20
135.0
 30
0.0
 11
45.0
 21
135.0
 31
0.0
  0
LINE
  5
140B
330
11D7
100
AcDbEntity
  8
Ramales
100
AcDbLine
 10
45.0
 20
135.0
 30
0.0
 11
55.00000000046566
 21
135.0
 31
0.0
  0
LINE
  5
140C
330
11D7
100
AcDbEntity
  8
Ramales
100
AcDbLine
 10
55.00000000046566
 20
135.0
 30
0.0
 11
65.0
 21
135.0
 31
0.0
  0
LINE
  5
140D
330
11D7
100
AcDbEntity
  8
Ramales
100
AcDbLine
 10
65.0
 20
135.0
 30
0.0
 11
75.0
 21
135.0
 31
0.0
  0
LINE
  5
140E
330
11D7
100
AcDbEntity
  8
Ramales
100
AcDbLine
 10
75.0
 20
135.0
 30
0.0
 11
85.0
 21
135.0
 31
0.0
  0
LINE
  5
140F
330
11D7
100
AcDbEntity
  8
Ramales
100
AcDbLine
 10
85.0
 20
135.0
 30
0.0
 11
95.0
 21
135.0
 31
0.0
  0
LINE
  5
1410
330
11D7
100
AcDbEntity
  8
Ramales
100
AcDbLine
 10
94.999999998603
 20
135.0
 30
0.0
 11
105.0
 21
135.0
 31
0.0
  0
LINE
  5
1411
330
11D7
100
AcDbEntity
  8
Ramales
100
AcDbLine
 10
105.0
 20
135.0
 30
0.0
 11
115.0
 21
135.0
 31
0.0
  0
LINE
  5
1412
330
11D7
100
AcDbEntity
  8
Ramales
100
AcDbLine
 10
5.000000000465661
 20
135.0
 30
0.0
 11
2.499999998603016
 21
135.0
 31
0.0
  0
LINE
  5
1413
330
11D7
100
AcDbEntity
  8
Ramales
100
AcDbLine
 10
5.000000000465661
 20
125.000000001397
 30
0.0
 11
15.0
 21
125.000000001397
 31
0.0
  0
LINE
  5
1414
330
11D7
100
AcDbEntity
  8
Ramales
100
AcDbLine
 10
15.0
 20
125.000000001397
 30
0.0
 11
25.0
 21
125.000000001397
 31
0.0
  0
LINE
  5
1415
330
11D7
100
AcDbEntity
  8
Ramales
100
AcDbLine
 10
25.0
 20
125.000000001397
 30
0.0
 11
35.0
 21
125.000000001397
 31
0.0
  0
LINE
  5
1416
330
11D7
100
AcDbEntity
  8
Ramales
100
AcDbLine
 10
35.0
 20
125.000000001397
 30
0.0
 11
45.0
 21
125.000000001397
 31
0.0
  0
LINE
  5
1417
330
11D7
100
AcDbEntity
  8
Ramales
100
AcDbLine
 10
45.0
 20
125.000000001397
 30
0.0
 11
55.00000000046566
 21
125.000000001397
 31
0.0
  0
LINE
  5
1418
330
11D7
100
AcDbEntity
  8
Ramales
100
AcDbLine
 10
55.00000000046566
 20
125.000000001397
 30
0.0
 11
65.0
 21
125.000000001397
 31
0.0
  0
LINE
  5
1419
330
11D7
100
AcDbEntity
  8
Ramales
100
AcDbLine
 10
65.0
 20
125.000000001397
 30
0.0
 11
75.0
 21
125.000000001397
 31
0.0
  0
LINE
  5
141A
330
11D7
100
AcDbEntity
  8
Ramales
100
AcDbLine
 10
75.0
 20
125.000000001397
 30
0.0
 11
85.0
 21
125.000000001397
 31
0.0
  0
LINE
  5
141B
330
11D7
100
AcDbEntity
  8
Ramales
100
AcDbLine
 10
85.0
 20
125.000000001397
 30
0.0
 11
95.0
 21
125.000000001397
 31
0.0
  0
LINE
  5
141C
330
11D7
100
AcDbEntity
  8
Ramales
100
AcDbLine
 10
94.999999998603
 20
125.000000001397
 30
0.0
 11
105.0
 21
125.000000001397
 31
0.0
  0
LINE
  5
141D
330
11D7
100
AcDbEntity
  8
Ramales
100
AcDbLine
 10
105.0
 20
125.000000001397
 30
0.0
 11
115.0
 21
125.000000001397
 31
0.0
  0
LINE
  5
141E
330
11D7
100
AcDbEntity
  8
Ramales
100
AcDbLine
 10
5.000000000465661
 20
125.000000001397
 30
0.0
 11
2.499999998603016
 21
125.0
 31
0.0
  0
LINE
  5
141F
330
11D7
100
AcDbEntity
  8
Ramales
100
AcDbLine
 10
5.000000000465661
 20
115.0
 30
0.0
 11
15.0
 21
115.0
 31
0.0
  0
LINE
  5
1420
330
11D7
100
AcDbEntity
  8
Ramales
100
AcDbLine
 10
15.0
 20
115.0
 30
0.0
 11
25.0
 21
115.0
 31
0.0
  0
LINE
  5
1421
330
11D7
100
AcDbEntity
  8
Ramales
100
AcDbLine
 10
25.0
 20
115.0
 30
0.0
 11
35.0
 21
115.0
 31
0.0
  0
LINE
  5
1422
330
11D7
100
AcDbEntity
  8
Ramales
100
AcDbLine
 10
35.0
 20
115.0
 30
0.0
 11
45.0
 21
115.0
 31
0.0
  0
LINE
  5
1423
330
11D7
100
AcDbEntity
  8
Ramales
100
AcDbLine
 10
45.0
 20
115.0
 30
0.0
 11
55.00000000046566
 21
115.0
 31
0.0
  0
LINE
  5
1424
330
11D7
100
AcDbEntity
  8
Ramales
100
AcDbLine
 10
55.00000000046566
 20
115.0
 30
0.0
 11
65.0
 21
115.0
 31
0.0
  0
LINE
  5
1425
330
11D7
100
AcDbEntity
  8
Ramales
100
AcDbLine
 10
65.0
 20
115.0
 30
0.0
 11
75.0
 21
115.0
 31
0.0
  0
LINE
  5
1426
330
11D7
100
AcDbEntity
  8
Ramales
100
AcDbLine
 10
75.0
 20
115.0
 30
0.0
 11
85.0
 21
115.0
 31
0.0
  0
LINE
  5
1427
330
11D7
100
AcDbEntity
  8
Ramales
100
AcDbLine
 10
85.0
 20
115.0
 30
0.0
 11
95.0
 21
115.0
 31
0.0
  0
LINE
  5
1428
330
11D7
100
AcDbEntity
  8
Ramales
100
AcDbLine
 10
94.999999998603
 20
115.0
 30
0.0
 11
105.0
 21
115.0
 31
0.0
  0
LINE
  5
1429
330
11D7
100
AcDbEntity
  8
Ramales
100
AcDbLine
 10
105.0
 20
115.0
 30
0.0
 11
115.0
 21
115.0
 31
0.0
  0
LINE
  5
142A
330
11D7
100
AcDbEntity
  8
Ramales
100
AcDbLine
 10
5.000000000465661
 20
115.0
 30
0.0
 11
2.499999998603016
 21
115.0
 31
0.0
  0
LINE
  5
142B
330
11D7
100
AcDbEntity
  8
Ramales
100
AcDbLine
 10
5.000000000465661
 20
105.0
 30
0.0
 11
15.0
 21
105.0
 31
0.0
  0
LINE
  5
142C
330
11D7
100
AcDbEntity
  8
Ramales
100
AcDbLine
 10
15.0
 20
105.0
 30
0.0
 11
25.0
 21
105.0
 31
0.0
  0
LINE
  5
142D
330
11D7
100
AcDbEntity
  8
Ramales
100
AcDbLine
 10
25.0
 20
105.0
 30
0.0
 11
35.0
 21
105.0
 31
0.0
  0
LINE
  5
142E
330
11D7
100
AcDbEntity
  8
Ramales
100
AcDbLine
 10
35.0
 20
105.0
 30
0.0
 11
45.0
 21
105.0
 31
0.0
  0
LINE
  5
142F
330
11D7
100
AcDbEntity
  8
Ramales
100
AcDbLine
 10
45.0
 20
105.0
 30
0.0
 11
55.00000000046566
 21
105.0
 31
0.0
  0
LINE
  5
1430
330
11D7
100
AcDbEntity
  8
Ramales
100
AcDbLine
 10
55.00000000046566
 20
105.0
 30
0.0
 11
65.0
 21
105.0
 31
0.0
  0
LINE
  5
1431
330
11D7
100
AcDbEntity
  8
Ramales
100
AcDbLine
 10
65.0
 20
105.0
 30
0.0
 11
75.0
 21
105.0
 31
0.0
  0
LINE
  5
1432
330
11D7
100
AcDbEntity
  8
Ramales
100
AcDbLine
 10
75.0
 20
105.0
 30
0.0
 11
85.0
 21
105.0
 31
0.0
  0
LINE
  5
1433
330
11D7
100
AcDbEntity
  8
Ramales
100
AcDbLine
 10
85.0
 20
105.0
 30
0.0
 11
95.0
 21
105.0
 31
0.0
  0
LINE
  5
1434
330
11D7
100
AcDbEntity
  8
Ramales
100
AcDbLine
 10
94.999999998603
 20
105.0
 30
0.0
 11
105.0
 21
105.0
 31
0.0
  0
LINE
  5
1435
330
11D7
100
AcDbEntity
  8
Ramales
100
AcDbLine
 10
105.0
 20
105.0
 30
0.0
 11
115.0
 21
105.0
 31
0.0
  0
LINE
  5
1436
330
11D7
100
AcDbEntity
  8
Ramales
100
AcDbLine
 10
5.000000000465661
 20
105.0
 30
0.0
 11
2.499999998603016
 21
105.0
 31
0.0
  0
LINE
  5
1437
330
11D7
100
AcDbEntity
  8
Ramales
100
AcDbLine
 10
5.000000000465661
 20
95.0
 30
0.0
 11
15.0
 21
95.0
 31
0.0
  0
LINE
  5
1438
330
11D7
100
AcDbEntity
  8
Ramales
100
AcDbLine
 10
15.0
 20
95.0
 30
0.0
 11
25.0
 21
95.0
 31
0.0
  0
LINE
  5
1439
330
11D7
100
AcDbEntity
  8
Ramales
100
AcDbLine
 10
25.0
 20
95.0
 30
0.0
 11
35.0
 21
95.0
 31
0.0
  0
LINE
  5
143A
330
11D7
100
AcDbEntity
  8
Ramales
100
AcDbLine
 10
35.0
 20
95.0
 30
0.0
 11
45.0
 21
95.0
 31
0.0
  0
LINE
  5
143B
330
11D7
100
AcDbEntity
  8
Ramales
100
AcDbLine
 10
45.0
 20
95.0
 30
0.0
 11
55.00000000046566
 21
95.0
 31
0.0
  0
LINE
  5
143C
330
11D7
100
AcDbEntity
  8
Ramales
100
AcDbLine
 10
55.00000000046566
 20
95.0
 30
0.0
 11
65.0
 21
95.0
 31
0.0
  0
LINE
  5
143D
330
11D7
100
AcDbEntity
  8
Ramales
100
AcDbLine
 10
65.0
 20
95.0
 30
0.0
 11
75.0
 21
95.0
 31
0.0
  0
LINE
  5
143E
330
11D7
100
AcDbEntity
  8
Ramales
100
AcDbLine
 10
75.0
 20
95.0
 30
0.0
 11
85.0
 21
95.0
 31
0.0
  0
LINE
  5
143F
330
11D7
100
AcDbEntity
  8
Ramales
100
AcDbLine
 10
85.0
 20
95.0
 30
0.0
 11
95.0
 21
95.0
 31
0.0
  0
LINE
  5
1440
330
11D7
100
AcDbEntity
  8
Ramales
100
AcDbLine
 10
94.999999998603
 20
95.0
 30
0.0
 11
105.0
 21
95.0
 31
0.0
  0
LINE
  5
1441
330
11D7
100
AcDbEntity
  8
Ramales
100
AcDbLine
 10
105.0
 20
95.0
 30
0.0
 11
115.0
 21
95.0
 31
0.0
  0
LINE
  5
1442
330
11D7
100
AcDbEntity
  8
Ramales
100
AcDbLine
 10
5.000000000465661
 20
95.0
 30
0.0
 11
2.499999998603016
 21
95.0
 31
0.0
  0
LINE
  5
1443
330
11D7
100
AcDbEntity
  8
Ramales
100
AcDbLine
 10
5.000000000465661
 20
85.0
 30
0.0
 11
15.0
 21
85.0
 31
0.0
  0
LINE
  5
1444
330
11D7
100
AcDbEntity
  8
Ramales
100
AcDbLine
 10
15.0
 20
85.0
 30
0.0
 11
25.0
 21
85.0
 31
0.0
  0
LINE
  5
1445
330
11D7
100
AcDbEntity
  8
Ramales
100
AcDbLine
 10
25.0
 20
85.0
 30
0.0
 11
35.0
 21
85.0
 31
0.0
  0
LINE
  5
1446
330
11D7
100
AcDbEntity
  8
Ramales
100
AcDbLine
 10
35.0
 20
85.0
 30
0.0
 11
45.0
 21
85.0
 31
0.0
  0
LINE
  5
1447
330
11D7
100
AcDbEntity
  8
Ramales
100
AcDbLine
 10
45.0
 20
85.0
 30
0.0
 11
55.00000000046566
 21
85.0
 31
0.0
  0
LINE
  5
1448
330
11D7
100
AcDbEntity
  8
Ramales
100
AcDbLine
 10
55.00000000046566
 20
85.0
 30
0.0
 11
65.0
 21
85.0
 31
0.0
  0
LINE
  5
1449
330
11D7
100
AcDbEntity
  8
Ramales
100
AcDbLine
 10
65.0
 20
85.0
 30
0.0
 11
75.0
 21
85.0
 31
0.0
  0
LINE
  5
144A
330
11D7
100
AcDbEntity
  8
Ramales
100
AcDbLine
 10
75.0
 20
85.0
 30
0.0
 11
85.0
 21
85.0
 31
0.0
  0
LINE
  5
144B
330
11D7
100
AcDbEntity
  8
Ramales
100
AcDbLine
 10
85.0
 20
85.0
 30
0.0
 11
95.0
 21
85.0
 31
0.0
  0
LINE
  5
144C
330
11D7
100
AcDbEntity
  8
Ramales
100
AcDbLine
 10
94.999999998603
 20
85.0
 30
0.0
 11
105.0
 21
85.0
 31
0.0
  0
LINE
  5
144D
330
11D7
100
AcDbEntity
  8
Ramales
100
AcDbLine
 10
105.0
 20
85.0
 30
0.0
 11
115.0
 21
85.0
 31
0.0
  0
LINE
  5
144E
330
11D7
100
AcDbEntity
  8
Ramales
100
AcDbLine
 10
5.000000000465661
 20
85.0
 30
0.0
 11
2.499999998603016
 21
85.0
 31
0.0
  0
LINE
  5
144F
330
11D7
100
AcDbEntity
  8
Ramales
100
AcDbLine
 10
5.000000000465661
 20
75.00000000139698
 30
0.0
 11
15.0
 21
75.00000000139698
 31
0.0
  0
LINE
  5
1450
330
11D7
100
AcDbEntity
  8
Ramales
100
AcDbLine
 10
15.0
 20
75.00000000139698
 30
0.0
 11
25.0
 21
75.00000000139698
 31
0.0
  0
LINE
  5
1451
330
11D7
100
AcDbEntity
  8
Ramales
100
AcDbLine
 10
25.0
 20
75.00000000139698
 30
0.0
 11
35.0
 21
75.00000000139698
 31
0.0
  0
LINE
  5
1452
330
11D7
100
AcDbEntity
  8
Ramales
100
AcDbLine
 10
35.0
 20
75.00000000139698
 30
0.0
 11
45.0
 21
75.00000000139698
 31
0.0
  0
LINE
  5
1453
330
11D7
100
AcDbEntity
  8
Ramales
100
AcDbLine
 10
45.0
 20
75.00000000139698
 30
0.0
 11
55.00000000046566
 21
75.00000000139698
 31
0.0
  0
LINE
  5
1454
330
11D7
100
AcDbEntity
  8
Ramales
100
AcDbLine
 10
55.00000000046566
 20
75.00000000139698
 30
0.0
 11
65.0
 21
75.00000000139698
 31
0.0
  0
LINE
  5
1455
330
11D7
100
AcDbEntity
  8
Ramales
100
AcDbLine
 10
65.0
 20
75.00000000139698
 30
0.0
 11
75.0
 21
75.00000000139698
 31
0.0
  0
LINE
  5
1456
330
11D7
100
AcDbEntity
  8
Ramales
100
AcDbLine
 10
75.0
 20
75.00000000139698
 30
0.0
 11
85.0
 21
75.00000000139698
 31
0.0
  0
LINE
  5
1457
330
11D7
100
AcDbEntity
  8
Ramales
100
AcDbLine
 10
85.0
 20
75.00000000139698
 30
0.0
 11
95.0
 21
75.00000000139698
 31
0.0
  0
LINE
  5
1458
330
11D7
100
AcDbEntity
  8
Ramales
100
AcDbLine
 10
94.999999998603
 20
75.00000000139698
 30
0.0
 11
105.0
 21
75.00000000139698
 31
0.0
  0
LINE
  5
1459
330
11D7
100
AcDbEntity
  8
Ramales
100
AcDbLine
 10
105.0
 20
75.00000000139698
 30
0.0
 11
115.0
 21
75.00000000139698
 31
0.0
  0
LINE
  5
145A
330
11D7
100
AcDbEntity
  8
Ramales
100
AcDbLine
 10
5.000000000465661
 20
75.00000000139698
 30
0.0
 11
2.499999998603016
 21
75.0
 31
0.0
  0
LINE
  5
145B
330
11D7
100
AcDbEntity
  8
Ramales
100
AcDbLine
 10
5.000000000465661
 20
65.0
 30
0.0
 11
15.0
 21
65.0
 31
0.0
  0
LINE
  5
145C
330
11D7
100
AcDbEntity
  8
Ramales
100
AcDbLine
 10
15.0
 20
65.0
 30
0.0
 11
25.0
 21
65.0
 31
0.0
  0
LINE
  5
145D
330
11D7
100
AcDbEntity
  8
Ramales
100
AcDbLine
 10
25.0
 20
65.0
 30
0.0
 11
35.0
 21
65.0
 31
0.0
  0
LINE
  5
145E
330
11D7
100
AcDbEntity
  8
Ramales
100
AcDbLine
 10
35.0
 20
65.0
 30
0.0
 11
45.0
 21
65.0
 31
0.0
  0
LINE
  5
145F
330
11D7
100
AcDbEntity
  8
Ramales
100
AcDbLine
 10
45.0
 20
65.0
 30
0.0
 11
55.00000000046566
 21
65.0
 31
0.0
  0
LINE
  5
1460
330
11D7
100
AcDbEntity
  8
Ramales
100
AcDbLine
 10
55.00000000046566
 20
65.0
 30
0.0
 11
65.0
 21
65.0
 31
0.0
  0
LINE
  5
1461
330
11D7
100
AcDbEntity
  8
Ramales
100
AcDbLine
 10
65.0
 20
65.0
 30
0.0
 11
75.0
 21
65.0
 31
0.0
  0
LINE
  5
1462
330
11D7
100
AcDbEntity
  8
Ramales
100
AcDbLine
 10
75.0
 20
65.0
 30
0.0
 11
85.0
 21
65.0
 31
0.0
  0
LINE
  5
1463
330
11D7
100
AcDbEntity
  8
Ramales
100
AcDbLine
 10
85.0
 20
65.0
 30
0.0
 11
95.0
 21
65.0
 31
0.0
  0
LINE
  5
1464
330
11D7
100
AcDbEntity
  8
Ramales
100
AcDbLine
 10
94.999999998603
 20
65.0
 30
0.0
 11
105.0
 21
65.0
 31
0.0
  0
LINE
  5
1465
330
11D7
100
AcDbEntity
  8
Ramales
100
AcDbLine
 10
105.0
 20
65.0
 30
0.0
 11
115.0
 21
65.0
 31
0.0
  0
LINE
  5
1466
330
11D7
100
AcDbEntity
  8
Ramales
100
AcDbLine
 10
5.000000000465661
 20
65.0
 30
0.0
 11
2.499999998603016
 21
65.0
 31
0.0
  0
LINE
  5
1467
330
11D7
100
AcDbEntity
  8
Ramales
100
AcDbLine
 10
5.000000000465661
 20
55.0
 30
0.0
 11
15.0
 21
55.0
 31
0.0
  0
LINE
  5
1468
330
11D7
100
AcDbEntity
  8
Ramales
100
AcDbLine
 10
15.0
 20
55.0
 30
0.0
 11
25.0
 21
55.0
 31
0.0
  0
LINE
  5
1469
330
11D7
100
AcDbEntity
  8
Ramales
100
AcDbLine
 10
25.0
 20
55.0
 30
0.0
 11
35.0
 21
55.0
 31
0.0
  0
LINE
  5
146A
330
11D7
100
AcDbEntity
  8
Ramales
100
AcDbLine
 10
35.0
 20
55.0
 30
0.0
 11
45.0
 21
55.0
 31
0.0
  0
LINE
  5
146B
330
11D7
100
AcDbEntity
  8
Ramales
100
AcDbLine
 10
45.0
 20
55.0
 30
0.0
 11
55.00000000046566
 21
55.0
 31
0.0
  0
LINE
  5
146C
330
11D7
100
AcDbEntity
  8
Ramales
100
AcDbLine
 10
55.00000000046566
 20
55.0
 30
0.0
 11
65.0
 21
55.0
 31
0.0
  0
LINE
  5
146D
330
11D7
100
AcDbEntity
  8
Ramales
100
AcDbLine
 10
65.0
 20
55.0
 30
0.0
 11
75.0
 21
55.0
 31
0.0
  0
LINE
  5
146E
330
11D7
100
AcDbEntity
  8
Ramales
100
AcDbLine
 10
75.0
 20
55.0
 30
0.0
 11
85.0
 21
55.0
 31
0.0
  0
LINE
  5
146F
330
11D7
100
AcDbEntity
  8
Ramales
100
AcDbLine
 10
85.0
 20
55.0
 30
0.0
 11
95.0
 21
55.0
 31
0.0
  0
LINE
  5
1470
330
11D7
100
AcDbEntity
  8
Ramales
100
AcDbLine
 10
94.999999998603
 20
55.0
 30
0.0
 11
105.0
 21
55.0
 31
0.0
  0
LINE
  5
1471
330
11D7
100
AcDbEntity
  8
Ramales
100
AcDbLine
 10
105.0
 20
55.0
 30
0.0
 11
115.0
 21
55.0
 31
0.0
  0
LINE
  5
1472
330
11D7
100
AcDbEntity
  8
Ramales
100
AcDbLine
 10
5.000000000465661
 20
55.0
 30
0.0
 11
2.499999998603016
 21
55.0
 31
0.0
  0
LINE
  5
1473
330
11D7
100
AcDbEntity
  8
Ramales
100
AcDbLine
 10
5.000000000465661
 20
45.0
 30
0.0
 11
15.0
 21
45.0
 31
0.0
  0
LINE
  5
1474
330
11D7
100
AcDbEntity
  8
Ramales
100
AcDbLine
 10
15.0
 20
45.0
 30
0.0
 11
25.0
 21
45.0
 31
0.0
  0
LINE
  5
1475
330
11D7
100
AcDbEntity
  8
Ramales
100
AcDbLine
 10
25.0
 20
45.0
 30
0.0
 11
35.0
 21
45.0
 31
0.0
  0
LINE
  5
1476
330
11D7
100
AcDbEntity
  8
Ramales
100
AcDbLine
 10
35.0
 20
45.0
 30
0.0
 11
45.0
 21
45.0
 31
0.0
  0
LINE
  5
1477
330
11D7
100
AcDbEntity
  8
Ramales
100
AcDbLine
 10
45.0
 20
45.0
 30
0.0
 11
55.00000000046566
 21
45.0
 31
0.0
  0
LINE
  5
1478
330
11D7
100
AcDbEntity
  8
Ramales
100
AcDbLine
 10
55.00000000046566
 20
45.0
 30
0.0
 11
65.0
 21
45.0
 31
0.0
  0
LINE
  5
1479
330
11D7
100
AcDbEntity
  8
Ramales
100
AcDbLine
 10
65.0
 20
45.0
 30
0.0
 11
75.0
 21
45.0
 31
0.0
  0
LINE
  5
147A
330
11D7
100
AcDbEntity
  8
Ramales
100
AcDbLine
 10
75.0
 20
45.0
 30
0.0
 11
85.0
 21
45.0
 31
0.0
  0
LINE
  5
147B
330
11D7
100
AcDbEntity
  8
Ramales
100
AcDbLine
 10
85.0
 20
45.0
 30
0.0
 11
95.0
 21
45.0
 31
0.0
  0
LINE
  5
147C
330
11D7
100
AcDbEntity
  8
Ramales
100
AcDbLine
 10
94.999999998603
 20
45.0
 30
0.0
 11
105.0
 21
45.0
 31
0.0
  0
LINE
  5
147D
330
11D7
100
AcDbEntity
  8
Ramales
100
AcDbLine
 10
105.0
 20
45.0
 30
0.0
 11
115.0
 21
45.0
 31
0.0
  0
LINE
  5
147E
330
11D7
100
AcDbEntity
  8
Ramales
100
AcDbLine
 10
5.000000000465661
 20
45.0
 30
0.0
 11
2.499999998603016
 21
45.0
 31
0.0
  0
LINE
  5
147F
330
11D7
100
AcDbEntity
  8
Ramales
100
AcDbLine
 10
5.000000000465661
 20
35.0
 30
0.0
 11
15.0
 21
35.0
 31
0.0
  0
LINE
  5
1480
330
11D7
100
AcDbEntity
  8
Ramales
100
AcDbLine
 10
15.0
 20
35.0
 30
0.0
 11
25.0
 21
35.0
 31
0.0
  0
LINE
  5
1481
330
11D7
100
AcDbEntity
  8
Ramales
100
AcDbLine
 10
25.0
 20
35.0
 30
0.0
 11
35.0
 21
35.0
 31
0.0
  0
LINE
  5
1482
330
11D7
100
AcDbEntity
  8
Ramales
100
AcDbLine
 10
35.0
 20
35.0
 30
0.0
 11
45.0
 21
35.0
 31
0.0
  0
LINE
  5
1483
330
11D7
100
AcDbEntity
  8
Ramales
100
AcDbLine
 10
45.0
 20
35.0
 30
0.0
 11
55.00000000046566
 21
35.0
 31
0.0
  0
LINE
  5
1484
330
11D7
100
AcDbEntity
  8
Ramales
100
AcDbLine
 10
55.00000000046566
 20
35.0
 30
0.0
 11
65.0
 21
35.0
 31
0.0
  0
LINE
  5
1485
330
11D7
100
AcDbEntity
  8
Ramales
100
AcDbLine
 10
65.0
 20
35.0
 30
0.0
 11
75.0
 21
35.0
 31
0.0
  0
LINE
  5
1486
330
11D7
100
AcDbEntity
  8
Ramales
100
AcDbLine
 10
75.0
 20
35.0
 30
0.0
 11
85.0
 21
35.0
 31
0.0
  0
LINE
  5
1487
330
11D7
100
AcDbEntity
  8
Ramales
100
AcDbLine
 10
85.0
 20
35.0
 30
0.0
 11
95.0
 21
35.0
 31
0.0
  0
LINE
  5
1488
330
11D7
100
AcDbEntity
  8
Ramales
100
AcDbLine
 10
94.999999998603
 20
35.0
 30
0.0
 11
105.0
 21
35.0
 31
0.0
  0
LINE
  5
1489
330
11D7
100
AcDbEntity
  8
Ramales
100
AcDbLine
 10
105.0
 20
35.0
 30
0.0
 11
115.0
 21
35.0
 31
0.0
  0
LINE
  5
148A
330
11D7
100
AcDbEntity
  8
Ramales
100
AcDbLine
 10
5.000000000465661
 20
35.0
 30
0.0
 11
2.499999998603016
 21
35.0
 31
0.0
  0
LINE
  5
148B
330
11D7
100
AcDbEntity
  8
Ramales
100
AcDbLine
 10
5.000000000465661
 20
25.00000000139698
 30
0.0
 11
15.0
 21
25.00000000139698
 31
0.0
  0
LINE
  5
148C
330
11D7
100
AcDbEntity
  8
Ramales
100
AcDbLine
 10
15.0
 20
25.00000000139698
 30
0.0
 11
25.0
 21
25.00000000139698
 31
0.0
  0
LINE
  5
148D
330
11D7
100
AcDbEntity
  8
Ramales
100
AcDbLine
 10
25.0
 20
25.00000000139698
 30
0.0
 11
35.0
 21
25.00000000139698
 31
0.0
  0
LINE
  5
148E
330
11D7
100
AcDbEntity
  8
Ramales
100
AcDbLine
 10
35.0
 20
25.00000000139698
 30
0.0
 11
45.0
 21
25.00000000139698
 31
0.0
  0
LINE
  5
148F
330
11D7
100
AcDbEntity
  8
Ramales
100
AcDbLine
 10
45.0
 20
25.00000000139698
 30
0.0
 11
55.00000000046566
 21
25.00000000139698
 31
0.0
  0
LINE
  5
1490
330
11D7
100
AcDbEntity
  8
Ramales
100
AcDbLine
 10
55.00000000046566
 20
25.00000000139698
 30
0.0
 11
65.0
 21
25.00000000139698
 31
0.0
  0
LINE
  5
1491
330
11D7
100
AcDbEntity
  8
Ramales
100
AcDbLine
 10
65.0
 20
25.00000000139698
 30
0.0
 11
75.0
 21
25.00000000139698
 31
0.0
  0
LINE
  5
1492
330
11D7
100
AcDbEntity
  8
Ramales
100
AcDbLine
 10
75.0
 20
25.00000000139698
 30
0.0
 11
85.0
 21
25.00000000139698
 31
0.0
  0
LINE
  5
1493
330
11D7
100
AcDbEntity
  8
Ramales
100
AcDbLine
 10
85.0
 20
25.00000000139698
 30
0.0
 11
95.0
 21
25.00000000139698
 31
0.0
  0
LINE
  5
1494
330
11D7
100
AcDbEntity
  8
Ramales
100
AcDbLine
 10
94.999999998603
 20
25.00000000139698
 30
0.0
 11
105.0
 21
25.00000000139698
 31
0.0
  0
LINE
  5
1495
330
11D7
100
AcDbEntity
  8
Ramales
100
AcDbLine
 10
105.0
 20
25.00000000139698
 30
0.0
 11
115.0
 21
25.00000000139698
 31
0.0
  0
LINE
  5
1496
330
11D7
100
AcDbEntity
  8
Ramales
100
AcDbLine
 10
5.000000000465661
 20
25.00000000139698
 30
0.0
 11
2.499999998603016
 21
25.0
 31
0.0
  0
LINE
  5
1497
330
11D7
100
AcDbEntity
  8
Ramales
100
AcDbLine
 10
5.000000000465661
 20
15.0
 30
0.0
 11
15.0
 21
15.0
 31
0.0
  0
LINE
  5
1498
330
11D7
100
AcDbEntity
  8
Ramales
100
AcDbLine
 10
15.0
 20
15.0
 30
0.0
 11
25.0
 21
15.0
 31
0.0
  0
LINE
  5
1499
330
11D7
100
AcDbEntity
  8
Ramales
100
AcDbLine
 10
25.0
 20
15.0
 30
0.0
 11
35.0
 21
15.0
 31
0.0
  0
LINE
  5
149A
330
11D7
100
AcDbEntity
  8
Ramales
100
AcDbLine
 10
35.0
 20
15.0
 30
0.0
 11
45.0
 21
15.0
 31
0.0
  0
LINE
  5
149B
330
11D7
100
AcDbEntity
  8
Ramales
100
AcDbLine
 10
45.0
 20
15.0
 30
0.0
 11
55.00000000046566
 21
15.0
 31
0.0
  0
LINE
  5
149C
330
11D7
100
AcDbEntity
  8
Ramales
100
AcDbLine
 10
55.00000000046566
 20
15.0
 30
0.0
 11
65.0
 21
15.0
 31
0.0
  0
LINE
  5
149D
330
11D7
100
AcDbEntity
  8
Ramales
100
AcDbLine
 10
65.0
 20
15.0
 30
0.0
 11
75.0
 21
15.0
 31
0.0
  0
LINE
  5
149E
330
11D7
100
AcDbEntity
  8
Ramales
100
AcDbLine
 10
75.0
 20
15.0
 30
0.0
 11
85.0
 21
15.0
 31
0.0
  0
LINE
  5
149F
330
11D7
100
AcDbEntity
  8
Ramales
100
AcDbLine
 10
85.0
 20
15.0
 30
0.0
 11
95.0
 21
15.0
 31
0.0
  0
LINE
  5
14A0
330
11D7
100
AcDbEntity
  8
Ramales
100
AcDbLine
 10
94.999999998603
 20
15.0
 30
0.0
 11
105.0
 21
15.0
 31
0.0
  0
LINE
  5
14A1
330
11D7
100
AcDbEntity
  8
Ramales
100
AcDbLine
 10
105.0
 20
15.0
 30
0.0
 11
115.0
 21
15.0
 31
0.0
  0
LINE
  5
14A2
330
11D7
100
AcDbEntity
  8
Ramales
100
AcDbLine
 10
5.000000000465661
 20
15.0
 30
0.0
 11
2.499999998603016
 21
15.0
 31
0.0
  0
LINE
  5
14A3
330
11D7
100
AcDbEntity
  8
Ramales
100
AcDbLine
 10
5.000000000465661
 20
5.000000001396981
 30
0.0
 11
15.0
 21
5.000000001396981
 31
0.0
  0
LINE
  5
14A4
330
11D7
100
AcDbEntity
  8
Ramales
100
AcDbLine
 10
15.0
 20
5.000000001396981
 30
0.0
 11
25.0
 21
5.000000001396981
 31
0.0
  0
LINE
  5
14A5
330
11D7
100
AcDbEntity
  8
Ramales
100
AcDbLine
 10
25.0
 20
5.000000001396981
 30
0.0
 11
35.0
 21
5.000000001396981
 31
0.0
  0
LINE
  5
14A6
330
11D7
100
AcDbEntity
  8
Ramales
100
AcDbLine
 10
35.0
 20
5.000000001396981
 30
0.0
 11
45.0
 21
5.000000001396981
 31
0.0
  0
LINE
  5
14A7
330
11D7
100
AcDbEntity
  8
Ramales
100
AcDbLine
 10
45.0
 20
5.000000001396981
 30
0.0
 11
55.00000000046566
 21
5.000000001396981
 31
0.0
  0
LINE
  5
14A8
330
11D7
100
AcDbEntity
  8
Ramales
100
AcDbLine
 10
55.00000000046566
 20
5.000000001396981
 30
0.0
 11
65.0
 21
5.000000001396981
 31
0.0
  0
LINE
  5
14A9
330
11D7
100
AcDbEntity
  8
Ramales
100
AcDbLine
 10
65.0
 20
5.000000001396981
 30
0.0
 11
75.0
 21
5.000000001396981
 31
0.0
  0
LINE
  5
14AA
330
11D7
100
AcDbEntity
  8
Ramales
100
AcDbLine
 10
75.0
 20
5.000000001396981
 30
0.0
 11
85.0
 21
5.000000001396981
 31
0.0
  0
LINE
  5
14AB
330
11D7
100
AcDbEntity
  8
Ramales
100
AcDbLine
 10
85.0
 20
5.000000001396981
 30
0.0
 11
95.0
 21
5.000000001396981
 31
0.0
  0
LINE
  5
14AC
330
11D7
100
AcDbEntity
  8
Ramales
100
AcDbLine
 10
94.999999998603
 20
5.000000001396981
 30
0.0
 11
105.0
 21
5.000000001396981
 31
0.0
  0
LINE
  5
14AD
330
11D7
100
AcDbEntity
  8
Ramales
100
AcDbLine
 10
105.0
 20
5.000000001396981
 30
0.0
 11
115.0
 21
5.000000001396981
 31
0.0
  0
LINE
  5
14AE
330
11D7
100
AcDbEntity
  8
Ramales
100
AcDbLine
 10
5.000000000465661
 20
5.000000001396981
 30
0.0
 11
2.499999998603016
 21
5.0
 31
0.0
  0
LINE
  5
14AF
330
11D7
100
AcDbEntity
  8
Ramales
100
AcDbLine
 10
115.0
 20
295.0
 30
0.0
 11
117.5
 21
295.0
 31
0.0
  0
LINE
  5
14B0
330
11D7
100
AcDbEntity
  8
Ramales
100
AcDbLine
 10
115.0
 20
285.0
 30
0.0
 11
117.5
 21
284.9999999995343
 31
0.0
  0
LINE
  5
14B1
330
11D7
100
AcDbEntity
  8
Ramales
100
AcDbLine
 10
115.0
 20
275.0
 30
0.0
 11
117.5
 21
275.0
 31
0.0
  0
LINE
  5
14B2
330
11D7
100
AcDbEntity
  8
Ramales
100
AcDbLine
 10
115.0
 20
265.0
 30
0.0
 11
117.5
 21
265.0
 31
0.0
  0
LINE
  5
14B3
330
11D7
100
AcDbEntity
  8
Ramales
100
AcDbLine
 10
115.0
 20
255.0
 30
0.0
 11
117.5
 21
255.0
 31
0.0
  0
LINE
  5
14B4
330
11D7
100
AcDbEntity
  8
Ramales
100
AcDbLine
 10
115.0
 20
245.0
 30
0.0
 11
117.5
 21
245.0
 31
0.0
  0
LINE
  5
14B5
330
11D7
100
AcDbEntity
  8
Ramales
100
AcDbLine
 10
115.0
 20
235.0
 30
0.0
 11
117.5
 21
235.0
 31
0.0
  0
LINE
  5
14B6
330
11D7
100
AcDbEntity
  8
Ramales
100
AcDbLine
 10
115.0
 20
225.0
 30
0.0
 11
117.5
 21
225.0
 31
0.0
  0
LINE
  5
14B7
330
11D7
100
AcDbEntity
  8
Ramales
100
AcDbLine
 10
115.0
 20
215.0
 30
0.0
 11
117.5
 21
215.0
 31
0.0
  0
LINE
  5
14B8
330
11D7
100
AcDbEntity
  8
Ramales
100
AcDbLine
 10
115.0
 20
205.0
 30
0.0
 11
117.5
 21
205.0
 31
0.0
  0
LINE
  5
14B9
330
11D7
100
AcDbEntity
  8
Ramales
100
AcDbLine
 10
115.0
 20
195.000000001397
 30
0.0
 11
117.5
 21
195.000000001397
 31
0.0
  0
LINE
  5
14BA
330
11D7
100
AcDbEntity
  8
Ramales
100
AcDbLine
 10
115.0
 20
185.0
 30
0.0
 11
117.5
 21
185.0
 31
0.0
  0
LINE
  5
14BB
330
11D7
100
AcDbEntity
  8
Ramales
100
AcDbLine
 10
115.0
 20
175.0
 30
0.0
 11
117.5
 21
175.0
 31
0.0
  0
LINE
  5
14BC
330
11D7
100
AcDbEntity
  8
Ramales
100
AcDbLine
 10
115.0
 20
165.0
 30
0.0
 11
117.5
 21
165.0
 31
0.0
  0
LINE
  5
14BD
330
11D7
100
AcDbEntity
  8
Ramales
100
AcDbLine
 10
115.0
 20
155.0
 30
0.0
 11
117.5
 21
155.0
 31
0.0
  0
LINE
  5
14BE
330
11D7
100
AcDbEntity
  8
Ramales
100
AcDbLine
 10
115.0
 20
145.0
 30
0.0
 11
117.5
 21
145.0
 31
0.0
  0
LINE
  5
14BF
330
11D7
100
AcDbEntity
  8
Ramales
100
AcDbLine
 10
115.0
 20
135.0
 30
0.0
 11
117.5
 21
135.0
 31
0.0
  0
LINE
  5
14C0
330
11D7
100
AcDbEntity
  8
Ramales
100
AcDbLine
 10
115.0
 20
125.000000001397
 30
0.0
 11
117.5
 21
125.000000001397
 31
0.0
  0
LINE
  5
14C1
330
11D7
100
AcDbEntity
  8
Ramales
100
AcDbLine
 10
115.0
 20
115.0
 30
0.0
 11
117.5
 21
115.0
 31
0.0
  0
LINE
  5
14C2
330
11D7
100
AcDbEntity
  8
Ramales
100
AcDbLine
 10
115.0
 20
105.0
 30
0.0
 11
117.5
 21
105.0
 31
0.0
  0
LINE
  5
14C3
330
11D7
100
AcDbEntity
  8
Ramales
100
AcDbLine
 10
115.0
 20
95.0
 30
0.0
 11
117.5
 21
95.0
 31
0.0
  0
LINE
  5
14C4
330
11D7
100
AcDbEntity
  8
Ramales
100
AcDbLine
 10
115.0
 20
85.0
 30
0.0
 11
117.5
 21
85.0
 31
0.0
  0
LINE
  5
14C5
330
11D7
100
AcDbEntity
  8
Ramales
100
AcDbLine
 10
115.0
 20
75.00000000139698
 30
0.0
 11
117.5
 21
75.00000000139698
 31
0.0
  0
LINE
  5
14C6
330
11D7
100
AcDbEntity
  8
Ramales
100
AcDbLine
 10
115.0
 20
65.0
 30
0.0
 11
117.5
 21
65.0
 31
0.0
  0
LINE
  5
14C7
330
11D7
100
AcDbEntity
  8
Ramales
100
AcDbLine
 10
115.0
 20
55.0
 30
0.0
 11
117.5
 21
55.0
 31
0.0
  0
LINE
  5
14C8
330
11D7
100
AcDbEntity
  8
Ramales
100
AcDbLine
 10
115.0
 20
45.0
 30
0.0
 11
117.5
 21
45.0
 31
0.0
  0
LINE
  5
14C9
330
11D7
100
AcDbEntity
  8
Ramales
100
AcDbLine
 10
115.0
 20
35.0
 30
0.0
 11
117.5
 21
35.0
 31
0.0
  0
LINE
  5
14CA
330
11D7
100
AcDbEntity
  8
Ramales
100
AcDbLine
 10
115.0
 20
25.00000000139698
 30
0.0
 11
117.5
 21
25.00000000139698
 31
0.0
  0
LINE
  5
14CB
330
11D7
100
AcDbEntity
  8
Ramales
100
AcDbLine
 10
115.0
 20
15.0
 30
0.0
 11
117.5
 21
15.0
 31
0.0
  0
LINE
  5
14CC
330
11D7
100
AcDbEntity
  8
Ramales
100
AcDbLine
 10
115.0
 20
5.000000001396981
 30
0.0
 11
117.5
 21
5.000000001396981
 31
0.0
  0
LINE
  5
14CD
330
11D7
100
AcDbEntity
  8
Ramales
100
AcDbLine
 10
5.000000000465661
 20
305.0
 30
-1.0
 11
5.000000000465661
 21
305.0
 31
0.0
  0
LINE
  5
14CE
330
11D7
100
AcDbEntity
  8
Ramales
100
AcDbLine
 10
15.0
 20
305.0
 30
-1.0
 11
15.0
 21
305.0
 31
0.0
  0
LINE
  5
14CF
330
11D7
100
AcDbEntity
  8
Ramales
100
AcDbLine
 10
25.0
 20
305.0
 30
-1.0
 11
25.0
 21
305.0
 31
0.0
  0
LINE
  5
14D0
330
11D7
100
AcDbEntity
  8
Ramales
100
AcDbLine
 10
35.0
 20
305.0
 30
-1.0
 11
35.0
 21
305.0
 31
0.0
  0
LINE
  5
14D1
330
11D7
100
AcDbEntity
  8
Ramales
100
AcDbLine
 10
45.0
 20
305.0
 30
-1.0
 11
45.0
 21
305.0
 31
0.0
  0
LINE
  5
14D2
330
11D7
100
AcDbEntity
  8
Ramales
100
AcDbLine
 10
55.00000000046566
 20
305.0
 30
-1.0
 11
55.00000000046566
 21
305.0
 31
0.0
  0
LINE
  5
14D3
330
11D7
100
AcDbEntity
  8
Ramales
100
AcDbLine
 10
65.0
 20
305.0
 30
-1.0
 11
65.0
 21
305.0
 31
0.0
  0
LINE
  5
14D4
330
11D7
100
AcDbEntity
  8
Ramales
100
AcDbLine
 10
75.0
 20
305.0
 30
-1.0
 11
75.0
 21
305.0
 31
0.0
  0
LINE
  5
14D5
330
11D7
100
AcDbEntity
  8
Ramales
100
AcDbLine
 10
85.00461514713242
 20
304.9691146733239
 30
-1.0
 11
85.00461514713242
 21
304.9691146733239
 31
0.0
  0
LINE
  5
14D6
330
11D7
100
AcDbEntity
  8
Ramales
100
AcDbLine
 10
95.00461514666678
 20
304.9691146733239
 30
-1.0
 11
95.00461514666678
 21
304.9691146733239
 31
0.0
  0
LINE
  5
14D7
330
11D7
100
AcDbEntity
  8
Ramales
100
AcDbLine
 10
105.0046151466667
 20
304.9691146733239
 30
-1.0
 11
105.0046151466667
 21
304.9691146733239
 31
0.0
  0
LINE
  5
14D8
330
11D7
100
AcDbEntity
  8
Ramales
100
AcDbLine
 10
115.0046151466667
 20
304.9691146733239
 30
-1.0
 11
115.0046151466667
 21
304.9691146733239
 31
0.0
  0
LINE
  5
14D9
330
11D7
100
AcDbEntity
  8
Ramales
100
AcDbLine
 10
5.000000000465661
 20
295.0
 30
-1.0
 11
5.000000000465661
 21
295.0
 31
0.0
  0
LINE
  5
14DA
330
11D7
100
AcDbEntity
  8
Ramales
100
AcDbLine
 10
15.0
 20
295.0
 30
-1.0
 11
15.0
 21
295.0
 31
0.0
  0
LINE
  5
14DB
330
11D7
100
AcDbEntity
  8
Ramales
100
AcDbLine
 10
25.0
 20
295.0
 30
-1.0
 11
25.0
 21
295.0
 31
0.0
  0
LINE
  5
14DC
330
11D7
100
AcDbEntity
  8
Ramales
100
AcDbLine
 10
35.0
 20
295.0
 30
-1.0
 11
35.0
 21
295.0
 31
0.0
  0
LINE
  5
14DD
330
11D7
100
AcDbEntity
  8
Ramales
100
AcDbLine
 10
45.0
 20
295.0
 30
-1.0
 11
45.0
 21
295.0
 31
0.0
  0
LINE
  5
14DE
330
11D7
100
AcDbEntity
  8
Ramales
100
AcDbLine
 10
55.00000000046566
 20
295.0
 30
-1.0
 11
55.00000000046566
 21
295.0
 31
0.0
  0
LINE
  5
14DF
330
11D7
100
AcDbEntity
  8
Ramales
100
AcDbLine
 10
65.0
 20
295.0
 30
-1.0
 11
65.0
 21
295.0
 31
0.0
  0
LINE
  5
14E0
330
11D7
100
AcDbEntity
  8
Ramales
100
AcDbLine
 10
75.0
 20
295.0
 30
-1.0
 11
75.0
 21
295.0
 31
0.0
  0
LINE
  5
14E1
330
11D7
100
AcDbEntity
  8
Ramales
100
AcDbLine
 10
85.0
 20
295.0
 30
-1.0
 11
85.0
 21
295.0
 31
0.0
  0
LINE
  5
14E2
330
11D7
100
AcDbEntity
  8
Ramales
100
AcDbLine
 10
95.0
 20
295.0
 30
-1.0
 11
95.0
 21
295.0
 31
0.0
  0
LINE
  5
14E3
330
11D7
100
AcDbEntity
  8
Ramales
100
AcDbLine
 10
105.0
 20
295.0
 30
-1.0
 11
105.0
 21
295.0
 31
0.0
  0
LINE
  5
14E4
330
11D7
100
AcDbEntity
  8
Ramales
100
AcDbLine
 10
115.0
 20
295.0
 30
-1.0
 11
115.0
 21
295.0
 31
0.0
  0
LINE
  5
14E5
330
11D7
100
AcDbEntity
  8
Ramales
100
AcDbLine
 10
5.000000000465661
 20
285.0
 30
-1.0
 11
5.000000000465661
 21
285.0
 31
0.0
  0
LINE
  5
14E6
330
11D7
100
AcDbEntity
  8
Ramales
100
AcDbLine
 10
15.0
 20
285.0
 30
-1.0
 11
15.0
 21
285.0
 31
0.0
  0
LINE
  5
14E7
330
11D7
100
AcDbEntity
  8
Ramales
100
AcDbLine
 10
25.0
 20
285.0
 30
-1.0
 11
25.0
 21
285.0
 31
0.0
  0
LINE
  5
14E8
330
11D7
100
AcDbEntity
  8
Ramales
100
AcDbLine
 10
35.0
 20
285.0
 30
-1.0
 11
35.0
 21
285.0
 31
0.0
  0
LINE
  5
14E9
330
11D7
100
AcDbEntity
  8
Ramales
100
AcDbLine
 10
45.0
 20
285.0
 30
-1.0
 11
45.0
 21
285.0
 31
0.0
  0
LINE
  5
14EA
330
11D7
100
AcDbEntity
  8
Ramales
100
AcDbLine
 10
55.00000000046566
 20
285.0
 30
-1.0
 11
55.00000000046566
 21
285.0
 31
0.0
  0
LINE
  5
14EB
330
11D7
100
AcDbEntity
  8
Ramales
100
AcDbLine
 10
65.0
 20
285.0
 30
-1.0
 11
65.0
 21
285.0
 31
0.0
  0
LINE
  5
14EC
330
11D7
100
AcDbEntity
  8
Ramales
100
AcDbLine
 10
75.0
 20
285.0
 30
-1.0
 11
75.0
 21
285.0
 31
0.0
  0
LINE
  5
14ED
330
11D7
100
AcDbEntity
  8
Ramales
100
AcDbLine
 10
85.0
 20
285.0
 30
-1.0
 11
85.0
 21
285.0
 31
0.0
  0
LINE
  5
14EE
330
11D7
100
AcDbEntity
  8
Ramales
100
AcDbLine
 10
95.0
 20
285.0
 30
-1.0
 11
95.0
 21
285.0
 31
0.0
  0
LINE
  5
14EF
330
11D7
100
AcDbEntity
  8
Ramales
100
AcDbLine
 10
105.0
 20
285.0
 30
-1.0
 11
105.0
 21
285.0
 31
0.0
  0
LINE
  5
14F0
330
11D7
100
AcDbEntity
  8
Ramales
100
AcDbLine
 10
115.0
 20
285.0
 30
-1.0
 11
115.0
 21
285.0
 31
0.0
  0
LINE
  5
14F1
330
11D7
100
AcDbEntity
  8
Ramales
100
AcDbLine
 10
5.000000000465661
 20
275.0
 30
-1.0
 11
5.000000000465661
 21
275.0
 31
0.0
  0
LINE
  5
14F2
330
11D7
100
AcDbEntity
  8
Ramales
100
AcDbLine
 10
15.0
 20
275.0
 30
-1.0
 11
15.0
 21
275.0
 31
0.0
  0
LINE
  5
14F3
330
11D7
100
AcDbEntity
  8
Ramales
100
AcDbLine
 10
25.0
 20
275.0
 30
-1.0
 11
25.0
 21
275.0
 31
0.0
  0
LINE
  5
14F4
330
11D7
100
AcDbEntity
  8
Ramales
100
AcDbLine
 10
35.0
 20
275.0
 30
-1.0
 11
35.0
 21
275.0
 31
0.0
  0
LINE
  5
14F5
330
11D7
100
AcDbEntity
  8
Ramales
100
AcDbLine
 10
45.0
 20
275.0
 30
-1.0
 11
45.0
 21
275.0
 31
0.0
  0
LINE
  5
14F6
330
11D7
100
AcDbEntity
  8
Ramales
100
AcDbLine
 10
55.00000000046566
 20
275.0
 30
-1.0
 11
55.00000000046566
 21
275.0
 31
0.0
  0
LINE
  5
14F7
330
11D7
100
AcDbEntity
  8
Ramales
100
AcDbLine
 10
65.0
 20
275.0
 30
-1.0
 11
65.0
 21
275.0
 31
0.0
  0
LINE
  5
14F8
330
11D7
100
AcDbEntity
  8
Ramales
100
AcDbLine
 10
75.0
 20
275.0
 30
-1.0
 11
75.0
 21
275.0
 31
0.0
  0
LINE
  5
14F9
330
11D7
100
AcDbEntity
  8
Ramales
100
AcDbLine
 10
85.0
 20
275.0
 30
-1.0
 11
85.0
 21
275.0
 31
0.0
  0
LINE
  5
14FA
330
11D7
100
AcDbEntity
  8
Ramales
100
AcDbLine
 10
95.00000000046567
 20
275.0
 30
-1.0
 11
95.00000000046567
 21
275.0
 31
0.0
  0
LINE
  5
14FB
330
11D7
100
AcDbEntity
  8
Ramales
100
AcDbLine
 10
105.0
 20
275.0
 30
-1.0
 11
105.0
 21
275.0
 31
0.0
  0
LINE
  5
14FC
330
11D7
100
AcDbEntity
  8
Ramales
100
AcDbLine
 10
115.0000000004656
 20
275.0
 30
-1.0
 11
115.0000000004656
 21
275.0
 31
0.0
  0
LINE
  5
14FD
330
11D7
100
AcDbEntity
  8
Ramales
100
AcDbLine
 10
5.000000000465661
 20
265.0
 30
-1.0
 11
5.000000000465661
 21
265.0
 31
0.0
  0
LINE
  5
14FE
330
11D7
100
AcDbEntity
  8
Ramales
100
AcDbLine
 10
15.0
 20
265.0
 30
-1.0
 11
15.0
 21
265.0
 31
0.0
  0
LINE
  5
14FF
330
11D7
100
AcDbEntity
  8
Ramales
100
AcDbLine
 10
25.0
 20
265.0
 30
-1.0
 11
25.0
 21
265.0
 31
0.0
  0
LINE
  5
1500
330
11D7
100
AcDbEntity
  8
Ramales
100
AcDbLine
 10
35.0
 20
265.0
 30
-1.0
 11
35.0
 21
265.0
 31
0.0
  0
LINE
  5
1501
330
11D7
100
AcDbEntity
  8
Ramales
100
AcDbLine
 10
45.0
 20
265.0
 30
-1.0
 11
45.0
 21
265.0
 31
0.0
  0
LINE
  5
1502
330
11D7
100
AcDbEntity
  8
Ramales
100
AcDbLine
 10
55.00000000046566
 20
265.0
 30
-1.0
 11
55.00000000046566
 21
265.0
 31
0.0
  0
LINE
  5
1503
330
11D7
100
AcDbEntity
  8
Ramales
100
AcDbLine
 10
65.0
 20
265.0
 30
-1.0
 11
65.0
 21
265.0
 31
0.0
  0
LINE
  5
1504
330
11D7
100
AcDbEntity
  8
Ramales
100
AcDbLine
 10
75.0
 20
265.0
 30
-1.0
 11
75.0
 21
265.0
 31
0.0
  0
LINE
  5
1505
330
11D7
100
AcDbEntity
  8
Ramales
100
AcDbLine
 10
85.0
 20
265.0
 30
-1.0
 11
85.0
 21
265.0
 31
0.0
  0
LINE
  5
1506
330
11D7
100
AcDbEntity
  8
Ramales
100
AcDbLine
 10
95.0
 20
265.0
 30
-1.0
 11
95.0
 21
265.0
 31
0.0
  0
LINE
  5
1507
330
11D7
100
AcDbEntity
  8
Ramales
100
AcDbLine
 10
105.0
 20
265.0
 30
-1.0
 11
105.0
 21
265.0
 31
0.0
  0
LINE
  5
1508
330
11D7
100
AcDbEntity
  8
Ramales
100
AcDbLine
 10
115.0000000004656
 20
265.0003097224981
 30
-1.0
 11
115.0000000004656
 21
265.0003097224981
 31
0.0
  0
LINE
  5
1509
330
11D7
100
AcDbEntity
  8
Ramales
100
AcDbLine
 10
5.000000000465661
 20
255.0
 30
-1.0
 11
5.000000000465661
 21
255.0
 31
0.0
  0
LINE
  5
150A
330
11D7
100
AcDbEntity
  8
Ramales
100
AcDbLine
 10
15.0
 20
255.0
 30
-1.0
 11
15.0
 21
255.0
 31
0.0
  0
LINE
  5
150B
330
11D7
100
AcDbEntity
  8
Ramales
100
AcDbLine
 10
25.0
 20
255.0
 30
-1.0
 11
25.0
 21
255.0
 31
0.0
  0
LINE
  5
150C
330
11D7
100
AcDbEntity
  8
Ramales
100
AcDbLine
 10
35.0
 20
255.0
 30
-1.0
 11
35.0
 21
255.0
 31
0.0
  0
LINE
  5
150D
330
11D7
100
AcDbEntity
  8
Ramales
100
AcDbLine
 10
45.0
 20
255.0
 30
-1.0
 11
45.0
 21
255.0
 31
0.0
  0
LINE
  5
150E
330
11D7
100
AcDbEntity
  8
Ramales
100
AcDbLine
 10
55.00000000046566
 20
255.0
 30
-1.0
 11
55.00000000046566
 21
255.0
 31
0.0
  0
LINE
  5
150F
330
11D7
100
AcDbEntity
  8
Ramales
100
AcDbLine
 10
65.0
 20
255.0
 30
-1.0
 11
65.0
 21
255.0
 31
0.0
  0
LINE
  5
1510
330
11D7
100
AcDbEntity
  8
Ramales
100
AcDbLine
 10
75.0
 20
255.0
 30
-1.0
 11
75.0
 21
255.0
 31
0.0
  0
LINE
  5
1511
330
11D7
100
AcDbEntity
  8
Ramales
100
AcDbLine
 10
85.0
 20
255.0
 30
-1.0
 11
85.0
 21
255.0
 31
0.0
  0
LINE
  5
1512
330
11D7
100
AcDbEntity
  8
Ramales
100
AcDbLine
 10
95.0
 20
255.0
 30
-1.0
 11
95.0
 21
255.0
 31
0.0
  0
LINE
  5
1513
330
11D7
100
AcDbEntity
  8
Ramales
100
AcDbLine
 10
105.0
 20
255.0
 30
-1.0
 11
105.0
 21
255.0
 31
0.0
  0
LINE
  5
1514
330
11D7
100
AcDbEntity
  8
Ramales
100
AcDbLine
 10
115.0
 20
255.0
 30
-1.0
 11
115.0
 21
255.0
 31
0.0
  0
LINE
  5
1515
330
11D7
100
AcDbEntity
  8
Ramales
100
AcDbLine
 10
5.000000000465661
 20
245.0
 30
-1.0
 11
5.000000000465661
 21
245.0
 31
0.0
  0
LINE
  5
1516
330
11D7
100
AcDbEntity
  8
Ramales
100
AcDbLine
 10
15.0
 20
245.0
 30
-1.0
 11
15.0
 21
245.0
 31
0.0
  0
LINE
  5
1517
330
11D7
100
AcDbEntity
  8
Ramales
100
AcDbLine
 10
25.0
 20
245.0
 30
-1.0
 11
25.0
 21
245.0
 31
0.0
  0
LINE
  5
1518
330
11D7
100
AcDbEntity
  8
Ramales
100
AcDbLine
 10
35.0
 20
245.0
 30
-1.0
 11
35.0
 21
245.0
 31
0.0
  0
LINE
  5
1519
330
11D7
100
AcDbEntity
  8
Ramales
100
AcDbLine
 10
45.0
 20
245.0
 30
-1.0
 11
45.0
 21
245.0
 31
0.0
  0
LINE
  5
151A
330
11D7
100
AcDbEntity
  8
Ramales
100
AcDbLine
 10
55.00000000046566
 20
245.0
 30
-1.0
 11
55.00000000046566
 21
245.0
 31
0.0
  0
LINE
  5
151B
330
11D7
100
AcDbEntity
  8
Ramales
100
AcDbLine
 10
65.0
 20
245.0
 30
-1.0
 11
65.0
 21
245.0
 31
0.0
  0
LINE
  5
151C
330
11D7
100
AcDbEntity
  8
Ramales
100
AcDbLine
 10
75.0
 20
245.0
 30
-1.0
 11
75.0
 21
245.0
 31
0.0
  0
LINE
  5
151D
330
11D7
100
AcDbEntity
  8
Ramales
100
AcDbLine
 10
85.0
 20
245.0
 30
-1.0
 11
85.0
 21
245.0
 31
0.0
  0
LINE
  5
151E
330
11D7
100
AcDbEntity
  8
Ramales
100
AcDbLine
 10
95.0
 20
245.0
 30
-1.0
 11
95.0
 21
245.0
 31
0.0
  0
LINE
  5
151F
330
11D7
100
AcDbEntity
  8
Ramales
100
AcDbLine
 10
105.0
 20
245.0
 30
-1.0
 11
105.0
 21
245.0
 31
0.0
  0
LINE
  5
1520
330
11D7
100
AcDbEntity
  8
Ramales
100
AcDbLine
 10
115.0
 20
245.0
 30
-1.0
 11
115.0
 21
245.0
 31
0.0
  0
LINE
  5
1521
330
11D7
100
AcDbEntity
  8
Ramales
100
AcDbLine
 10
5.000000000465661
 20
235.0
 30
-1.0
 11
5.000000000465661
 21
235.0
 31
0.0
  0
LINE
  5
1522
330
11D7
100
AcDbEntity
  8
Ramales
100
AcDbLine
 10
15.0
 20
235.0
 30
-1.0
 11
15.0
 21
235.0
 31
0.0
  0
LINE
  5
1523
330
11D7
100
AcDbEntity
  8
Ramales
100
AcDbLine
 10
25.0
 20
235.0
 30
-1.0
 11
25.0
 21
235.0
 31
0.0
  0
LINE
  5
1524
330
11D7
100
AcDbEntity
  8
Ramales
100
AcDbLine
 10
35.0
 20
235.0
 30
-1.0
 11
35.0
 21
235.0
 31
0.0
  0
LINE
  5
1525
330
11D7
100
AcDbEntity
  8
Ramales
100
AcDbLine
 10
45.0
 20
235.0
 30
-1.0
 11
45.0
 21
235.0
 31
0.0
  0
LINE
  5
1526
330
11D7
100
AcDbEntity
  8
Ramales
100
AcDbLine
 10
55.00000000046566
 20
235.0
 30
-1.0
 11
55.00000000046566
 21
235.0
 31
0.0
  0
LINE
  5
1527
330
11D7
100
AcDbEntity
  8
Ramales
100
AcDbLine
 10
65.0
 20
235.0
 30
-1.0
 11
65.0
 21
235.0
 31
0.0
  0
LINE
  5
1528
330
11D7
100
AcDbEntity
  8
Ramales
100
AcDbLine
 10
75.0
 20
235.0
 30
-1.0
 11
75.0
 21
235.0
 31
0.0
  0
LINE
  5
1529
330
11D7
100
AcDbEntity
  8
Ramales
100
AcDbLine
 10
85.0
 20
235.0
 30
-1.0
 11
85.0
 21
235.0
 31
0.0
  0
LINE
  5
152A
330
11D7
100
AcDbEntity
  8
Ramales
100
AcDbLine
 10
95.0
 20
235.0
 30
-1.0
 11
95.0
 21
235.0
 31
0.0
  0
LINE
  5
152B
330
11D7
100
AcDbEntity
  8
Ramales
100
AcDbLine
 10
105.0
 20
235.0
 30
-1.0
 11
105.0
 21
235.0
 31
0.0
  0
LINE
  5
152C
330
11D7
100
AcDbEntity
  8
Ramales
100
AcDbLine
 10
115.0
 20
235.0
 30
-1.0
 11
115.0
 21
235.0
 31
0.0
  0
LINE
  5
152D
330
11D7
100
AcDbEntity
  8
Ramales
100
AcDbLine
 10
5.000000000465661
 20
225.0
 30
-1.0
 11
5.000000000465661
 21
225.0
 31
0.0
  0
LINE
  5
152E
330
11D7
100
AcDbEntity
  8
Ramales
100
AcDbLine
 10
15.00000000046566
 20
225.0
 30
-1.0
 11
15.00000000046566
 21
225.0
 31
0.0
  0
LINE
  5
152F
330
11D7
100
AcDbEntity
  8
Ramales
100
AcDbLine
 10
25.00000000046566
 20
225.0
 30
-1.0
 11
25.00000000046566
 21
225.0
 31
0.0
  0
LINE
  5
1530
330
11D7
100
AcDbEntity
  8
Ramales
100
AcDbLine
 10
35.00000000046566
 20
225.0
 30
-1.0
 11
35.00000000046566
 21
225.0
 31
0.0
  0
LINE
  5
1531
330
11D7
100
AcDbEntity
  8
Ramales
100
AcDbLine
 10
45.00000000046566
 20
225.0
 30
-1.0
 11
45.00000000046566
 21
225.0
 31
0.0
  0
LINE
  5
1532
330
11D7
100
AcDbEntity
  8
Ramales
100
AcDbLine
 10
55.00000000046566
 20
225.0
 30
-1.0
 11
55.00000000046566
 21
225.0
 31
0.0
  0
LINE
  5
1533
330
11D7
100
AcDbEntity
  8
Ramales
100
AcDbLine
 10
65.0
 20
225.0
 30
-1.0
 11
65.0
 21
225.0
 31
0.0
  0
LINE
  5
1534
330
11D7
100
AcDbEntity
  8
Ramales
100
AcDbLine
 10
75.0
 20
225.0
 30
-1.0
 11
75.0
 21
225.0
 31
0.0
  0
LINE
  5
1535
330
11D7
100
AcDbEntity
  8
Ramales
100
AcDbLine
 10
85.0
 20
225.0
 30
-1.0
 11
85.0
 21
225.0
 31
0.0
  0
LINE
  5
1536
330
11D7
100
AcDbEntity
  8
Ramales
100
AcDbLine
 10
95.00000000046567
 20
225.0
 30
-1.0
 11
95.00000000046567
 21
225.0
 31
0.0
  0
LINE
  5
1537
330
11D7
100
AcDbEntity
  8
Ramales
100
AcDbLine
 10
105.0
 20
225.0
 30
-1.0
 11
105.0
 21
225.0
 31
0.0
  0
LINE
  5
1538
330
11D7
100
AcDbEntity
  8
Ramales
100
AcDbLine
 10
115.0
 20
225.0
 30
-1.0
 11
115.0
 21
225.0
 31
0.0
  0
LINE
  5
1539
330
11D7
100
AcDbEntity
  8
Ramales
100
AcDbLine
 10
5.000000000465661
 20
215.0
 30
-1.0
 11
5.000000000465661
 21
215.0
 31
0.0
  0
LINE
  5
153A
330
11D7
100
AcDbEntity
  8
Ramales
100
AcDbLine
 10
15.00000000046566
 20
215.0
 30
-1.0
 11
15.00000000046566
 21
215.0
 31
0.0
  0
LINE
  5
153B
330
11D7
100
AcDbEntity
  8
Ramales
100
AcDbLine
 10
25.00000000046566
 20
215.0
 30
-1.0
 11
25.00000000046566
 21
215.0
 31
0.0
  0
LINE
  5
153C
330
11D7
100
AcDbEntity
  8
Ramales
100
AcDbLine
 10
35.00000000046566
 20
215.0
 30
-1.0
 11
35.00000000046566
 21
215.0
 31
0.0
  0
LINE
  5
153D
330
11D7
100
AcDbEntity
  8
Ramales
100
AcDbLine
 10
45.00000000046566
 20
215.0
 30
-1.0
 11
45.00000000046566
 21
215.0
 31
0.0
  0
LINE
  5
153E
330
11D7
100
AcDbEntity
  8
Ramales
100
AcDbLine
 10
55.00000000046566
 20
215.0
 30
-1.0
 11
55.00000000046566
 21
215.0
 31
0.0
  0
LINE
  5
153F
330
11D7
100
AcDbEntity
  8
Ramales
100
AcDbLine
 10
65.0
 20
215.0
 30
-1.0
 11
65.0
 21
215.0
 31
0.0
  0
LINE
  5
1540
330
11D7
100
AcDbEntity
  8
Ramales
100
AcDbLine
 10
75.0
 20
215.0
 30
-1.0
 11
75.0
 21
215.0
 31
0.0
  0
LINE
  5
1541
330
11D7
100
AcDbEntity
  8
Ramales
100
AcDbLine
 10
85.0
 20
215.0
 30
-1.0
 11
85.0
 21
215.0
 31
0.0
  0
LINE
  5
1542
330
11D7
100
AcDbEntity
  8
Ramales
100
AcDbLine
 10
95.0
 20
215.0
 30
-1.0
 11
95.0
 21
215.0
 31
0.0
  0
LINE
  5
1543
330
11D7
100
AcDbEntity
  8
Ramales
100
AcDbLine
 10
105.0
 20
215.0
 30
-1.0
 11
105.0
 21
215.0
 31
0.0
  0
LINE
  5
1544
330
11D7
100
AcDbEntity
  8
Ramales
100
AcDbLine
 10
115.0
 20
215.0
 30
-1.0
 11
115.0
 21
215.0
 31
0.0
  0
LINE
  5
1545
330
11D7
100
AcDbEntity
  8
Ramales
100
AcDbLine
 10
5.000000000465661
 20
205.0
 30
-1.0
 11
5.000000000465661
 21
205.0
 31
0.0
  0
LINE
  5
1546
330
11D7
100
AcDbEntity
  8
Ramales
100
AcDbLine
 10
15.0
 20
205.0
 30
-1.0
 11
15.0
 21
205.0
 31
0.0
  0
LINE
  5
1547
330
11D7
100
AcDbEntity
  8
Ramales
100
AcDbLine
 10
25.0
 20
205.0
 30
-1.0
 11
25.0
 21
205.0
 31
0.0
  0
LINE
  5
1548
330
11D7
100
AcDbEntity
  8
Ramales
100
AcDbLine
 10
35.0
 20
205.0
 30
-1.0
 11
35.0
 21
205.0
 31
0.0
  0
LINE
  5
1549
330
11D7
100
AcDbEntity
  8
Ramales
100
AcDbLine
 10
45.0
 20
205.0
 30
-1.0
 11
45.0
 21
205.0
 31
0.0
  0
LINE
  5
154A
330
11D7
100
AcDbEntity
  8
Ramales
100
AcDbLine
 10
55.00000000046566
 20
205.0
 30
-1.0
 11
55.00000000046566
 21
205.0
 31
0.0
  0
LINE
  5
154B
330
11D7
100
AcDbEntity
  8
Ramales
100
AcDbLine
 10
65.0
 20
205.0
 30
-1.0
 11
65.0
 21
205.0
 31
0.0
  0
LINE
  5
154C
330
11D7
100
AcDbEntity
  8
Ramales
100
AcDbLine
 10
75.0
 20
205.0
 30
-1.0
 11
75.0
 21
205.0
 31
0.0
  0
LINE
  5
154D
330
11D7
100
AcDbEntity
  8
Ramales
100
AcDbLine
 10
85.0
 20
205.0
 30
-1.0
 11
85.0
 21
205.0
 31
0.0
  0
LINE
  5
154E
330
11D7
100
AcDbEntity
  8
Ramales
100
AcDbLine
 10
95.0
 20
205.0
 30
-1.0
 11
95.0
 21
205.0
 31
0.0
  0
LINE
  5
154F
330
11D7
100
AcDbEntity
  8
Ramales
100
AcDbLine
 10
105.0
 20
205.0
 30
-1.0
 11
105.0
 21
205.0
 31
0.0
  0
LINE
  5
1550
330
11D7
100
AcDbEntity
  8
Ramales
100
AcDbLine
 10
115.0
 20
205.0
 30
-1.0
 11
115.0
 21
205.0
 31
0.0
  0
LINE
  5
1551
330
11D7
100
AcDbEntity
  8
Ramales
100
AcDbLine
 10
5.000000000465661
 20
195.000000001397
 30
-1.0
 11
5.000000000465661
 21
195.000000001397
 31
0.0
  0
LINE
  5
1552
330
11D7
100
AcDbEntity
  8
Ramales
100
AcDbLine
 10
15.0
 20
195.000000001397
 30
-1.0
 11
15.0
 21
195.000000001397
 31
0.0
  0
LINE
  5
1553
330
11D7
100
AcDbEntity
  8
Ramales
100
AcDbLine
 10
25.0
 20
195.000000001397
 30
-1.0
 11
25.0
 21
195.000000001397
 31
0.0
  0
LINE
  5
1554
330
11D7
100
AcDbEntity
  8
Ramales
100
AcDbLine
 10
35.0
 20
195.000000001397
 30
-1.0
 11
35.0
 21
195.000000001397
 31
0.0
  0
LINE
  5
1555
330
11D7
100
AcDbEntity
  8
Ramales
100
AcDbLine
 10
45.0
 20
195.000000001397
 30
-1.0
 11
45.0
 21
195.000000001397
 31
0.0
  0
LINE
  5
1556
330
11D7
100
AcDbEntity
  8
Ramales
100
AcDbLine
 10
55.00000000046566
 20
195.000000001397
 30
-1.0
 11
55.00000000046566
 21
195.000000001397
 31
0.0
  0
LINE
  5
1557
330
11D7
100
AcDbEntity
  8
Ramales
100
AcDbLine
 10
65.0
 20
195.000000001397
 30
-1.0
 11
65.0
 21
195.000000001397
 31
0.0
  0
LINE
  5
1558
330
11D7
100
AcDbEntity
  8
Ramales
100
AcDbLine
 10
75.0
 20
195.000000001397
 30
-1.0
 11
75.0
 21
195.000000001397
 31
0.0
  0
LINE
  5
1559
330
11D7
100
AcDbEntity
  8
Ramales
100
AcDbLine
 10
85.0
 20
195.000000001397
 30
-1.0
 11
85.0
 21
195.000000001397
 31
0.0
  0
LINE
  5
155A
330
11D7
100
AcDbEntity
  8
Ramales
100
AcDbLine
 10
95.0
 20
195.000000001397
 30
-1.0
 11
95.0
 21
195.000000001397
 31
0.0
  0
LINE
  5
155B
330
11D7
100
AcDbEntity
  8
Ramales
100
AcDbLine
 10
105.0
 20
195.000000001397
 30
-1.0
 11
105.0
 21
195.000000001397
 31
0.0
  0
LINE
  5
155C
330
11D7
100
AcDbEntity
  8
Ramales
100
AcDbLine
 10
115.0
 20
195.000000001397
 30
-1.0
 11
115.0
 21
195.000000001397
 31
0.0
  0
LINE
  5
155D
330
11D7
100
AcDbEntity
  8
Ramales
100
AcDbLine
 10
5.000000000465661
 20
185.0
 30
-1.0
 11
5.000000000465661
 21
185.0
 31
0.0
  0
LINE
  5
155E
330
11D7
100
AcDbEntity
  8
Ramales
100
AcDbLine
 10
15.0
 20
185.0
 30
-1.0
 11
15.0
 21
185.0
 31
0.0
  0
LINE
  5
155F
330
11D7
100
AcDbEntity
  8
Ramales
100
AcDbLine
 10
25.0
 20
185.0
 30
-1.0
 11
25.0
 21
185.0
 31
0.0
  0
LINE
  5
1560
330
11D7
100
AcDbEntity
  8
Ramales
100
AcDbLine
 10
35.0
 20
185.0
 30
-1.0
 11
35.0
 21
185.0
 31
0.0
  0
LINE
  5
1561
330
11D7
100
AcDbEntity
  8
Ramales
100
AcDbLine
 10
45.0
 20
185.0
 30
-1.0
 11
45.0
 21
185.0
 31
0.0
  0
LINE
  5
1562
330
11D7
100
AcDbEntity
  8
Ramales
100
AcDbLine
 10
55.00000000046566
 20
185.0
 30
-1.0
 11
55.00000000046566
 21
185.0
 31
0.0
  0
LINE
  5
1563
330
11D7
100
AcDbEntity
  8
Ramales
100
AcDbLine
 10
65.0
 20
185.0
 30
-1.0
 11
65.0
 21
185.0
 31
0.0
  0
LINE
  5
1564
330
11D7
100
AcDbEntity
  8
Ramales
100
AcDbLine
 10
75.0
 20
185.0
 30
-1.0
 11
75.0
 21
185.0
 31
0.0
  0
LINE
  5
1565
330
11D7
100
AcDbEntity
  8
Ramales
100
AcDbLine
 10
85.0
 20
185.0
 30
-1.0
 11
85.0
 21
185.0
 31
0.0
  0
LINE
  5
1566
330
11D7
100
AcDbEntity
  8
Ramales
100
AcDbLine
 10
95.0
 20
185.0
 30
-1.0
 11
95.0
 21
185.0
 31
0.0
  0
LINE
  5
1567
330
11D7
100
AcDbEntity
  8
Ramales
100
AcDbLine
 10
105.0
 20
185.0
 30
-1.0
 11
105.0
 21
185.0
 31
0.0
  0
LINE
  5
1568
330
11D7
100
AcDbEntity
  8
Ramales
100
AcDbLine
 10
115.0
 20
185.0
 30
-1.0
 11
115.0
 21
185.0
 31
0.0
  0
LINE
  5
1569
330
11D7
100
AcDbEntity
  8
Ramales
100
AcDbLine
 10
5.000000000465661
 20
175.0
 30
-1.0
 11
5.000000000465661
 21
175.0
 31
0.0
  0
LINE
  5
156A
330
11D7
100
AcDbEntity
  8
Ramales
100
AcDbLine
 10
15.0
 20
175.0
 30
-1.0
 11
15.0
 21
175.0
 31
0.0
  0
LINE
  5
156B
330
11D7
100
AcDbEntity
  8
Ramales
100
AcDbLine
 10
25.0
 20
175.0
 30
-1.0
 11
25.0
 21
175.0
 31
0.0
  0
LINE
  5
156C
330
11D7
100
AcDbEntity
  8
Ramales
100
AcDbLine
 10
35.0
 20
175.0
 30
-1.0
 11
35.0
 21
175.0
 31
0.0
  0
LINE
  5
156D
330
11D7
100
AcDbEntity
  8
Ramales
100
AcDbLine
 10
45.0
 20
175.0
 30
-1.0
 11
45.0
 21
175.0
 31
0.0
  0
LINE
  5
156E
330
11D7
100
AcDbEntity
  8
Ramales
100
AcDbLine
 10
55.00000000046566
 20
175.0
 30
-1.0
 11
55.00000000046566
 21
175.0
 31
0.0
  0
LINE
  5
156F
330
11D7
100
AcDbEntity
  8
Ramales
100
AcDbLine
 10
65.0
 20
175.0
 30
-1.0
 11
65.0
 21
175.0
 31
0.0
  0
LINE
  5
1570
330
11D7
100
AcDbEntity
  8
Ramales
100
AcDbLine
 10
75.0
 20
175.0
 30
-1.0
 11
75.0
 21
175.0
 31
0.0
  0
LINE
  5
1571
330
11D7
100
AcDbEntity
  8
Ramales
100
AcDbLine
 10
85.0
 20
175.0
 30
-1.0
 11
85.0
 21
175.0
 31
0.0
  0
LINE
  5
1572
330
11D7
100
AcDbEntity
  8
Ramales
100
AcDbLine
 10
95.0
 20
175.0
 30
-1.0
 11
95.0
 21
175.0
 31
0.0
  0
LINE
  5
1573
330
11D7
100
AcDbEntity
  8
Ramales
100
AcDbLine
 10
105.0
 20
175.0
 30
-1.0
 11
105.0
 21
175.0
 31
0.0
  0
LINE
  5
1574
330
11D7
100
AcDbEntity
  8
Ramales
100
AcDbLine
 10
115.0
 20
175.0
 30
-1.0
 11
115.0
 21
175.0
 31
0.0
  0
LINE
  5
1575
330
11D7
100
AcDbEntity
  8
Ramales
100
AcDbLine
 10
5.000000000465661
 20
165.0
 30
-1.0
 11
5.000000000465661
 21
165.0
 31
0.0
  0
LINE
  5
1576
330
11D7
100
AcDbEntity
  8
Ramales
100
AcDbLine
 10
15.0
 20
165.0
 30
-1.0
 11
15.0
 21
165.0
 31
0.0
  0
LINE
  5
1577
330
11D7
100
AcDbEntity
  8
Ramales
100
AcDbLine
 10
25.0
 20
165.0
 30
-1.0
 11
25.0
 21
165.0
 31
0.0
  0
LINE
  5
1578
330
11D7
100
AcDbEntity
  8
Ramales
100
AcDbLine
 10
35.0
 20
165.0
 30
-1.0
 11
35.0
 21
165.0
 31
0.0
  0
LINE
  5
1579
330
11D7
100
AcDbEntity
  8
Ramales
100
AcDbLine
 10
45.0
 20
165.0
 30
-1.0
 11
45.0
 21
165.0
 31
0.0
  0
LINE
  5
157A
330
11D7
100
AcDbEntity
  8
Ramales
100
AcDbLine
 10
55.00000000046566
 20
165.0
 30
-1.0
 11
55.00000000046566
 21
165.0
 31
0.0
  0
LINE
  5
157B
330
11D7
100
AcDbEntity
  8
Ramales
100
AcDbLine
 10
65.0
 20
165.0
 30
-1.0
 11
65.0
 21
165.0
 31
0.0
  0
LINE
  5
157C
330
11D7
100
AcDbEntity
  8
Ramales
100
AcDbLine
 10
75.00000000046566
 20
165.0
 30
-1.0
 11
75.00000000046566
 21
165.0
 31
0.0
  0
LINE
  5
157D
330
11D7
100
AcDbEntity
  8
Ramales
100
AcDbLine
 10
85.00000000046567
 20
165.0
 30
-1.0
 11
85.00000000046567
 21
165.0
 31
0.0
  0
LINE
  5
157E
330
11D7
100
AcDbEntity
  8
Ramales
100
AcDbLine
 10
95.00000000046567
 20
165.0
 30
-1.0
 11
95.00000000046567
 21
165.0
 31
0.0
  0
LINE
  5
157F
330
11D7
100
AcDbEntity
  8
Ramales
100
AcDbLine
 10
105.0
 20
165.0
 30
-1.0
 11
105.0
 21
165.0
 31
0.0
  0
LINE
  5
1580
330
11D7
100
AcDbEntity
  8
Ramales
100
AcDbLine
 10
115.0
 20
165.0
 30
-1.0
 11
115.0
 21
165.0
 31
0.0
  0
LINE
  5
1581
330
11D7
100
AcDbEntity
  8
Ramales
100
AcDbLine
 10
5.000000000465661
 20
155.0
 30
-1.0
 11
5.000000000465661
 21
155.0
 31
0.0
  0
LINE
  5
1582
330
11D7
100
AcDbEntity
  8
Ramales
100
AcDbLine
 10
15.0
 20
155.0
 30
-1.0
 11
15.0
 21
155.0
 31
0.0
  0
LINE
  5
1583
330
11D7
100
AcDbEntity
  8
Ramales
100
AcDbLine
 10
25.0
 20
155.0
 30
-1.0
 11
25.0
 21
155.0
 31
0.0
  0
LINE
  5
1584
330
11D7
100
AcDbEntity
  8
Ramales
100
AcDbLine
 10
35.0
 20
155.0
 30
-1.0
 11
35.0
 21
155.0
 31
0.0
  0
LINE
  5
1585
330
11D7
100
AcDbEntity
  8
Ramales
100
AcDbLine
 10
45.00000000046566
 20
155.0
 30
-1.0
 11
45.00000000046566
 21
155.0
 31
0.0
  0
LINE
  5
1586
330
11D7
100
AcDbEntity
  8
Ramales
100
AcDbLine
 10
55.00000000046566
 20
155.0
 30
-1.0
 11
55.00000000046566
 21
155.0
 31
0.0
  0
LINE
  5
1587
330
11D7
100
AcDbEntity
  8
Ramales
100
AcDbLine
 10
65.00000000046566
 20
155.0
 30
-1.0
 11
65.00000000046566
 21
155.0
 31
0.0
  0
LINE
  5
1588
330
11D7
100
AcDbEntity
  8
Ramales
100
AcDbLine
 10
75.00000000046566
 20
155.0
 30
-1.0
 11
75.00000000046566
 21
155.0
 31
0.0
  0
LINE
  5
1589
330
11D7
100
AcDbEntity
  8
Ramales
100
AcDbLine
 10
85.00000000046567
 20
155.0
 30
-1.0
 11
85.00000000046567
 21
155.0
 31
0.0
  0
LINE
  5
158A
330
11D7
100
AcDbEntity
  8
Ramales
100
AcDbLine
 10
95.00000000046567
 20
155.0
 30
-1.0
 11
95.00000000046567
 21
155.0
 31
0.0
  0
LINE
  5
158B
330
11D7
100
AcDbEntity
  8
Ramales
100
AcDbLine
 10
105.0
 20
155.0
 30
-1.0
 11
105.0
 21
155.0
 31
0.0
  0
LINE
  5
158C
330
11D7
100
AcDbEntity
  8
Ramales
100
AcDbLine
 10
115.0
 20
155.0
 30
-1.0
 11
115.0
 21
155.0
 31
0.0
  0
LINE
  5
158D
330
11D7
100
AcDbEntity
  8
Ramales
100
AcDbLine
 10
5.000000000465661
 20
145.0
 30
-1.0
 11
5.000000000465661
 21
145.0
 31
0.0
  0
LINE
  5
158E
330
11D7
100
AcDbEntity
  8
Ramales
100
AcDbLine
 10
15.0
 20
145.0
 30
-1.0
 11
15.0
 21
145.0
 31
0.0
  0
LINE
  5
158F
330
11D7
100
AcDbEntity
  8
Ramales
100
AcDbLine
 10
25.0
 20
145.0
 30
-1.0
 11
25.0
 21
145.0
 31
0.0
  0
LINE
  5
1590
330
11D7
100
AcDbEntity
  8
Ramales
100
AcDbLine
 10
35.0
 20
145.0
 30
-1.0
 11
35.0
 21
145.0
 31
0.0
  0
LINE
  5
1591
330
11D7
100
AcDbEntity
  8
Ramales
100
AcDbLine
 10
45.0
 20
145.0
 30
-1.0
 11
45.0
 21
145.0
 31
0.0
  0
LINE
  5
1592
330
11D7
100
AcDbEntity
  8
Ramales
100
AcDbLine
 10
55.00000000046566
 20
145.0
 30
-1.0
 11
55.00000000046566
 21
145.0
 31
0.0
  0
LINE
  5
1593
330
11D7
100
AcDbEntity
  8
Ramales
100
AcDbLine
 10
65.0
 20
145.0
 30
-1.0
 11
65.0
 21
145.0
 31
0.0
  0
LINE
  5
1594
330
11D7
100
AcDbEntity
  8
Ramales
100
AcDbLine
 10
75.0
 20
145.0
 30
-1.0
 11
75.0
 21
145.0
 31
0.0
  0
LINE
  5
1595
330
11D7
100
AcDbEntity
  8
Ramales
100
AcDbLine
 10
85.0
 20
145.0
 30
-1.0
 11
85.0
 21
145.0
 31
0.0
  0
LINE
  5
1596
330
11D7
100
AcDbEntity
  8
Ramales
100
AcDbLine
 10
95.0
 20
145.0
 30
-1.0
 11
95.0
 21
145.0
 31
0.0
  0
LINE
  5
1597
330
11D7
100
AcDbEntity
  8
Ramales
100
AcDbLine
 10
105.0
 20
145.0
 30
-1.0
 11
105.0
 21
145.0
 31
0.0
  0
LINE
  5
1598
330
11D7
100
AcDbEntity
  8
Ramales
100
AcDbLine
 10
115.0
 20
145.0
 30
-1.0
 11
115.0
 21
145.0
 31
0.0
  0
LINE
  5
1599
330
11D7
100
AcDbEntity
  8
Ramales
100
AcDbLine
 10
5.000000000465661
 20
135.0
 30
-1.0
 11
5.000000000465661
 21
135.0
 31
0.0
  0
LINE
  5
159A
330
11D7
100
AcDbEntity
  8
Ramales
100
AcDbLine
 10
15.0
 20
135.0
 30
-1.0
 11
15.0
 21
135.0
 31
0.0
  0
LINE
  5
159B
330
11D7
100
AcDbEntity
  8
Ramales
100
AcDbLine
 10
25.0
 20
135.0
 30
-1.0
 11
25.0
 21
135.0
 31
0.0
  0
LINE
  5
159C
330
11D7
100
AcDbEntity
  8
Ramales
100
AcDbLine
 10
35.0
 20
135.0
 30
-1.0
 11
35.0
 21
135.0
 31
0.0
  0
LINE
  5
159D
330
11D7
100
AcDbEntity
  8
Ramales
100
AcDbLine
 10
45.0
 20
135.0
 30
-1.0
 11
45.0
 21
135.0
 31
0.0
  0
LINE
  5
159E
330
11D7
100
AcDbEntity
  8
Ramales
100
AcDbLine
 10
55.00000000046566
 20
135.0
 30
-1.0
 11
55.00000000046566
 21
135.0
 31
0.0
  0
LINE
  5
159F
330
11D7
100
AcDbEntity
  8
Ramales
100
AcDbLine
 10
65.0
 20
135.0
 30
-1.0
 11
65.0
 21
135.0
 31
0.0
  0
LINE
  5
15A0
330
11D7
100
AcDbEntity
  8
Ramales
100
AcDbLine
 10
75.0
 20
135.0
 30
-1.0
 11
75.0
 21
135.0
 31
0.0
  0
LINE
  5
15A1
330
11D7
100
AcDbEntity
  8
Ramales
100
AcDbLine
 10
85.0
 20
135.0
 30
-1.0
 11
85.0
 21
135.0
 31
0.0
  0
LINE
  5
15A2
330
11D7
100
AcDbEntity
  8
Ramales
100
AcDbLine
 10
95.0
 20
135.0
 30
-1.0
 11
95.0
 21
135.0
 31
0.0
  0
LINE
  5
15A3
330
11D7
100
AcDbEntity
  8
Ramales
100
AcDbLine
 10
105.0
 20
135.0
 30
-1.0
 11
105.0
 21
135.0
 31
0.0
  0
LINE
  5
15A4
330
11D7
100
AcDbEntity
  8
Ramales
100
AcDbLine
 10
115.0
 20
135.0
 30
-1.0
 11
115.0
 21
135.0
 31
0.0
  0
LINE
  5
15A5
330
11D7
100
AcDbEntity
  8
Ramales
100
AcDbLine
 10
5.000000000465661
 20
125.000000001397
 30
-1.0
 11
5.000000000465661
 21
125.000000001397
 31
0.0
  0
LINE
  5
15A6
330
11D7
100
AcDbEntity
  8
Ramales
100
AcDbLine
 10
15.0
 20
125.000000001397
 30
-1.0
 11
15.0
 21
125.000000001397
 31
0.0
  0
LINE
  5
15A7
330
11D7
100
AcDbEntity
  8
Ramales
100
AcDbLine
 10
25.0
 20
125.000000001397
 30
-1.0
 11
25.0
 21
125.000000001397
 31
0.0
  0
LINE
  5
15A8
330
11D7
100
AcDbEntity
  8
Ramales
100
AcDbLine
 10
35.0
 20
125.000000001397
 30
-1.0
 11
35.0
 21
125.000000001397
 31
0.0
  0
LINE
  5
15A9
330
11D7
100
AcDbEntity
  8
Ramales
100
AcDbLine
 10
45.00000000046566
 20
125.000000001397
 30
-1.0
 11
45.00000000046566
 21
125.000000001397
 31
0.0
  0
LINE
  5
15AA
330
11D7
100
AcDbEntity
  8
Ramales
100
AcDbLine
 10
55.00000000046566
 20
125.000000001397
 30
-1.0
 11
55.00000000046566
 21
125.000000001397
 31
0.0
  0
LINE
  5
15AB
330
11D7
100
AcDbEntity
  8
Ramales
100
AcDbLine
 10
65.00000000046566
 20
125.000000001397
 30
-1.0
 11
65.00000000046566
 21
125.000000001397
 31
0.0
  0
LINE
  5
15AC
330
11D7
100
AcDbEntity
  8
Ramales
100
AcDbLine
 10
75.00000000046566
 20
125.000000001397
 30
-1.0
 11
75.00000000046566
 21
125.000000001397
 31
0.0
  0
LINE
  5
15AD
330
11D7
100
AcDbEntity
  8
Ramales
100
AcDbLine
 10
85.00000000046567
 20
125.000000001397
 30
-1.0
 11
85.00000000046567
 21
125.000000001397
 31
0.0
  0
LINE
  5
15AE
330
11D7
100
AcDbEntity
  8
Ramales
100
AcDbLine
 10
95.00000000046567
 20
125.000000001397
 30
-1.0
 11
95.00000000046567
 21
125.000000001397
 31
0.0
  0
LINE
  5
15AF
330
11D7
100
AcDbEntity
  8
Ramales
100
AcDbLine
 10
105.0
 20
125.000000001397
 30
-1.0
 11
105.0
 21
125.000000001397
 31
0.0
  0
LINE
  5
15B0
330
11D7
100
AcDbEntity
  8
Ramales
100
AcDbLine
 10
115.0000000004656
 20
125.000000001397
 30
-1.0
 11
115.0000000004656
 21
125.000000001397
 31
0.0
  0
LINE
  5
15B1
330
11D7
100
AcDbEntity
  8
Ramales
100
AcDbLine
 10
5.000000000465661
 20
115.0
 30
-1.0
 11
5.000000000465661
 21
115.0
 31
0.0
  0
LINE
  5
15B2
330
11D7
100
AcDbEntity
  8
Ramales
100
AcDbLine
 10
15.0
 20
115.0
 30
-1.0
 11
15.0
 21
115.0
 31
0.0
  0
LINE
  5
15B3
330
11D7
100
AcDbEntity
  8
Ramales
100
AcDbLine
 10
25.0
 20
115.0
 30
-1.0
 11
25.0
 21
115.0
 31
0.0
  0
LINE
  5
15B4
330
11D7
100
AcDbEntity
  8
Ramales
100
AcDbLine
 10
35.0
 20
115.0
 30
-1.0
 11
35.0
 21
115.0
 31
0.0
  0
LINE
  5
15B5
330
11D7
100
AcDbEntity
  8
Ramales
100
AcDbLine
 10
45.0
 20
115.0
 30
-1.0
 11
45.0
 21
115.0
 31
0.0
  0
LINE
  5
15B6
330
11D7
100
AcDbEntity
  8
Ramales
100
AcDbLine
 10
55.00000000046566
 20
115.0
 30
-1.0
 11
55.00000000046566
 21
115.0
 31
0.0
  0
LINE
  5
15B7
330
11D7
100
AcDbEntity
  8
Ramales
100
AcDbLine
 10
65.0
 20
115.0
 30
-1.0
 11
65.0
 21
115.0
 31
0.0
  0
LINE
  5
15B8
330
11D7
100
AcDbEntity
  8
Ramales
100
AcDbLine
 10
75.0
 20
115.0
 30
-1.0
 11
75.0
 21
115.0
 31
0.0
  0
LINE
  5
15B9
330
11D7
100
AcDbEntity
  8
Ramales
100
AcDbLine
 10
85.0
 20
115.0
 30
-1.0
 11
85.0
 21
115.0
 31
0.0
  0
LINE
  5
15BA
330
11D7
100
AcDbEntity
  8
Ramales
100
AcDbLine
 10
95.00000000046567
 20
115.0
 30
-1.0
 11
95.00000000046567
 21
115.0
 31
0.0
  0
LINE
  5
15BB
330
11D7
100
AcDbEntity
  8
Ramales
100
AcDbLine
 10
105.0
 20
115.0
 30
-1.0
 11
105.0
 21
115.0
 31
0.0
  0
LINE
  5
15BC
330
11D7
100
AcDbEntity
  8
Ramales
100
AcDbLine
 10
115.0000000004656
 20
115.0
 30
-1.0
 11
115.0000000004656
 21
115.0
 31
0.0
  0
LINE
  5
15BD
330
11D7
100
AcDbEntity
  8
Ramales
100
AcDbLine
 10
5.000000000465661
 20
105.0
 30
-1.0
 11
5.000000000465661
 21
105.0
 31
0.0
  0
LINE
  5
15BE
330
11D7
100
AcDbEntity
  8
Ramales
100
AcDbLine
 10
15.00000000046566
 20
105.0
 30
-1.0
 11
15.00000000046566
 21
105.0
 31
0.0
  0
LINE
  5
15BF
330
11D7
100
AcDbEntity
  8
Ramales
100
AcDbLine
 10
25.00000000046566
 20
105.0
 30
-1.0
 11
25.00000000046566
 21
105.0
 31
0.0
  0
LINE
  5
15C0
330
11D7
100
AcDbEntity
  8
Ramales
100
AcDbLine
 10
35.00000000046566
 20
105.0
 30
-1.0
 11
35.00000000046566
 21
105.0
 31
0.0
  0
LINE
  5
15C1
330
11D7
100
AcDbEntity
  8
Ramales
100
AcDbLine
 10
45.00000000046566
 20
105.0
 30
-1.0
 11
45.00000000046566
 21
105.0
 31
0.0
  0
LINE
  5
15C2
330
11D7
100
AcDbEntity
  8
Ramales
100
AcDbLine
 10
55.00000000046566
 20
105.0
 30
-1.0
 11
55.00000000046566
 21
105.0
 31
0.0
  0
LINE
  5
15C3
330
11D7
100
AcDbEntity
  8
Ramales
100
AcDbLine
 10
65.00000000046566
 20
105.0
 30
-1.0
 11
65.00000000046566
 21
105.0
 31
0.0
  0
LINE
  5
15C4
330
11D7
100
AcDbEntity
  8
Ramales
100
AcDbLine
 10
75.0
 20
105.0
 30
-1.0
 11
75.0
 21
105.0
 31
0.0
  0
LINE
  5
15C5
330
11D7
100
AcDbEntity
  8
Ramales
100
AcDbLine
 10
85.0
 20
105.0
 30
-1.0
 11
85.0
 21
105.0
 31
0.0
  0
LINE
  5
15C6
330
11D7
100
AcDbEntity
  8
Ramales
100
AcDbLine
 10
95.0
 20
105.0
 30
-1.0
 11
95.0
 21
105.0
 31
0.0
  0
LINE
  5
15C7
330
11D7
100
AcDbEntity
  8
Ramales
100
AcDbLine
 10
105.0
 20
105.0
 30
-1.0
 11
105.0
 21
105.0
 31
0.0
  0
LINE
  5
15C8
330
11D7
100
AcDbEntity
  8
Ramales
100
AcDbLine
 10
115.0
 20
105.0
 30
-1.0
 11
115.0
 21
105.0
 31
0.0
  0
LINE
  5
15C9
330
11D7
100
AcDbEntity
  8
Ramales
100
AcDbLine
 10
5.000000000465661
 20
95.0
 30
-1.0
 11
5.000000000465661
 21
95.0
 31
0.0
  0
LINE
  5
15CA
330
11D7
100
AcDbEntity
  8
Ramales
100
AcDbLine
 10
15.0
 20
95.0
 30
-1.0
 11
15.0
 21
95.0
 31
0.0
  0
LINE
  5
15CB
330
11D7
100
AcDbEntity
  8
Ramales
100
AcDbLine
 10
25.0
 20
95.0
 30
-1.0
 11
25.0
 21
95.0
 31
0.0
  0
LINE
  5
15CC
330
11D7
100
AcDbEntity
  8
Ramales
100
AcDbLine
 10
35.0
 20
95.0
 30
-1.0
 11
35.0
 21
95.0
 31
0.0
  0
LINE
  5
15CD
330
11D7
100
AcDbEntity
  8
Ramales
100
AcDbLine
 10
45.00000000046566
 20
95.0
 30
-1.0
 11
45.00000000046566
 21
95.0
 31
0.0
  0
LINE
  5
15CE
330
11D7
100
AcDbEntity
  8
Ramales
100
AcDbLine
 10
55.00000000046566
 20
95.0
 30
-1.0
 11
55.00000000046566
 21
95.0
 31
0.0
  0
LINE
  5
15CF
330
11D7
100
AcDbEntity
  8
Ramales
100
AcDbLine
 10
65.00000000046566
 20
95.0
 30
-1.0
 11
65.00000000046566
 21
95.0
 31
0.0
  0
LINE
  5
15D0
330
11D7
100
AcDbEntity
  8
Ramales
100
AcDbLine
 10
75.0
 20
95.0
 30
-1.0
 11
75.0
 21
95.0
 31
0.0
  0
LINE
  5
15D1
330
11D7
100
AcDbEntity
  8
Ramales
100
AcDbLine
 10
85.0
 20
95.0
 30
-1.0
 11
85.0
 21
95.0
 31
0.0
  0
LINE
  5
15D2
330
11D7
100
AcDbEntity
  8
Ramales
100
AcDbLine
 10
95.0
 20
95.0
 30
-1.0
 11
95.0
 21
95.0
 31
0.0
  0
LINE
  5
15D3
330
11D7
100
AcDbEntity
  8
Ramales
100
AcDbLine
 10
105.0
 20
95.0
 30
-1.0
 11
105.0
 21
95.0
 31
0.0
  0
LINE
  5
15D4
330
11D7
100
AcDbEntity
  8
Ramales
100
AcDbLine
 10
115.0
 20
95.0
 30
-1.0
 11
115.0
 21
95.0
 31
0.0
  0
LINE
  5
15D5
330
11D7
100
AcDbEntity
  8
Ramales
100
AcDbLine
 10
5.000000000465661
 20
85.0
 30
-1.0
 11
5.000000000465661
 21
85.0
 31
0.0
  0
LINE
  5
15D6
330
11D7
100
AcDbEntity
  8
Ramales
100
AcDbLine
 10
15.0
 20
85.0
 30
-1.0
 11
15.0
 21
85.0
 31
0.0
  0
LINE
  5
15D7
330
11D7
100
AcDbEntity
  8
Ramales
100
AcDbLine
 10
25.0
 20
85.0
 30
-1.0
 11
25.0
 21
85.0
 31
0.0
  0
LINE
  5
15D8
330
11D7
100
AcDbEntity
  8
Ramales
100
AcDbLine
 10
35.0
 20
85.0
 30
-1.0
 11
35.0
 21
85.0
 31
0.0
  0
LINE
  5
15D9
330
11D7
100
AcDbEntity
  8
Ramales
100
AcDbLine
 10
45.0
 20
85.0
 30
-1.0
 11
45.0
 21
85.0
 31
0.0
  0
LINE
  5
15DA
330
11D7
100
AcDbEntity
  8
Ramales
100
AcDbLine
 10
55.00000000046566
 20
85.0
 30
-1.0
 11
55.00000000046566
 21
85.0
 31
0.0
  0
LINE
  5
15DB
330
11D7
100
AcDbEntity
  8
Ramales
100
AcDbLine
 10
65.00000000046566
 20
85.0
 30
-1.0
 11
65.00000000046566
 21
85.0
 31
0.0
  0
LINE
  5
15DC
330
11D7
100
AcDbEntity
  8
Ramales
100
AcDbLine
 10
75.00000000046566
 20
85.0
 30
-1.0
 11
75.00000000046566
 21
85.0
 31
0.0
  0
LINE
  5
15DD
330
11D7
100
AcDbEntity
  8
Ramales
100
AcDbLine
 10
85.00000000046567
 20
85.0
 30
-1.0
 11
85.00000000046567
 21
85.0
 31
0.0
  0
LINE
  5
15DE
330
11D7
100
AcDbEntity
  8
Ramales
100
AcDbLine
 10
95.00000000046567
 20
85.0
 30
-1.0
 11
95.00000000046567
 21
85.0
 31
0.0
  0
LINE
  5
15DF
330
11D7
100
AcDbEntity
  8
Ramales
100
AcDbLine
 10
105.0
 20
85.0
 30
-1.0
 11
105.0
 21
85.0
 31
0.0
  0
LINE
  5
15E0
330
11D7
100
AcDbEntity
  8
Ramales
100
AcDbLine
 10
115.0000000004656
 20
85.0
 30
-1.0
 11
115.0000000004656
 21
85.0
 31
0.0
  0
LINE
  5
15E1
330
11D7
100
AcDbEntity
  8
Ramales
100
AcDbLine
 10
5.000000000465661
 20
75.00000000139698
 30
-1.0
 11
5.000000000465661
 21
75.00000000139698
 31
0.0
  0
LINE
  5
15E2
330
11D7
100
AcDbEntity
  8
Ramales
100
AcDbLine
 10
15.0
 20
75.00000000139698
 30
-1.0
 11
15.0
 21
75.00000000139698
 31
0.0
  0
LINE
  5
15E3
330
11D7
100
AcDbEntity
  8
Ramales
100
AcDbLine
 10
25.0
 20
75.00000000139698
 30
-1.0
 11
25.0
 21
75.00000000139698
 31
0.0
  0
LINE
  5
15E4
330
11D7
100
AcDbEntity
  8
Ramales
100
AcDbLine
 10
35.0
 20
75.00000000139698
 30
-1.0
 11
35.0
 21
75.00000000139698
 31
0.0
  0
LINE
  5
15E5
330
11D7
100
AcDbEntity
  8
Ramales
100
AcDbLine
 10
45.00000000046566
 20
75.00000000139698
 30
-1.0
 11
45.00000000046566
 21
75.00000000139698
 31
0.0
  0
LINE
  5
15E6
330
11D7
100
AcDbEntity
  8
Ramales
100
AcDbLine
 10
55.00000000046566
 20
75.00000000139698
 30
-1.0
 11
55.00000000046566
 21
75.00000000139698
 31
0.0
  0
LINE
  5
15E7
330
11D7
100
AcDbEntity
  8
Ramales
100
AcDbLine
 10
65.00000000046566
 20
75.00000000139698
 30
-1.0
 11
65.00000000046566
 21
75.00000000139698
 31
0.0
  0
LINE
  5
15E8
330
11D7
100
AcDbEntity
  8
Ramales
100
AcDbLine
 10
75.00000000046566
 20
75.00000000139698
 30
-1.0
 11
75.00000000046566
 21
75.00000000139698
 31
0.0
  0
LINE
  5
15E9
330
11D7
100
AcDbEntity
  8
Ramales
100
AcDbLine
 10
85.00000000046567
 20
75.00000000139698
 30
-1.0
 11
85.00000000046567
 21
75.00000000139698
 31
0.0
  0
LINE
  5
15EA
330
11D7
100
AcDbEntity
  8
Ramales
100
AcDbLine
 10
95.00000000046567
 20
75.00000000139698
 30
-1.0
 11
95.00000000046567
 21
75.00000000139698
 31
0.0
  0
LINE
  5
15EB
330
11D7
100
AcDbEntity
  8
Ramales
100
AcDbLine
 10
105.0
 20
75.00000000139698
 30
-1.0
 11
105.0
 21
75.00000000139698
 31
0.0
  0
LINE
  5
15EC
330
11D7
100
AcDbEntity
  8
Ramales
100
AcDbLine
 10
115.0000000004656
 20
75.00000000139698
 30
-1.0
 11
115.0000000004656
 21
75.00000000139698
 31
0.0
  0
LINE
  5
15ED
330
11D7
100
AcDbEntity
  8
Ramales
100
AcDbLine
 10
5.000000000465661
 20
65.0
 30
-1.0
 11
5.000000000465661
 21
65.0
 31
0.0
  0
LINE
  5
15EE
330
11D7
100
AcDbEntity
  8
Ramales
100
AcDbLine
 10
15.0
 20
65.0
 30
-1.0
 11
15.0
 21
65.0
 31
0.0
  0
LINE
  5
15EF
330
11D7
100
AcDbEntity
  8
Ramales
100
AcDbLine
 10
25.0
 20
65.0
 30
-1.0
 11
25.0
 21
65.0
 31
0.0
  0
LINE
  5
15F0
330
11D7
100
AcDbEntity
  8
Ramales
100
AcDbLine
 10
35.0
 20
65.0
 30
-1.0
 11
35.0
 21
65.0
 31
0.0
  0
LINE
  5
15F1
330
11D7
100
AcDbEntity
  8
Ramales
100
AcDbLine
 10
45.0
 20
65.0
 30
-1.0
 11
45.0
 21
65.0
 31
0.0
  0
LINE
  5
15F2
330
11D7
100
AcDbEntity
  8
Ramales
100
AcDbLine
 10
55.00000000046566
 20
65.0
 30
-1.0
 11
55.00000000046566
 21
65.0
 31
0.0
  0
LINE
  5
15F3
330
11D7
100
AcDbEntity
  8
Ramales
100
AcDbLine
 10
65.0
 20
65.0
 30
-1.0
 11
65.0
 21
65.0
 31
0.0
  0
LINE
  5
15F4
330
11D7
100
AcDbEntity
  8
Ramales
100
AcDbLine
 10
75.0
 20
65.0
 30
-1.0
 11
75.0
 21
65.0
 31
0.0
  0
LINE
  5
15F5
330
11D7
100
AcDbEntity
  8
Ramales
100
AcDbLine
 10
85.0
 20
65.0
 30
-1.0
 11
85.0
 21
65.0
 31
0.0
  0
LINE
  5
15F6
330
11D7
100
AcDbEntity
  8
Ramales
100
AcDbLine
 10
95.0
 20
65.0
 30
-1.0
 11
95.0
 21
65.0
 31
0.0
  0
LINE
  5
15F7
330
11D7
100
AcDbEntity
  8
Ramales
100
AcDbLine
 10
105.0
 20
65.0
 30
-1.0
 11
105.0
 21
65.0
 31
0.0
  0
LINE
  5
15F8
330
11D7
100
AcDbEntity
  8
Ramales
100
AcDbLine
 10
115.0
 20
65.0
 30
-1.0
 11
115.0
 21
65.0
 31
0.0
  0
LINE
  5
15F9
330
11D7
100
AcDbEntity
  8
Ramales
100
AcDbLine
 10
5.000000000465661
 20
55.0
 30
-1.0
 11
5.000000000465661
 21
55.0
 31
0.0
  0
LINE
  5
15FA
330
11D7
100
AcDbEntity
  8
Ramales
100
AcDbLine
 10
15.0
 20
55.0
 30
-1.0
 11
15.0
 21
55.0
 31
0.0
  0
LINE
  5
15FB
330
11D7
100
AcDbEntity
  8
Ramales
100
AcDbLine
 10
25.0
 20
55.0
 30
-1.0
 11
25.0
 21
55.0
 31
0.0
  0
LINE
  5
15FC
330
11D7
100
AcDbEntity
  8
Ramales
100
AcDbLine
 10
35.0
 20
55.0
 30
-1.0
 11
35.0
 21
55.0
 31
0.0
  0
LINE
  5
15FD
330
11D7
100
AcDbEntity
  8
Ramales
100
AcDbLine
 10
45.0
 20
55.0
 30
-1.0
 11
45.0
 21
55.0
 31
0.0
  0
LINE
  5
15FE
330
11D7
100
AcDbEntity
  8
Ramales
100
AcDbLine
 10
55.00000000046566
 20
55.0
 30
-1.0
 11
55.00000000046566
 21
55.0
 31
0.0
  0
LINE
  5
15FF
330
11D7
100
AcDbEntity
  8
Ramales
100
AcDbLine
 10
65.0
 20
55.0
 30
-1.0
 11
65.0
 21
55.0
 31
0.0
  0
LINE
  5
1600
330
11D7
100
AcDbEntity
  8
Ramales
100
AcDbLine
 10
75.0
 20
55.0
 30
-1.0
 11
75.0
 21
55.0
 31
0.0
  0
LINE
  5
1601
330
11D7
100
AcDbEntity
  8
Ramales
100
AcDbLine
 10
85.0
 20
55.0
 30
-1.0
 11
85.0
 21
55.0
 31
0.0
  0
LINE
  5
1602
330
11D7
100
AcDbEntity
  8
Ramales
100
AcDbLine
 10
95.0
 20
55.0
 30
-1.0
 11
95.0
 21
55.0
 31
0.0
  0
LINE
  5
1603
330
11D7
100
AcDbEntity
  8
Ramales
100
AcDbLine
 10
105.0
 20
55.0
 30
-1.0
 11
105.0
 21
55.0
 31
0.0
  0
LINE
  5
1604
330
11D7
100
AcDbEntity
  8
Ramales
100
AcDbLine
 10
115.0
 20
55.0
 30
-1.0
 11
115.0
 21
55.0
 31
0.0
  0
LINE
  5
1605
330
11D7
100
AcDbEntity
  8
Ramales
100
AcDbLine
 10
5.000000000465661
 20
45.0
 30
-1.0
 11
5.000000000465661
 21
45.0
 31
0.0
  0
LINE
  5
1606
330
11D7
100
AcDbEntity
  8
Ramales
100
AcDbLine
 10
15.0
 20
45.0
 30
-1.0
 11
15.0
 21
45.0
 31
0.0
  0
LINE
  5
1607
330
11D7
100
AcDbEntity
  8
Ramales
100
AcDbLine
 10
25.0
 20
45.0
 30
-1.0
 11
25.0
 21
45.0
 31
0.0
  0
LINE
  5
1608
330
11D7
100
AcDbEntity
  8
Ramales
100
AcDbLine
 10
35.0
 20
45.0
 30
-1.0
 11
35.0
 21
45.0
 31
0.0
  0
LINE
  5
1609
330
11D7
100
AcDbEntity
  8
Ramales
100
AcDbLine
 10
45.0
 20
45.0
 30
-1.0
 11
45.0
 21
45.0
 31
0.0
  0
LINE
  5
160A
330
11D7
100
AcDbEntity
  8
Ramales
100
AcDbLine
 10
55.00000000046566
 20
45.0
 30
-1.0
 11
55.00000000046566
 21
45.0
 31
0.0
  0
LINE
  5
160B
330
11D7
100
AcDbEntity
  8
Ramales
100
AcDbLine
 10
65.0
 20
45.0
 30
-1.0
 11
65.0
 21
45.0
 31
0.0
  0
LINE
  5
160C
330
11D7
100
AcDbEntity
  8
Ramales
100
AcDbLine
 10
75.0
 20
45.0
 30
-1.0
 11
75.0
 21
45.0
 31
0.0
  0
LINE
  5
160D
330
11D7
100
AcDbEntity
  8
Ramales
100
AcDbLine
 10
85.0
 20
45.0
 30
-1.0
 11
85.0
 21
45.0
 31
0.0
  0
LINE
  5
160E
330
11D7
100
AcDbEntity
  8
Ramales
100
AcDbLine
 10
95.0
 20
45.0
 30
-1.0
 11
95.0
 21
45.0
 31
0.0
  0
LINE
  5
160F
330
11D7
100
AcDbEntity
  8
Ramales
100
AcDbLine
 10
105.0
 20
45.0
 30
-1.0
 11
105.0
 21
45.0
 31
0.0
  0
LINE
  5
1610
330
11D7
100
AcDbEntity
  8
Ramales
100
AcDbLine
 10
115.0
 20
45.0
 30
-1.0
 11
115.0
 21
45.0
 31
0.0
  0
LINE
  5
1611
330
11D7
100
AcDbEntity
  8
Ramales
100
AcDbLine
 10
5.000000000465661
 20
35.0
 30
-1.0
 11
5.000000000465661
 21
35.0
 31
0.0
  0
LINE
  5
1612
330
11D7
100
AcDbEntity
  8
Ramales
100
AcDbLine
 10
15.0
 20
35.0
 30
-1.0
 11
15.0
 21
35.0
 31
0.0
  0
LINE
  5
1613
330
11D7
100
AcDbEntity
  8
Ramales
100
AcDbLine
 10
25.0
 20
35.0
 30
-1.0
 11
25.0
 21
35.0
 31
0.0
  0
LINE
  5
1614
330
11D7
100
AcDbEntity
  8
Ramales
100
AcDbLine
 10
35.0
 20
35.0
 30
-1.0
 11
35.0
 21
35.0
 31
0.0
  0
LINE
  5
1615
330
11D7
100
AcDbEntity
  8
Ramales
100
AcDbLine
 10
45.0
 20
35.0
 30
-1.0
 11
45.0
 21
35.0
 31
0.0
  0
LINE
  5
1616
330
11D7
100
AcDbEntity
  8
Ramales
100
AcDbLine
 10
55.00000000046566
 20
35.0
 30
-1.0
 11
55.00000000046566
 21
35.0
 31
0.0
  0
LINE
  5
1617
330
11D7
100
AcDbEntity
  8
Ramales
100
AcDbLine
 10
65.0
 20
35.0
 30
-1.0
 11
65.0
 21
35.0
 31
0.0
  0
LINE
  5
1618
330
11D7
100
AcDbEntity
  8
Ramales
100
AcDbLine
 10
75.0
 20
35.0
 30
-1.0
 11
75.0
 21
35.0
 31
0.0
  0
LINE
  5
1619
330
11D7
100
AcDbEntity
  8
Ramales
100
AcDbLine
 10
85.0
 20
35.0
 30
-1.0
 11
85.0
 21
35.0
 31
0.0
  0
LINE
  5
161A
330
11D7
100
AcDbEntity
  8
Ramales
100
AcDbLine
 10
95.0
 20
35.0
 30
-1.0
 11
95.0
 21
35.0
 31
0.0
  0
LINE
  5
161B
330
11D7
100
AcDbEntity
  8
Ramales
100
AcDbLine
 10
105.0
 20
35.0
 30
-1.0
 11
105.0
 21
35.0
 31
0.0
  0
LINE
  5
161C
330
11D7
100
AcDbEntity
  8
Ramales
100
AcDbLine
 10
115.0
 20
35.0
 30
-1.0
 11
115.0
 21
35.0
 31
0.0
  0
LINE
  5
161D
330
11D7
100
AcDbEntity
  8
Ramales
100
AcDbLine
 10
5.000000000465661
 20
25.00000000139698
 30
-1.0
 11
5.000000000465661
 21
25.00000000139698
 31
0.0
  0
LINE
  5
161E
330
11D7
100
AcDbEntity
  8
Ramales
100
AcDbLine
 10
15.0
 20
25.00000000139698
 30
-1.0
 11
15.0
 21
25.00000000139698
 31
0.0
  0
LINE
  5
161F
330
11D7
100
AcDbEntity
  8
Ramales
100
AcDbLine
 10
25.0
 20
25.00000000139698
 30
-1.0
 11
25.0
 21
25.00000000139698
 31
0.0
  0
LINE
  5
1620
330
11D7
100
AcDbEntity
  8
Ramales
100
AcDbLine
 10
35.0
 20
25.00000000139698
 30
-1.0
 11
35.0
 21
25.00000000139698
 31
0.0
  0
LINE
  5
1621
330
11D7
100
AcDbEntity
  8
Ramales
100
AcDbLine
 10
45.0
 20
25.00000000139698
 30
-1.0
 11
45.0
 21
25.00000000139698
 31
0.0
  0
LINE
  5
1622
330
11D7
100
AcDbEntity
  8
Ramales
100
AcDbLine
 10
55.00000000046566
 20
25.00000000139698
 30
-1.0
 11
55.00000000046566
 21
25.00000000139698
 31
0.0
  0
LINE
  5
1623
330
11D7
100
AcDbEntity
  8
Ramales
100
AcDbLine
 10
65.0
 20
25.00000000139698
 30
-1.0
 11
65.0
 21
25.00000000139698
 31
0.0
  0
LINE
  5
1624
330
11D7
100
AcDbEntity
  8
Ramales
100
AcDbLine
 10
75.0
 20
25.00000000139698
 30
-1.0
 11
75.0
 21
25.00000000139698
 31
0.0
  0
LINE
  5
1625
330
11D7
100
AcDbEntity
  8
Ramales
100
AcDbLine
 10
85.0
 20
25.00000000139698
 30
-1.0
 11
85.0
 21
25.00000000139698
 31
0.0
  0
LINE
  5
1626
330
11D7
100
AcDbEntity
  8
Ramales
100
AcDbLine
 10
95.0
 20
25.00000000139698
 30
-1.0
 11
95.0
 21
25.00000000139698
 31
0.0
  0
LINE
  5
1627
330
11D7
100
AcDbEntity
  8
Ramales
100
AcDbLine
 10
105.0
 20
25.00000000139698
 30
-1.0
 11
105.0
 21
25.00000000139698
 31
0.0
  0
LINE
  5
1628
330
11D7
100
AcDbEntity
  8
Ramales
100
AcDbLine
 10
115.0
 20
25.00000000139698
 30
-1.0
 11
115.0
 21
25.00000000139698
 31
0.0
  0
LINE
  5
1629
330
11D7
100
AcDbEntity
  8
Ramales
100
AcDbLine
 10
5.000000000465661
 20
15.0
 30
-1.0
 11
5.000000000465661
 21
15.0
 31
0.0
  0
LINE
  5
162A
330
11D7
100
AcDbEntity
  8
Ramales
100
AcDbLine
 10
15.0
 20
15.0
 30
-1.0
 11
15.0
 21
15.0
 31
0.0
  0
LINE
  5
162B
330
11D7
100
AcDbEntity
  8
Ramales
100
AcDbLine
 10
25.0
 20
15.0
 30
-1.0
 11
25.0
 21
15.0
 31
0.0
  0
LINE
  5
162C
330
11D7
100
AcDbEntity
  8
Ramales
100
AcDbLine
 10
35.0
 20
15.0
 30
-1.0
 11
35.0
 21
15.0
 31
0.0
  0
LINE
  5
162D
330
11D7
100
AcDbEntity
  8
Ramales
100
AcDbLine
 10
45.0
 20
15.0
 30
-1.0
 11
45.0
 21
15.0
 31
0.0
  0
LINE
  5
162E
330
11D7
100
AcDbEntity
  8
Ramales
100
AcDbLine
 10
55.00000000046566
 20
15.0
 30
-1.0
 11
55.00000000046566
 21
15.0
 31
0.0
  0
LINE
  5
162F
330
11D7
100
AcDbEntity
  8
Ramales
100
AcDbLine
 10
65.0
 20
15.0
 30
-1.0
 11
65.0
 21
15.0
 31
0.0
  0
LINE
  5
1630
330
11D7
100
AcDbEntity
  8
Ramales
100
AcDbLine
 10
75.0
 20
15.0
 30
-1.0
 11
75.0
 21
15.0
 31
0.0
  0
LINE
  5
1631
330
11D7
100
AcDbEntity
  8
Ramales
100
AcDbLine
 10
85.0
 20
15.0
 30
-1.0
 11
85.0
 21
15.0
 31
0.0
  0
LINE
  5
1632
330
11D7
100
AcDbEntity
  8
Ramales
100
AcDbLine
 10
95.0
 20
15.0
 30
-1.0
 11
95.0
 21
15.0
 31
0.0
  0
LINE
  5
1633
330
11D7
100
AcDbEntity
  8
Ramales
100
AcDbLine
 10
105.0
 20
15.0
 30
-1.0
 11
105.0
 21
15.0
 31
0.0
  0
LINE
  5
1634
330
11D7
100
AcDbEntity
  8
Ramales
100
AcDbLine
 10
115.0
 20
15.0
 30
-1.0
 11
115.0
 21
15.0
 31
0.0
  0
LINE
  5
1635
330
11D7
100
AcDbEntity
  8
Ramales
100
AcDbLine
 10
5.000000000465661
 20
5.000000001396981
 30
-1.0
 11
5.000000000465661
 21
5.000000001396981
 31
0.0
  0
LINE
  5
1636
330
11D7
100
AcDbEntity
  8
Ramales
100
AcDbLine
 10
15.0
 20
5.000000001396981
 30
-1.0
 11
15.0
 21
5.000000001396981
 31
0.0
  0
LINE
  5
1637
330
11D7
100
AcDbEntity
  8
Ramales
100
AcDbLine
 10
25.0
 20
5.000000001396981
 30
-1.0
 11
25.0
 21
5.000000001396981
 31
0.0
  0
LINE
  5
1638
330
11D7
100
AcDbEntity
  8
Ramales
100
AcDbLine
 10
35.0
 20
5.000000001396981
 30
-1.0
 11
35.0
 21
5.000000001396981
 31
0.0
  0
LINE
  5
1639
330
11D7
100
AcDbEntity
  8
Ramales
100
AcDbLine
 10
45.0
 20
5.000000001396981
 30
-1.0
 11
45.0
 21
5.000000001396981
 31
0.0
  0
LINE
  5
163A
330
11D7
100
AcDbEntity
  8
Ramales
100
AcDbLine
 10
55.00000000046566
 20
5.000000001396981
 30
-1.0
 11
55.00000000046566
 21
5.000000001396981
 31
0.0
  0
LINE
  5
163B
330
11D7
100
AcDbEntity
  8
Ramales
100
AcDbLine
 10
65.0
 20
5.000000001396981
 30
-1.0
 11
65.0
 21
5.000000001396981
 31
0.0
  0
LINE
  5
163C
330
11D7
100
AcDbEntity
  8
Ramales
100
AcDbLine
 10
75.0
 20
5.000000001396981
 30
-1.0
 11
75.0
 21
5.000000001396981
 31
0.0
  0
LINE
  5
163D
330
11D7
100
AcDbEntity
  8
Ramales
100
AcDbLine
 10
85.0
 20
5.000000001396981
 30
-1.0
 11
85.0
 21
5.000000001396981
 31
0.0
  0
LINE
  5
163E
330
11D7
100
AcDbEntity
  8
Ramales
100
AcDbLine
 10
95.0
 20
5.000000001396981
 30
-1.0
 11
95.0
 21
5.000000001396981
 31
0.0
  0
LINE
  5
163F
330
11D7
100
AcDbEntity
  8
Ramales
100
AcDbLine
 10
105.0
 20
5.000000001396981
 30
-1.0
 11
105.0
 21
5.000000001396981
 31
0.0
  0
LINE
  5
1640
330
11D7
100
AcDbEntity
  8
Ramales
100
AcDbLine
 10
115.0
 20
5.000000001396981
 30
-1.0
 11
115.0
 21
5.000000001396981
 31
0.0
  0
LINE
  5
1641
330
11D7
100
AcDbEntity
  8
Ramales
100
AcDbLine
 10
2.499999998603016
 20
5.0
 30
0.0
 11
2.499999998603016
 21
5.0
 31
-1.0
  0
INSERT
  5
1642
102
{ACAD_REACTORS
330
188B
102
}
330
11D7
100
AcDbEntity
  8
Rociadores
100
AcDbBlockReference
  2
*U11
 10
2.499999998603016
 20
304.9999999995343
 30
0.0
  0
LINE
  5
1643
330
11D7
100
AcDbEntity
  8
Ramales
100
AcDbLine
 10
117.5
 20
5.000000001396981
 30
0.0
 11
117.5
 21
5.000000001396981
 31
-1.0
  0
INSERT
  5
1644
102
{ACAD_REACTORS
330
1883
330
1855
102
}
330
11D7
100
AcDbEntity
  8
Rociadores
100
AcDbBlockReference
  2
*U13
 10
117.5
 20
304.9999999995343
 30
0.0
  0
LINE
  5
1645
330
11D7
100
AcDbEntity
  8
Alimentadores
100
AcDbLine
 10
117.5
 20
155.0
 30
-0.9999999999972748
 11
117.5
 21
155.0
 31
-50.99999999999727
  0
LINE
  5
1646
102
{ACAD_REACTORS
330
1858
102
}
330
11D7
100
AcDbEntity
  8
Alimentadores
100
AcDbLine
 10
117.5
 20
155.0
 30
-50.99999999999727
 11
1117.5
 21
155.0
 31
-50.99999999999727
  0
INSERT
  5
1647
102
{ACAD_REACTORS
330
187B
102
}
330
11D7
100
AcDbEntity
  8
0
100
AcDbBlockReference
  2
*U16
 10
-3131381.318569079
 20
3591344.48994793
 30
-1.0
  0
LINE
  5
1648
330
11D7
100
AcDbEntity
  8
Alimentadores
100
AcDbLine
 10
2.499999998603016
 20
304.9999999995343
 30
-1.0
 11
2.499999998603016
 21
295.0
 31
-1.0
  0
LINE
  5
1649
330
11D7
100
AcDbEntity
  8
Alimentadores
100
AcDbLine
 10
2.499999998603016
 20
295.0
 30
-1.0
 11
2.499999998603016
 21
284.9999999995343
 31
-1.0
  0
LINE
  5
164A
330
11D7
100
AcDbEntity
  8
Alimentadores
100
AcDbLine
 10
2.499999998603016
 20
284.9999999995343
 30
-1.0
 11
2.499999998603016
 21
275.0
 31
-1.0
  0
LINE
  5
164B
330
11D7
100
AcDbEntity
  8
Alimentadores
100
AcDbLine
 10
2.499999998603016
 20
275.0
 30
-1.0
 11
2.499999998603016
 21
265.0
 31
-1.0
  0
LINE
  5
164C
330
11D7
100
AcDbEntity
  8
Alimentadores
100
AcDbLine
 10
2.499999998603016
 20
265.0
 30
-1.0
 11
2.499999998603016
 21
255.0
 31
-1.0
  0
LINE
  5
164D
330
11D7
100
AcDbEntity
  8
Alimentadores
100
AcDbLine
 10
2.499999998603016
 20
255.0
 30
-1.0
 11
2.499999998603016
 21
245.0
 31
-1.0
  0
LINE
  5
164E
330
11D7
100
AcDbEntity
  8
Alimentadores
100
AcDbLine
 10
2.499999998603016
 20
245.0
 30
-1.0
 11
2.499999998603016
 21
234.9999999995343
 31
-1.0
  0
LINE
  5
164F
330
11D7
100
AcDbEntity
  8
Alimentadores
100
AcDbLine
 10
2.499999998603016
 20
234.9999999995343
 30
-1.0
 11
2.499999998603016
 21
225.0
 31
-1.0
  0
LINE
  5
1650
330
11D7
100
AcDbEntity
  8
Alimentadores
100
AcDbLine
 10
2.499999998603016
 20
225.0
 30
-1.0
 11
2.499999998603016
 21
215.0
 31
-1.0
  0
LINE
  5
1651
330
11D7
100
AcDbEntity
  8
Alimentadores
100
AcDbLine
 10
2.499999998603016
 20
215.0
 30
-1.0
 11
2.499999998603016
 21
205.0
 31
-1.0
  0
LINE
  5
1652
330
11D7
100
AcDbEntity
  8
Alimentadores
100
AcDbLine
 10
2.499999998603016
 20
205.0
 30
-1.0
 11
2.499999998603016
 21
195.0
 31
-1.0
  0
LINE
  5
1653
330
11D7
100
AcDbEntity
  8
Alimentadores
100
AcDbLine
 10
2.499999998603016
 20
195.0
 30
-1.0
 11
2.499999998603016
 21
185.0
 31
-1.0
  0
LINE
  5
1654
330
11D7
100
AcDbEntity
  8
Alimentadores
100
AcDbLine
 10
2.499999998603016
 20
185.0
 30
-1.0
 11
2.499999998603016
 21
175.0
 31
-1.0
  0
LINE
  5
1655
330
11D7
100
AcDbEntity
  8
Alimentadores
100
AcDbLine
 10
2.499999998603016
 20
175.0
 30
-1.0
 11
2.499999998603016
 21
165.0
 31
-1.0
  0
LINE
  5
1656
330
11D7
100
AcDbEntity
  8
Alimentadores
100
AcDbLine
 10
2.499999998603016
 20
165.0
 30
-1.0
 11
2.499999998603016
 21
155.0
 31
-1.0
  0
LINE
  5
1657
330
11D7
100
AcDbEntity
  8
Alimentadores
100
AcDbLine
 10
2.499999998603016
 20
155.0
 30
-1.0
 11
2.499999998603016
 21
145.0
 31
-1.0
  0
LINE
  5
1658
330
11D7
100
AcDbEntity
  8
Alimentadores
100
AcDbLine
 10
2.499999998603016
 20
145.0
 30
-1.0
 11
2.499999998603016
 21
135.0
 31
-1.0
  0
LINE
  5
1659
330
11D7
100
AcDbEntity
  8
Alimentadores
100
AcDbLine
 10
2.499999998603016
 20
135.0
 30
-1.0
 11
2.499999998603016
 21
125.0
 31
-1.0
  0
LINE
  5
165A
330
11D7
100
AcDbEntity
  8
Alimentadores
100
AcDbLine
 10
2.499999998603016
 20
125.0
 30
-1.0
 11
2.499999998603016
 21
115.0
 31
-1.0
  0
LINE
  5
165B
330
11D7
100
AcDbEntity
  8
Alimentadores
100
AcDbLine
 10
2.499999998603016
 20
115.0
 30
-1.0
 11
2.499999998603016
 21
105.0
 31
-1.0
  0
LINE
  5
165C
330
11D7
100
AcDbEntity
  8
Alimentadores
100
AcDbLine
 10
2.499999998603016
 20
105.0
 30
-1.0
 11
2.499999998603016
 21
95.0
 31
-1.0
  0
LINE
  5
165D
330
11D7
100
AcDbEntity
  8
Alimentadores
100
AcDbLine
 10
2.499999998603016
 20
95.0
 30
-1.0
 11
2.499999998603016
 21
85.0
 31
-1.0
  0
LINE
  5
165E
330
11D7
100
AcDbEntity
  8
Alimentadores
100
AcDbLine
 10
2.499999998603016
 20
85.0
 30
-1.0
 11
2.499999998603016
 21
75.0
 31
-1.0
  0
LINE
  5
165F
330
11D7
100
AcDbEntity
  8
Alimentadores
100
AcDbLine
 10
2.499999998603016
 20
75.0
 30
-1.0
 11
2.499999998603016
 21
65.0
 31
-1.0
  0
LINE
  5
1660
330
11D7
100
AcDbEntity
  8
Alimentadores
100
AcDbLine
 10
2.499999998603016
 20
65.0
 30
-1.0
 11
2.499999998603016
 21
55.0
 31
-1.0
  0
LINE
  5
1661
330
11D7
100
AcDbEntity
  8
Alimentadores
100
AcDbLine
 10
2.499999998603016
 20
55.0
 30
-1.0
 11
2.499999998603016
 21
45.0
 31
-1.0
  0
LINE
  5
1662
330
11D7
100
AcDbEntity
  8
Alimentadores
100
AcDbLine
 10
2.499999998603016
 20
45.0
 30
-1.0
 11
2.499999998603016
 21
35.0
 31
-1.0
  0
LINE
  5
1663
330
11D7
100
AcDbEntity
  8
Alimentadores
100
AcDbLine
 10
2.499999998603016
 20
35.0
 30
-1.0
 11
2.499999998603016
 21
25.0
 31
-1.0
  0
LINE
  5
1664
330
11D7
100
AcDbEntity
  8
Alimentadores
100
AcDbLine
 10
2.499999998603016
 20
25.0
 30
-1.0
 11
2.499999998603016
 21
15.0
 31
-1.0
  0
LINE
  5
1665
330
11D7
100
AcDbEntity
  8
Alimentadores
100
AcDbLine
 10
2.499999998603016
 20
15.0
 30
-1.0
 11
2.499999998603016
 21
5.0
 31
-1.0
  0
LINE
  5
1666
102
{ACAD_REACTORS
330
1855
102
}
330
11D7
100
AcDbEntity
  8
Alimentadores
100
AcDbLine
 10
117.5
 20
304.9999999995343
 30
-1.0
 11
117.5
 21
295.0
 31
-1.0
  0
LINE
  5
1667
330
11D7
100
AcDbEntity
  8
Alimentadores
100
AcDbLine
 10
117.5
 20
295.0
 30
-1.0
 11
117.5
 21
284.9999999995343
 31
-1.0
  0
LINE
  5
1668
330
11D7
100
AcDbEntity
  8
Alimentadores
100
AcDbLine
 10
117.5
 20
284.9999999995343
 30
-1.0
 11
117.5
 21
275.0
 31
-1.0
  0
LINE
  5
1669
330
11D7
100
AcDbEntity
  8
Alimentadores
100
AcDbLine
 10
117.5
 20
275.0
 30
-1.0
 11
117.5
 21
265.0
 31
-1.0
  0
LINE
  5
166A
330
11D7
100
AcDbEntity
  8
Alimentadores
100
AcDbLine
 10
117.5
 20
265.0
 30
-1.0
 11
117.5
 21
255.0
 31
-1.0
  0
LINE
  5
166B
330
11D7
100
AcDbEntity
  8
Alimentadores
100
AcDbLine
 10
117.5
 20
255.0
 30
-1.0
 11
117.5
 21
245.0
 31
-1.0
  0
LINE
  5
166C
330
11D7
100
AcDbEntity
  8
Alimentadores
100
AcDbLine
 10
117.5
 20
245.0
 30
-1.0
 11
117.5
 21
234.9999999995343
 31
-1.0
  0
LINE
  5
166D
330
11D7
100
AcDbEntity
  8
Alimentadores
100
AcDbLine
 10
117.5
 20
234.9999999995343
 30
-1.0
 11
117.5
 21
225.0
 31
-1.0
  0
LINE
  5
166E
330
11D7
100
AcDbEntity
  8
Alimentadores
100
AcDbLine
 10
117.5
 20
225.0
 30
-1.0
 11
117.5
 21
215.0
 31
-1.0
  0
LINE
  5
166F
330
11D7
100
AcDbEntity
  8
Alimentadores
100
AcDbLine
 10
117.5
 20
215.0
 30
-1.0
 11
117.5
 21
205.0
 31
-1.0
  0
LINE
  5
1670
330
11D7
100
AcDbEntity
  8
Alimentadores
100
AcDbLine
 10
117.5
 20
205.0
 30
-1.0
 11
117.5
 21
195.0
 31
-1.0
  0
LINE
  5
1671
330
11D7
100
AcDbEntity
  8
Alimentadores
100
AcDbLine
 10
117.5
 20
195.0
 30
-1.0
 11
117.5
 21
185.0
 31
-1.0
  0
LINE
  5
1672
330
11D7
100
AcDbEntity
  8
Alimentadores
100
AcDbLine
 10
117.5
 20
185.0
 30
-1.0
 11
117.5
 21
175.0
 31
-1.0
  0
LINE
  5
1673
330
11D7
100
AcDbEntity
  8
Alimentadores
100
AcDbLine
 10
117.5
 20
175.0
 30
-1.0
 11
117.5
 21
165.0
 31
-1.0
  0
LINE
  5
1674
330
11D7
100
AcDbEntity
  8
Alimentadores
100
AcDbLine
 10
117.5
 20
165.0
 30
-1.0
 11
117.5
 21
155.0
 31
-0.9999999999972748
  0
LINE
  5
1675
102
{ACAD_REACTORS
330
1858
102
}
330
11D7
100
AcDbEntity
  8
Alimentadores
100
AcDbLine
 10
117.5
 20
155.0
 30
-0.9999999999972748
 11
117.5
 21
145.0
 31
-1.0
  0
LINE
  5
1676
330
11D7
100
AcDbEntity
  8
Alimentadores
100
AcDbLine
 10
117.5
 20
145.0
 30
-1.0
 11
117.5
 21
135.0
 31
-1.0
  0
LINE
  5
1677
330
11D7
100
AcDbEntity
  8
Alimentadores
100
AcDbLine
 10
117.5
 20
135.0
 30
-1.0
 11
117.5
 21
125.0
 31
-1.0
  0
LINE
  5
1678
330
11D7
100
AcDbEntity
  8
Alimentadores
100
AcDbLine
 10
117.5
 20
125.0
 30
-1.0
 11
117.5
 21
115.0
 31
-1.0
  0
LINE
  5
1679
330
11D7
100
AcDbEntity
  8
Alimentadores
100
AcDbLine
 10
117.5
 20
115.0
 30
-1.0
 11
117.5
 21
105.0
 31
-1.0
  0
LINE
  5
167A
330
11D7
100
AcDbEntity
  8
Alimentadores
100
AcDbLine
 10
117.5
 20
105.0
 30
-1.0
 11
117.5
 21
95.0
 31
-1.0
  0
LINE
  5
167B
330
11D7
100
AcDbEntity
  8
Alimentadores
100
AcDbLine
 10
117.5
 20
95.0
 30
-1.0
 11
117.5
 21
85.0
 31
-1.0
  0
LINE
  5
167C
330
11D7
100
AcDbEntity
  8
Alimentadores
100
AcDbLine
 10
117.5
 20
85.0
 30
-1.0
 11
117.5
 21
75.0
 31
-1.0
  0
LINE
  5
167D
330
11D7
100
AcDbEntity
  8
Alimentadores
100
AcDbLine
 10
117.5
 20
75.0
 30
-1.0
 11
117.5
 21
65.0
 31
-1.0
  0
LINE
  5
167E
330
11D7
100
AcDbEntity
  8
Alimentadores
100
AcDbLine
 10
117.5
 20
65.0
 30
-1.0
 11
117.5
 21
55.0
 31
-1.0
  0
LINE
  5
167F
330
11D7
100
AcDbEntity
  8
Alimentadores
100
AcDbLine
 10
117.5
 20
55.0
 30
-1.0
 11
117.5
 21
45.0
 31
-1.0
  0
LINE
  5
1680
330
11D7
100
AcDbEntity
  8
Alimentadores
100
AcDbLine
 10
117.5
 20
45.0
 30
-1.0
 11
117.5
 21
35.0
 31
-1.0
  0
LINE
  5
1681
330
11D7
100
AcDbEntity
  8
Alimentadores
100
AcDbLine
 10
117.5
 20
35.0
 30
-1.0
 11
117.5
 21
25.0
 31
-1.0
  0
LINE
  5
1682
330
11D7
100
AcDbEntity
  8
Alimentadores
100
AcDbLine
 10
117.5
 20
25.0
 30
-1.0
 11
117.5
 21
15.0
 31
-1.0
  0
LINE
  5
1683
330
11D7
100
AcDbEntity
  8
Alimentadores
100
AcDbLine
 10
117.5
 20
15.0
 30
-1.0
 11
117.5
 21
5.000000001396981
 31
-1.0
  0
TEXT
  5
1684
330
11D7
100
AcDbEntity
  8
Diámetros
100
AcDbText
 10
8.352367990650236
 20
304.1315514002927
 30
0.0
 40
0.65
  1
3
100
AcDbText
  0
TEXT
  5
1685
330
11D7
100
AcDbEntity
  8
Diámetros
100
AcDbText
 10
18.01531700743362
 20
304.1315514002927
 30
0.0
 40
0.65
  1
3
100
AcDbText
  0
TEXT
  5
1686
330
11D7
100
AcDbEntity
  8
Diámetros
100
AcDbText
 10
27.99930840684101
 20
304.1315514002927
 30
0.0
 40
0.65
  1
3
100
AcDbText
  0
TEXT
  5
1687
330
11D7
100
AcDbEntity
  8
Diámetros
100
AcDbText
 10
37.58116060355678
 20
304.1315514002927
 30
0.0
 40
0.65
  1
3
100
AcDbText
  0
TEXT
  5
1688
330
11D7
100
AcDbEntity
  8
Diámetros
100
AcDbText
 10
49.00151800503953
 20
304.1315514002927
 30
0.0
 40
0.65
  1
3
100
AcDbText
  0
TEXT
  5
1689
330
11D7
100
AcDbEntity
  8
Diámetros
100
AcDbText
 10
57.99643195979296
 20
304.1315514002927
 30
0.0
 40
0.65
  1
3
100
AcDbText
  0
TEXT
  5
168A
330
11D7
100
AcDbEntity
  8
Diámetros
100
AcDbText
 10
69.38339835871011
 20
304.1315514002927
 30
0.0
 40
0.65
  1
3
100
AcDbText
  0
TEXT
  5
168B
330
11D7
100
AcDbEntity
  8
Diámetros
100
AcDbText
 10
79.08325393870474
 20
304.1315514002927
 30
0.0
 40
0.65
  1
3
100
AcDbText
  0
TEXT
  5
168C
330
11D7
100
AcDbEntity
  8
Diámetros
100
AcDbText
 10
89.23656908236443
 20
304.1315514002927
 30
0.0
 40
0.65
  1
3
100
AcDbText
  0
TEXT
  5
168D
330
11D7
100
AcDbEntity
  8
Diámetros
100
AcDbText
 10
99.69663909496741
 20
304.1315514002927
 30
0.0
 40
0.65
  1
3
100
AcDbText
  0
TEXT
  5
168E
330
11D7
100
AcDbEntity
  8
Diámetros
100
AcDbText
 10
109.5795393465087
 20
304.1315514002927
 30
0.0
 40
0.65
  1
3
100
AcDbText
  0
TEXT
  5
168F
330
11D7
100
AcDbEntity
  8
Diámetros
100
AcDbText
 10
115.1345657669007
 20
304.1315514002927
 30
0.0
 40
0.65
  1
2,5
100
AcDbText
  0
TEXT
  5
1690
330
11D7
100
AcDbEntity
  8
Diámetros
100
AcDbText
 10
2.755509810522198
 20
304.1315514002927
 30
0.0
 40
0.65
  1
3
100
AcDbText
  0
TEXT
  5
1691
330
11D7
100
AcDbEntity
  8
Diámetros
100
AcDbText
 10
8.352367990650236
 20
294.0437981826253
 30
0.0
 40
0.65
  1
3
100
AcDbText
  0
TEXT
  5
1692
330
11D7
100
AcDbEntity
  8
Diámetros
100
AcDbText
 10
18.01531700743362
 20
294.0437981826253
 30
0.0
 40
0.65
  1
3
100
AcDbText
  0
TEXT
  5
1693
330
11D7
100
AcDbEntity
  8
Diámetros
100
AcDbText
 10
27.99930840684101
 20
294.0437981826253
 30
0.0
 40
0.65
  1
3
100
AcDbText
  0
TEXT
  5
1694
330
11D7
100
AcDbEntity
  8
Diámetros
100
AcDbText
 10
37.58116060355678
 20
294.0437981826253
 30
0.0
 40
0.65
  1
3
100
AcDbText
  0
TEXT
  5
1695
330
11D7
100
AcDbEntity
  8
Diámetros
100
AcDbText
 10
49.00151800503953
 20
294.0437981826253
 30
0.0
 40
0.65
  1
3
100
AcDbText
  0
TEXT
  5
1696
330
11D7
100
AcDbEntity
  8
Diámetros
100
AcDbText
 10
57.99643195979296
 20
294.0437981826253
 30
0.0
 40
0.65
  1
3
100
AcDbText
  0
TEXT
  5
1697
330
11D7
100
AcDbEntity
  8
Diámetros
100
AcDbText
 10
69.38339835871011
 20
294.0437981826253
 30
0.0
 40
0.65
  1
3
100
AcDbText
  0
TEXT
  5
1698
330
11D7
100
AcDbEntity
  8
Diámetros
100
AcDbText
 10
79.08325393870474
 20
294.0437981826253
 30
0.0
 40
0.65
  1
3
100
AcDbText
  0
TEXT
  5
1699
330
11D7
100
AcDbEntity
  8
Diámetros
100
AcDbText
 10
89.23656908236443
 20
294.0437981826253
 30
0.0
 40
0.65
  1
3
100
AcDbText
  0
TEXT
  5
169A
330
11D7
100
AcDbEntity
  8
Diámetros
100
AcDbText
 10
99.69663909496741
 20
294.0437981826253
 30
0.0
 40
0.65
  1
3
100
AcDbText
  0
TEXT
  5
169B
330
11D7
100
AcDbEntity
  8
Diámetros
100
AcDbText
 10
109.5795393465087
 20
294.0437981826253
 30
0.0
 40
0.65
  1
3
100
AcDbText
  0
TEXT
  5
169C
330
11D7
100
AcDbEntity
  8
Diámetros
100
AcDbText
 10
115.1345657669007
 20
294.0437981826253
 30
0.0
 40
0.65
  1
2,5
100
AcDbText
  0
TEXT
  5
169D
330
11D7
100
AcDbEntity
  8
Diámetros
100
AcDbText
 10
2.755509810522198
 20
294.0437981826253
 30
0.0
 40
0.65
  1
3
100
AcDbText
  0
TEXT
  5
169E
330
11D7
100
AcDbEntity
  8
Diámetros
100
AcDbText
 10
8.352367990650236
 20
284.1424525249749
 30
0.0
 40
0.65
  1
3
100
AcDbText
  0
TEXT
  5
169F
330
11D7
100
AcDbEntity
  8
Diámetros
100
AcDbText
 10
18.01531700743362
 20
284.1424525249749
 30
0.0
 40
0.65
  1
3
100
AcDbText
  0
TEXT
  5
16A0
330
11D7
100
AcDbEntity
  8
Diámetros
100
AcDbText
 10
27.99930840684101
 20
284.1424525249749
 30
0.0
 40
0.65
  1
3
100
AcDbText
  0
TEXT
  5
16A1
330
11D7
100
AcDbEntity
  8
Diámetros
100
AcDbText
 10
37.58116060355678
 20
284.1424525249749
 30
0.0
 40
0.65
  1
3
100
AcDbText
  0
TEXT
  5
16A2
330
11D7
100
AcDbEntity
  8
Diámetros
100
AcDbText
 10
49.00151800503953
 20
284.1424525249749
 30
0.0
 40
0.65
  1
3
100
AcDbText
  0
TEXT
  5
16A3
330
11D7
100
AcDbEntity
  8
Diámetros
100
AcDbText
 10
57.99643195979296
 20
284.1424525249749
 30
0.0
 40
0.65
  1
3
100
AcDbText
  0
TEXT
  5
16A4
330
11D7
100
AcDbEntity
  8
Diámetros
100
AcDbText
 10
69.38339835871011
 20
284.1424525249749
 30
0.0
 40
0.65
  1
3
100
AcDbText
  0
TEXT
  5
16A5
330
11D7
100
AcDbEntity
  8
Diámetros
100
AcDbText
 10
79.08325393870474
 20
284.1424525249749
 30
0.0
 40
0.65
  1
3
100
AcDbText
  0
TEXT
  5
16A6
330
11D7
100
AcDbEntity
  8
Diámetros
100
AcDbText
 10
89.23656908236443
 20
284.1424525249749
 30
0.0
 40
0.65
  1
3
100
AcDbText
  0
TEXT
  5
16A7
330
11D7
100
AcDbEntity
  8
Diámetros
100
AcDbText
 10
99.69663909496741
 20
284.1424525249749
 30
0.0
 40
0.65
  1
3
100
AcDbText
  0
TEXT
  5
16A8
330
11D7
100
AcDbEntity
  8
Diámetros
100
AcDbText
 10
109.5795393465087
 20
284.1424525249749
 30
0.0
 40
0.65
  1
3
100
AcDbText
  0
TEXT
  5
16A9
330
11D7
100
AcDbEntity
  8
Diámetros
100
AcDbText
 10
115.1345657669007
 20
284.1424525249749
 30
0.0
 40
0.65
  1
2,5
100
AcDbText
  0
TEXT
  5
16AA
330
11D7
100
AcDbEntity
  8
Diámetros
100
AcDbText
 10
2.755509810522198
 20
284.1424525249749
 30
0.0
 40
0.65
  1
3
100
AcDbText
  0
TEXT
  5
16AB
330
11D7
100
AcDbEntity
  8
Diámetros
100
AcDbText
 10
8.352367990650236
 20
274.0587477199733
 30
0.0
 40
0.65
  1
3
100
AcDbText
  0
TEXT
  5
16AC
330
11D7
100
AcDbEntity
  8
Diámetros
100
AcDbText
 10
18.01531700743362
 20
274.0587477199733
 30
0.0
 40
0.65
  1
3
100
AcDbText
  0
TEXT
  5
16AD
330
11D7
100
AcDbEntity
  8
Diámetros
100
AcDbText
 10
27.99930840684101
 20
274.0587477199733
 30
0.0
 40
0.65
  1
3
100
AcDbText
  0
TEXT
  5
16AE
330
11D7
100
AcDbEntity
  8
Diámetros
100
AcDbText
 10
37.58116060355678
 20
274.0587477199733
 30
0.0
 40
0.65
  1
3
100
AcDbText
  0
TEXT
  5
16AF
330
11D7
100
AcDbEntity
  8
Diámetros
100
AcDbText
 10
49.00151800503953
 20
274.0587477199733
 30
0.0
 40
0.65
  1
3
100
AcDbText
  0
TEXT
  5
16B0
330
11D7
100
AcDbEntity
  8
Diámetros
100
AcDbText
 10
57.99643195979296
 20
274.0587477199733
 30
0.0
 40
0.65
  1
3
100
AcDbText
  0
TEXT
  5
16B1
330
11D7
100
AcDbEntity
  8
Diámetros
100
AcDbText
 10
69.38339835871011
 20
274.0587477199733
 30
0.0
 40
0.65
  1
3
100
AcDbText
  0
TEXT
  5
16B2
330
11D7
100
AcDbEntity
  8
Diámetros
100
AcDbText
 10
79.08325393870474
 20
274.0587477199733
 30
0.0
 40
0.65
  1
3
100
AcDbText
  0
TEXT
  5
16B3
330
11D7
100
AcDbEntity
  8
Diámetros
100
AcDbText
 10
89.23656908236443
 20
274.0587477199733
 30
0.0
 40
0.65
  1
3
100
AcDbText
  0
TEXT
  5
16B4
330
11D7
100
AcDbEntity
  8
Diámetros
100
AcDbText
 10
99.69663909496741
 20
274.0587477199733
 30
0.0
 40
0.65
  1
3
100
AcDbText
  0
TEXT
  5
16B5
330
11D7
100
AcDbEntity
  8
Diámetros
100
AcDbText
 10
109.5795393465087
 20
274.0587477199733
 30
0.0
 40
0.65
  1
3
100
AcDbText
  0
TEXT
  5
16B6
330
11D7
100
AcDbEntity
  8
Diámetros
100
AcDbText
 10
115.1345657669007
 20
274.0587477199733
 30
0.0
 40
0.65
  1
2,5
100
AcDbText
  0
TEXT
  5
16B7
330
11D7
100
AcDbEntity
  8
Diámetros
100
AcDbText
 10
2.755509810522198
 20
274.0587477199733
 30
0.0
 40
0.65
  1
3
100
AcDbText
  0
TEXT
  5
16B8
330
11D7
100
AcDbEntity
  8
Diámetros
100
AcDbText
 10
8.352367990650236
 20
264.1448345077224
 30
0.0
 40
0.65
  1
3
100
AcDbText
  0
TEXT
  5
16B9
330
11D7
100
AcDbEntity
  8
Diámetros
100
AcDbText
 10
18.01531700743362
 20
264.1448345077224
 30
0.0
 40
0.65
  1
3
100
AcDbText
  0
TEXT
  5
16BA
330
11D7
100
AcDbEntity
  8
Diámetros
100
AcDbText
 10
27.99930840684101
 20
264.1448345077224
 30
0.0
 40
0.65
  1
3
100
AcDbText
  0
TEXT
  5
16BB
330
11D7
100
AcDbEntity
  8
Diámetros
100
AcDbText
 10
37.58116060355678
 20
264.1448345077224
 30
0.0
 40
0.65
  1
3
100
AcDbText
  0
TEXT
  5
16BC
330
11D7
100
AcDbEntity
  8
Diámetros
100
AcDbText
 10
49.00151800503953
 20
264.1448345077224
 30
0.0
 40
0.65
  1
3
100
AcDbText
  0
TEXT
  5
16BD
330
11D7
100
AcDbEntity
  8
Diámetros
100
AcDbText
 10
57.99643195979296
 20
264.1448345077224
 30
0.0
 40
0.65
  1
3
100
AcDbText
  0
TEXT
  5
16BE
330
11D7
100
AcDbEntity
  8
Diámetros
100
AcDbText
 10
69.38339835871011
 20
264.1448345077224
 30
0.0
 40
0.65
  1
3
100
AcDbText
  0
TEXT
  5
16BF
330
11D7
100
AcDbEntity
  8
Diámetros
100
AcDbText
 10
79.08325393870474
 20
264.1448345077224
 30
0.0
 40
0.65
  1
3
100
AcDbText
  0
TEXT
  5
16C0
330
11D7
100
AcDbEntity
  8
Diámetros
100
AcDbText
 10
89.23656908236443
 20
264.1448345077224
 30
0.0
 40
0.65
  1
3
100
AcDbText
  0
TEXT
  5
16C1
330
11D7
100
AcDbEntity
  8
Diámetros
100
AcDbText
 10
99.69663909496741
 20
264.1448345077224
 30
0.0
 40
0.65
  1
3
100
AcDbText
  0
TEXT
  5
16C2
330
11D7
100
AcDbEntity
  8
Diámetros
100
AcDbText
 10
109.5795393465087
 20
264.1448345077224
 30
0.0
 40
0.65
  1
3
100
AcDbText
  0
TEXT
  5
16C3
330
11D7
100
AcDbEntity
  8
Diámetros
100
AcDbText
 10
115.1345657669007
 20
264.1448345077224
 30
0.0
 40
0.65
  1
2,5
100
AcDbText
  0
TEXT
  5
16C4
330
11D7
100
AcDbEntity
  8
Diámetros
100
AcDbText
 10
2.755509810522198
 20
264.1448345077224
 30
0.0
 40
0.65
  1
3
100
AcDbText
  0
TEXT
  5
16C5
330
11D7
100
AcDbEntity
  8
Diámetros
100
AcDbText
 10
8.352367990650236
 20
254.117682239972
 30
0.0
 40
0.65
  1
3
100
AcDbText
  0
TEXT
  5
16C6
330
11D7
100
AcDbEntity
  8
Diámetros
100
AcDbText
 10
18.01531700743362
 20
254.117682239972
 30
0.0
 40
0.65
  1
3
100
AcDbText
  0
TEXT
  5
16C7
330
11D7
100
AcDbEntity
  8
Diámetros
100
AcDbText
 10
27.99930840684101
 20
254.117682239972
 30
0.0
 40
0.65
  1
3
100
AcDbText
  0
TEXT
  5
16C8
330
11D7
100
AcDbEntity
  8
Diámetros
100
AcDbText
 10
37.58116060355678
 20
254.117682239972
 30
0.0
 40
0.65
  1
3
100
AcDbText
  0
TEXT
  5
16C9
330
11D7
100
AcDbEntity
  8
Diámetros
100
AcDbText
 10
49.00151800503953
 20
254.117682239972
 30
0.0
 40
0.65
  1
3
100
AcDbText
  0
TEXT
  5
16CA
330
11D7
100
AcDbEntity
  8
Diámetros
100
AcDbText
 10
57.99643195979296
 20
254.117682239972
 30
0.0
 40
0.65
  1
3
100
AcDbText
  0
TEXT
  5
16CB
330
11D7
100
AcDbEntity
  8
Diámetros
100
AcDbText
 10
69.38339835871011
 20
254.117682239972
 30
0.0
 40
0.65
  1
3
100
AcDbText
  0
TEXT
  5
16CC
330
11D7
100
AcDbEntity
  8
Diámetros
100
AcDbText
 10
79.08325393870474
 20
254.117682239972
 30
0.0
 40
0.65
  1
3
100
AcDbText
  0
TEXT
  5
16CD
330
11D7
100
AcDbEntity
  8
Diámetros
100
AcDbText
 10
89.23656908236443
 20
254.117682239972
 30
0.0
 40
0.65
  1
3
100
AcDbText
  0
TEXT
  5
16CE
330
11D7
100
AcDbEntity
  8
Diámetros
100
AcDbText
 10
99.69663909496741
 20
254.117682239972
 30
0.0
 40
0.65
  1
3
100
AcDbText
  0
TEXT
  5
16CF
330
11D7
100
AcDbEntity
  8
Diámetros
100
AcDbText
 10
109.5795393465087
 20
254.117682239972
 30
0.0
 40
0.65
  1
3
100
AcDbText
  0
TEXT
  5
16D0
330
11D7
100
AcDbEntity
  8
Diámetros
100
AcDbText
 10
115.1345657669007
 20
254.117682239972
 30
0.0
 40
0.65
  1
2,5
100
AcDbText
  0
TEXT
  5
16D1
330
11D7
100
AcDbEntity
  8
Diámetros
100
AcDbText
 10
2.755509810522198
 20
254.117682239972
 30
0.0
 40
0.65
  1
3
100
AcDbText
  0
TEXT
  5
16D2
330
11D7
100
AcDbEntity
  8
Diámetros
100
AcDbText
 10
8.352367990650236
 20
244.1573928599246
 30
0.0
 40
0.65
  1
3
100
AcDbText
  0
TEXT
  5
16D3
330
11D7
100
AcDbEntity
  8
Diámetros
100
AcDbText
 10
18.01531700743362
 20
244.1573928599246
 30
0.0
 40
0.65
  1
3
100
AcDbText
  0
TEXT
  5
16D4
330
11D7
100
AcDbEntity
  8
Diámetros
100
AcDbText
 10
27.99930840684101
 20
244.1573928599246
 30
0.0
 40
0.65
  1
3
100
AcDbText
  0
TEXT
  5
16D5
330
11D7
100
AcDbEntity
  8
Diámetros
100
AcDbText
 10
37.58116060355678
 20
244.1573928599246
 30
0.0
 40
0.65
  1
3
100
AcDbText
  0
TEXT
  5
16D6
330
11D7
100
AcDbEntity
  8
Diámetros
100
AcDbText
 10
49.00151800503953
 20
244.1573928599246
 30
0.0
 40
0.65
  1
3
100
AcDbText
  0
TEXT
  5
16D7
330
11D7
100
AcDbEntity
  8
Diámetros
100
AcDbText
 10
57.99643195979296
 20
244.1573928599246
 30
0.0
 40
0.65
  1
3
100
AcDbText
  0
TEXT
  5
16D8
330
11D7
100
AcDbEntity
  8
Diámetros
100
AcDbText
 10
69.38339835871011
 20
244.1573928599246
 30
0.0
 40
0.65
  1
3
100
AcDbText
  0
TEXT
  5
16D9
330
11D7
100
AcDbEntity
  8
Diámetros
100
AcDbText
 10
79.08325393870474
 20
244.1573928599246
 30
0.0
 40
0.65
  1
3
100
AcDbText
  0
TEXT
  5
16DA
330
11D7
100
AcDbEntity
  8
Diámetros
100
AcDbText
 10
89.23656908236443
 20
244.1573928599246
 30
0.0
 40
0.65
  1
3
100
AcDbText
  0
TEXT
  5
16DB
330
11D7
100
AcDbEntity
  8
Diámetros
100
AcDbText
 10
99.69663909496741
 20
244.1573928599246
 30
0.0
 40
0.65
  1
3
100
AcDbText
  0
TEXT
  5
16DC
330
11D7
100
AcDbEntity
  8
Diámetros
100
AcDbText
 10
109.5795393465087
 20
244.1573928599246
 30
0.0
 40
0.65
  1
3
100
AcDbText
  0
TEXT
  5
16DD
330
11D7
100
AcDbEntity
  8
Diámetros
100
AcDbText
 10
115.1345657669007
 20
244.1573928599246
 30
0.0
 40
0.65
  1
2,5
100
AcDbText
  0
TEXT
  5
16DE
330
11D7
100
AcDbEntity
  8
Diámetros
100
AcDbText
 10
2.755509810522198
 20
244.1573928599246
 30
0.0
 40
0.65
  1
3
100
AcDbText
  0
TEXT
  5
16DF
330
11D7
100
AcDbEntity
  8
Diámetros
100
AcDbText
 10
8.352367990650236
 20
234.1921288827434
 30
0.0
 40
0.65
  1
3
100
AcDbText
  0
TEXT
  5
16E0
330
11D7
100
AcDbEntity
  8
Diámetros
100
AcDbText
 10
18.01531700743362
 20
234.1921288827434
 30
0.0
 40
0.65
  1
3
100
AcDbText
  0
TEXT
  5
16E1
330
11D7
100
AcDbEntity
  8
Diámetros
100
AcDbText
 10
27.99930840684101
 20
234.1921288827434
 30
0.0
 40
0.65
  1
3
100
AcDbText
  0
TEXT
  5
16E2
330
11D7
100
AcDbEntity
  8
Diámetros
100
AcDbText
 10
37.58116060355678
 20
234.1921288827434
 30
0.0
 40
0.65
  1
3
100
AcDbText
  0
TEXT
  5
16E3
330
11D7
100
AcDbEntity
  8
Diámetros
100
AcDbText
 10
49.00151800503953
 20
234.1921288827434
 30
0.0
 40
0.65
  1
3
100
AcDbText
  0
TEXT
  5
16E4
330
11D7
100
AcDbEntity
  8
Diámetros
100
AcDbText
 10
57.99643195979296
 20
234.1921288827434
 30
0.0
 40
0.65
  1
3
100
AcDbText
  0
TEXT
  5
16E5
330
11D7
100
AcDbEntity
  8
Diámetros
100
AcDbText
 10
69.38339835871011
 20
234.1921288827434
 30
0.0
 40
0.65
  1
3
100
AcDbText
  0
TEXT
  5
16E6
330
11D7
100
AcDbEntity
  8
Diámetros
100
AcDbText
 10
79.08325393870474
 20
234.1921288827434
 30
0.0
 40
0.65
  1
3
100
AcDbText
  0
TEXT
  5
16E7
330
11D7
100
AcDbEntity
  8
Diámetros
100
AcDbText
 10
89.23656908236443
 20
234.1921288827434
 30
0.0
 40
0.65
  1
3
100
AcDbText
  0
TEXT
  5
16E8
330
11D7
100
AcDbEntity
  8
Diámetros
100
AcDbText
 10
99.69663909496741
 20
234.1921288827434
 30
0.0
 40
0.65
  1
3
100
AcDbText
  0
TEXT
  5
16E9
330
11D7
100
AcDbEntity
  8
Diámetros
100
AcDbText
 10
109.5795393465087
 20
234.1921288827434
 30
0.0
 40
0.65
  1
3
100
AcDbText
  0
TEXT
  5
16EA
330
11D7
100
AcDbEntity
  8
Diámetros
100
AcDbText
 10
115.1345657669007
 20
234.1921288827434
 30
0.0
 40
0.65
  1
2,5
100
AcDbText
  0
TEXT
  5
16EB
330
11D7
100
AcDbEntity
  8
Diámetros
100
AcDbText
 10
2.755509810522198
 20
234.1921288827434
 30
0.0
 40
0.65
  1
3
100
AcDbText
  0
TEXT
  5
16EC
330
11D7
100
AcDbEntity
  8
Diámetros
100
AcDbText
 10
8.352367990650236
 20
224.1123064751737
 30
0.0
 40
0.65
  1
3
100
AcDbText
  0
TEXT
  5
16ED
330
11D7
100
AcDbEntity
  8
Diámetros
100
AcDbText
 10
18.01531700743362
 20
224.1123064751737
 30
0.0
 40
0.65
  1
3
100
AcDbText
  0
TEXT
  5
16EE
330
11D7
100
AcDbEntity
  8
Diámetros
100
AcDbText
 10
27.99930840684101
 20
224.1123064751737
 30
0.0
 40
0.65
  1
3
100
AcDbText
  0
TEXT
  5
16EF
330
11D7
100
AcDbEntity
  8
Diámetros
100
AcDbText
 10
37.58116060355678
 20
224.1123064751737
 30
0.0
 40
0.65
  1
3
100
AcDbText
  0
TEXT
  5
16F0
330
11D7
100
AcDbEntity
  8
Diámetros
100
AcDbText
 10
49.00151800503953
 20
224.1123064751737
 30
0.0
 40
0.65
  1
3
100
AcDbText
  0
TEXT
  5
16F1
330
11D7
100
AcDbEntity
  8
Diámetros
100
AcDbText
 10
57.99643195979296
 20
224.1123064751737
 30
0.0
 40
0.65
  1
3
100
AcDbText
  0
TEXT
  5
16F2
330
11D7
100
AcDbEntity
  8
Diámetros
100
AcDbText
 10
69.38339835871011
 20
224.1123064751737
 30
0.0
 40
0.65
  1
3
100
AcDbText
  0
TEXT
  5
16F3
330
11D7
100
AcDbEntity
  8
Diámetros
100
AcDbText
 10
79.08325393870474
 20
224.1123064751737
 30
0.0
 40
0.65
  1
3
100
AcDbText
  0
TEXT
  5
16F4
330
11D7
100
AcDbEntity
  8
Diámetros
100
AcDbText
 10
89.23656908236443
 20
224.1123064751737
 30
0.0
 40
0.65
  1
3
100
AcDbText
  0
TEXT
  5
16F5
330
11D7
100
AcDbEntity
  8
Diámetros
100
AcDbText
 10
99.69663909496741
 20
224.1123064751737
 30
0.0
 40
0.65
  1
3
100
AcDbText
  0
TEXT
  5
16F6
330
11D7
100
AcDbEntity
  8
Diámetros
100
AcDbText
 10
109.5795393465087
 20
224.1123064751737
 30
0.0
 40
0.65
  1
3
100
AcDbText
  0
TEXT
  5
16F7
330
11D7
100
AcDbEntity
  8
Diámetros
100
AcDbText
 10
115.1345657669007
 20
224.1123064751737
 30
0.0
 40
0.65
  1
2,5
100
AcDbText
  0
TEXT
  5
16F8
330
11D7
100
AcDbEntity
  8
Diámetros
100
AcDbText
 10
2.755509810522198
 20
224.1123064751737
 30
0.0
 40
0.65
  1
3
100
AcDbText
  0
TEXT
  5
16F9
330
11D7
100
AcDbEntity
  8
Diámetros
100
AcDbText
 10
8.352367990650236
 20
213.9857962583192
 30
0.0
 40
0.65
  1
3
100
AcDbText
  0
TEXT
  5
16FA
330
11D7
100
AcDbEntity
  8
Diámetros
100
AcDbText
 10
18.01531700743362
 20
213.9857962583192
 30
0.0
 40
0.65
  1
3
100
AcDbText
  0
TEXT
  5
16FB
330
11D7
100
AcDbEntity
  8
Diámetros
100
AcDbText
 10
27.99930840684101
 20
213.9857962583192
 30
0.0
 40
0.65
  1
3
100
AcDbText
  0
TEXT
  5
16FC
330
11D7
100
AcDbEntity
  8
Diámetros
100
AcDbText
 10
37.58116060355678
 20
213.9857962583192
 30
0.0
 40
0.65
  1
3
100
AcDbText
  0
TEXT
  5
16FD
330
11D7
100
AcDbEntity
  8
Diámetros
100
AcDbText
 10
49.00151800503953
 20
213.9857962583192
 30
0.0
 40
0.65
  1
3
100
AcDbText
  0
TEXT
  5
16FE
330
11D7
100
AcDbEntity
  8
Diámetros
100
AcDbText
 10
57.99643195979296
 20
213.9857962583192
 30
0.0
 40
0.65
  1
3
100
AcDbText
  0
TEXT
  5
16FF
330
11D7
100
AcDbEntity
  8
Diámetros
100
AcDbText
 10
69.38339835871011
 20
213.9857962583192
 30
0.0
 40
0.65
  1
3
100
AcDbText
  0
TEXT
  5
1700
330
11D7
100
AcDbEntity
  8
Diámetros
100
AcDbText
 10
79.08325393870474
 20
213.9857962583192
 30
0.0
 40
0.65
  1
3
100
AcDbText
  0
TEXT
  5
1701
330
11D7
100
AcDbEntity
  8
Diámetros
100
AcDbText
 10
89.23656908236443
 20
213.9857962583192
 30
0.0
 40
0.65
  1
3
100
AcDbText
  0
TEXT
  5
1702
330
11D7
100
AcDbEntity
  8
Diámetros
100
AcDbText
 10
99.69663909496741
 20
213.9857962583192
 30
0.0
 40
0.65
  1
3
100
AcDbText
  0
TEXT
  5
1703
330
11D7
100
AcDbEntity
  8
Diámetros
100
AcDbText
 10
109.5795393465087
 20
213.9857962583192
 30
0.0
 40
0.65
  1
3
100
AcDbText
  0
TEXT
  5
1704
330
11D7
100
AcDbEntity
  8
Diámetros
100
AcDbText
 10
115.1345657669007
 20
213.9857962583192
 30
0.0
 40
0.65
  1
2,5
100
AcDbText
  0
TEXT
  5
1705
330
11D7
100
AcDbEntity
  8
Diámetros
100
AcDbText
 10
2.755509810522198
 20
213.9857962583192
 30
0.0
 40
0.65
  1
3
100
AcDbText
  0
TEXT
  5
1706
330
11D7
100
AcDbEntity
  8
Diámetros
100
AcDbText
 10
8.352367990650236
 20
204.170405102428
 30
0.0
 40
0.65
  1
3
100
AcDbText
  0
TEXT
  5
1707
330
11D7
100
AcDbEntity
  8
Diámetros
100
AcDbText
 10
18.01531700743362
 20
204.170405102428
 30
0.0
 40
0.65
  1
3
100
AcDbText
  0
TEXT
  5
1708
330
11D7
100
AcDbEntity
  8
Diámetros
100
AcDbText
 10
27.99930840684101
 20
204.170405102428
 30
0.0
 40
0.65
  1
3
100
AcDbText
  0
TEXT
  5
1709
330
11D7
100
AcDbEntity
  8
Diámetros
100
AcDbText
 10
37.58116060355678
 20
204.170405102428
 30
0.0
 40
0.65
  1
3
100
AcDbText
  0
TEXT
  5
170A
330
11D7
100
AcDbEntity
  8
Diámetros
100
AcDbText
 10
49.00151800503953
 20
204.170405102428
 30
0.0
 40
0.65
  1
3
100
AcDbText
  0
TEXT
  5
170B
330
11D7
100
AcDbEntity
  8
Diámetros
100
AcDbText
 10
57.99643195979296
 20
204.170405102428
 30
0.0
 40
0.65
  1
3
100
AcDbText
  0
TEXT
  5
170C
330
11D7
100
AcDbEntity
  8
Diámetros
100
AcDbText
 10
69.38339835871011
 20
204.170405102428
 30
0.0
 40
0.65
  1
3
100
AcDbText
  0
TEXT
  5
170D
330
11D7
100
AcDbEntity
  8
Diámetros
100
AcDbText
 10
79.08325393870474
 20
204.170405102428
 30
0.0
 40
0.65
  1
3
100
AcDbText
  0
TEXT
  5
170E
330
11D7
100
AcDbEntity
  8
Diámetros
100
AcDbText
 10
89.23656908236443
 20
204.170405102428
 30
0.0
 40
0.65
  1
3
100
AcDbText
  0
TEXT
  5
170F
330
11D7
100
AcDbEntity
  8
Diámetros
100
AcDbText
 10
99.69663909496741
 20
204.170405102428
 30
0.0
 40
0.65
  1
3
100
AcDbText
  0
TEXT
  5
1710
330
11D7
100
AcDbEntity
  8
Diámetros
100
AcDbText
 10
109.5795393465087
 20
204.170405102428
 30
0.0
 40
0.65
  1
3
100
AcDbText
  0
TEXT
  5
1711
330
11D7
100
AcDbEntity
  8
Diámetros
100
AcDbText
 10
115.1345657669007
 20
204.170405102428
 30
0.0
 40
0.65
  1
2,5
100
AcDbText
  0
TEXT
  5
1712
330
11D7
100
AcDbEntity
  8
Diámetros
100
AcDbText
 10
2.755509810522198
 20
204.170405102428
 30
0.0
 40
0.65
  1
3
100
AcDbText
  0
TEXT
  5
1713
330
11D7
100
AcDbEntity
  8
Diámetros
100
AcDbText
 10
8.352367990650236
 20
194.163404611405
 30
0.0
 40
0.65
  1
3
100
AcDbText
  0
TEXT
  5
1714
330
11D7
100
AcDbEntity
  8
Diámetros
100
AcDbText
 10
18.01531700743362
 20
194.163404611405
 30
0.0
 40
0.65
  1
3
100
AcDbText
  0
TEXT
  5
1715
330
11D7
100
AcDbEntity
  8
Diámetros
100
AcDbText
 10
27.99930840684101
 20
194.163404611405
 30
0.0
 40
0.65
  1
3
100
AcDbText
  0
TEXT
  5
1716
330
11D7
100
AcDbEntity
  8
Diámetros
100
AcDbText
 10
37.58116060355678
 20
194.163404611405
 30
0.0
 40
0.65
  1
3
100
AcDbText
  0
TEXT
  5
1717
330
11D7
100
AcDbEntity
  8
Diámetros
100
AcDbText
 10
49.00151800503953
 20
194.163404611405
 30
0.0
 40
0.65
  1
3
100
AcDbText
  0
TEXT
  5
1718
330
11D7
100
AcDbEntity
  8
Diámetros
100
AcDbText
 10
57.99643195979296
 20
194.163404611405
 30
0.0
 40
0.65
  1
3
100
AcDbText
  0
TEXT
  5
1719
330
11D7
100
AcDbEntity
  8
Diámetros
100
AcDbText
 10
69.38339835871011
 20
194.163404611405
 30
0.0
 40
0.65
  1
3
100
AcDbText
  0
TEXT
  5
171A
330
11D7
100
AcDbEntity
  8
Diámetros
100
AcDbText
 10
79.08325393870474
 20
194.163404611405
 30
0.0
 40
0.65
  1
3
100
AcDbText
  0
TEXT
  5
171B
330
11D7
100
AcDbEntity
  8
Diámetros
100
AcDbText
 10
89.23656908236443
 20
194.163404611405
 30
0.0
 40
0.65
  1
3
100
AcDbText
  0
TEXT
  5
171C
330
11D7
100
AcDbEntity
  8
Diámetros
100
AcDbText
 10
99.69663909496741
 20
194.163404611405
 30
0.0
 40
0.65
  1
3
100
AcDbText
  0
TEXT
  5
171D
330
11D7
100
AcDbEntity
  8
Diámetros
100
AcDbText
 10
109.5795393465087
 20
194.163404611405
 30
0.0
 40
0.65
  1
3
100
AcDbText
  0
TEXT
  5
171E
330
11D7
100
AcDbEntity
  8
Diámetros
100
AcDbText
 10
115.1345657669007
 20
194.163404611405
 30
0.0
 40
0.65
  1
2,5
100
AcDbText
  0
TEXT
  5
171F
330
11D7
100
AcDbEntity
  8
Diámetros
100
AcDbText
 10
2.755509810522198
 20
194.163404611405
 30
0.0
 40
0.65
  1
3
100
AcDbText
  0
TEXT
  5
1720
330
11D7
100
AcDbEntity
  8
Diámetros
100
AcDbText
 10
8.352367990650236
 20
184.1629689550027
 30
0.0
 40
0.65
  1
3
100
AcDbText
  0
TEXT
  5
1721
330
11D7
100
AcDbEntity
  8
Diámetros
100
AcDbText
 10
18.01531700743362
 20
184.1629689550027
 30
0.0
 40
0.65
  1
3
100
AcDbText
  0
TEXT
  5
1722
330
11D7
100
AcDbEntity
  8
Diámetros
100
AcDbText
 10
27.99930840684101
 20
184.1629689550027
 30
0.0
 40
0.65
  1
3
100
AcDbText
  0
TEXT
  5
1723
330
11D7
100
AcDbEntity
  8
Diámetros
100
AcDbText
 10
37.58116060355678
 20
184.1629689550027
 30
0.0
 40
0.65
  1
3
100
AcDbText
  0
TEXT
  5
1724
330
11D7
100
AcDbEntity
  8
Diámetros
100
AcDbText
 10
49.00151800503953
 20
184.1629689550027
 30
0.0
 40
0.65
  1
3
100
AcDbText
  0
TEXT
  5
1725
330
11D7
100
AcDbEntity
  8
Diámetros
100
AcDbText
 10
57.99643195979296
 20
184.1629689550027
 30
0.0
 40
0.65
  1
3
100
AcDbText
  0
TEXT
  5
1726
330
11D7
100
AcDbEntity
  8
Diámetros
100
AcDbText
 10
69.38339835871011
 20
184.1629689550027
 30
0.0
 40
0.65
  1
3
100
AcDbText
  0
TEXT
  5
1727
330
11D7
100
AcDbEntity
  8
Diámetros
100
AcDbText
 10
79.08325393870474
 20
184.1629689550027
 30
0.0
 40
0.65
  1
3
100
AcDbText
  0
TEXT
  5
1728
330
11D7
100
AcDbEntity
  8
Diámetros
100
AcDbText
 10
89.23656908236443
 20
184.1629689550027
 30
0.0
 40
0.65
  1
3
100
AcDbText
  0
TEXT
  5
1729
330
11D7
100
AcDbEntity
  8
Diámetros
100
AcDbText
 10
99.69663909496741
 20
184.1629689550027
 30
0.0
 40
0.65
  1
3
100
AcDbText
  0
TEXT
  5
172A
330
11D7
100
AcDbEntity
  8
Diámetros
100
AcDbText
 10
109.5795393465087
 20
184.1629689550027
 30
0.0
 40
0.65
  1
3
100
AcDbText
  0
TEXT
  5
172B
330
11D7
100
AcDbEntity
  8
Diámetros
100
AcDbText
 10
115.1345657669007
 20
184.1629689550027
 30
0.0
 40
0.65
  1
2,5
100
AcDbText
  0
TEXT
  5
172C
330
11D7
100
AcDbEntity
  8
Diámetros
100
AcDbText
 10
2.755509810522198
 20
184.1629689550027
 30
0.0
 40
0.65
  1
3
100
AcDbText
  0
TEXT
  5
172D
330
11D7
100
AcDbEntity
  8
Diámetros
100
AcDbText
 10
8.352367990650236
 20
173.9913961202837
 30
0.0
 40
0.65
  1
3
100
AcDbText
  0
TEXT
  5
172E
330
11D7
100
AcDbEntity
  8
Diámetros
100
AcDbText
 10
18.01531700743362
 20
173.9913961202837
 30
0.0
 40
0.65
  1
3
100
AcDbText
  0
TEXT
  5
172F
330
11D7
100
AcDbEntity
  8
Diámetros
100
AcDbText
 10
27.99930840684101
 20
173.9913961202837
 30
0.0
 40
0.65
  1
3
100
AcDbText
  0
TEXT
  5
1730
330
11D7
100
AcDbEntity
  8
Diámetros
100
AcDbText
 10
37.58116060355678
 20
173.9913961202837
 30
0.0
 40
0.65
  1
3
100
AcDbText
  0
TEXT
  5
1731
330
11D7
100
AcDbEntity
  8
Diámetros
100
AcDbText
 10
49.00151800503953
 20
173.9913961202837
 30
0.0
 40
0.65
  1
3
100
AcDbText
  0
TEXT
  5
1732
330
11D7
100
AcDbEntity
  8
Diámetros
100
AcDbText
 10
57.99643195979296
 20
173.9913961202837
 30
0.0
 40
0.65
  1
3
100
AcDbText
  0
TEXT
  5
1733
330
11D7
100
AcDbEntity
  8
Diámetros
100
AcDbText
 10
69.38339835871011
 20
173.9913961202837
 30
0.0
 40
0.65
  1
3
100
AcDbText
  0
TEXT
  5
1734
330
11D7
100
AcDbEntity
  8
Diámetros
100
AcDbText
 10
79.08325393870474
 20
173.9913961202837
 30
0.0
 40
0.65
  1
3
100
AcDbText
  0
TEXT
  5
1735
330
11D7
100
AcDbEntity
  8
Diámetros
100
AcDbText
 10
89.23656908236443
 20
173.9913961202837
 30
0.0
 40
0.65
  1
3
100
AcDbText
  0
TEXT
  5
1736
330
11D7
100
AcDbEntity
  8
Diámetros
100
AcDbText
 10
99.69663909496741
 20
173.9913961202837
 30
0.0
 40
0.65
  1
3
100
AcDbText
  0
TEXT
  5
1737
330
11D7
100
AcDbEntity
  8
Diámetros
100
AcDbText
 10
109.5795393465087
 20
173.9913961202837
 30
0.0
 40
0.65
  1
3
100
AcDbText
  0
TEXT
  5
1738
330
11D7
100
AcDbEntity
  8
Diámetros
100
AcDbText
 10
115.1345657669007
 20
173.9913961202837
 30
0.0
 40
0.65
  1
2,5
100
AcDbText
  0
TEXT
  5
1739
330
11D7
100
AcDbEntity
  8
Diámetros
100
AcDbText
 10
2.755509810522198
 20
173.9913961202837
 30
0.0
 40
0.65
  1
3
100
AcDbText
  0
TEXT
  5
173A
330
11D7
100
AcDbEntity
  8
Diámetros
100
AcDbText
 10
8.352367990650236
 20
164.2549315351061
 30
0.0
 40
0.65
  1
3
100
AcDbText
  0
TEXT
  5
173B
330
11D7
100
AcDbEntity
  8
Diámetros
100
AcDbText
 10
18.01531700743362
 20
164.2549315351061
 30
0.0
 40
0.65
  1
3
100
AcDbText
  0
TEXT
  5
173C
330
11D7
100
AcDbEntity
  8
Diámetros
100
AcDbText
 10
27.99930840684101
 20
164.2549315351061
 30
0.0
 40
0.65
  1
3
100
AcDbText
  0
TEXT
  5
173D
330
11D7
100
AcDbEntity
  8
Diámetros
100
AcDbText
 10
37.58116060355678
 20
164.2549315351061
 30
0.0
 40
0.65
  1
3
100
AcDbText
  0
TEXT
  5
173E
330
11D7
100
AcDbEntity
  8
Diámetros
100
AcDbText
 10
49.00151800503953
 20
164.2549315351061
 30
0.0
 40
0.65
  1
3
100
AcDbText
  0
TEXT
  5
173F
330
11D7
100
AcDbEntity
  8
Diámetros
100
AcDbText
 10
57.99643195979296
 20
164.2549315351061
 30
0.0
 40
0.65
  1
3
100
AcDbText
  0
TEXT
  5
1740
330
11D7
100
AcDbEntity
  8
Diámetros
100
AcDbText
 10
69.38339835871011
 20
164.2549315351061
 30
0.0
 40
0.65
  1
3
100
AcDbText
  0
TEXT
  5
1741
330
11D7
100
AcDbEntity
  8
Diámetros
100
AcDbText
 10
79.08325393870474
 20
164.2549315351061
 30
0.0
 40
0.65
  1
3
100
AcDbText
  0
TEXT
  5
1742
330
11D7
100
AcDbEntity
  8
Diámetros
100
AcDbText
 10
89.23656908236443
 20
164.2549315351061
 30
0.0
 40
0.65
  1
3
100
AcDbText
  0
TEXT
  5
1743
330
11D7
100
AcDbEntity
  8
Diámetros
100
AcDbText
 10
99.69663909496741
 20
164.2549315351061
 30
0.0
 40
0.65
  1
3
100
AcDbText
  0
TEXT
  5
1744
330
11D7
100
AcDbEntity
  8
Diámetros
100
AcDbText
 10
109.5795393465087
 20
164.2549315351061
 30
0.0
 40
0.65
  1
3
100
AcDbText
  0
TEXT
  5
1745
330
11D7
100
AcDbEntity
  8
Diámetros
100
AcDbText
 10
115.1345657669007
 20
164.2549315351061
 30
0.0
 40
0.65
  1
2,5
100
AcDbText
  0
TEXT
  5
1746
330
11D7
100
AcDbEntity
  8
Diámetros
100
AcDbText
 10
2.755509810522198
 20
164.2549315351061
 30
0.0
 40
0.65
  1
3
100
AcDbText
  0
TEXT
  5
1747
330
11D7
100
AcDbEntity
  8
Diámetros
100
AcDbText
 10
8.352367990650236
 20
154.0478608184494
 30
0.0
 40
0.65
  1
3
100
AcDbText
  0
TEXT
  5
1748
330
11D7
100
AcDbEntity
  8
Diámetros
100
AcDbText
 10
18.01531700743362
 20
154.0478608184494
 30
0.0
 40
0.65
  1
3
100
AcDbText
  0
TEXT
  5
1749
330
11D7
100
AcDbEntity
  8
Diámetros
100
AcDbText
 10
27.99930840684101
 20
154.0478608184494
 30
0.0
 40
0.65
  1
3
100
AcDbText
  0
TEXT
  5
174A
330
11D7
100
AcDbEntity
  8
Diámetros
100
AcDbText
 10
37.58116060355678
 20
154.0478608184494
 30
0.0
 40
0.65
  1
3
100
AcDbText
  0
TEXT
  5
174B
330
11D7
100
AcDbEntity
  8
Diámetros
100
AcDbText
 10
49.00151800503953
 20
154.0478608184494
 30
0.0
 40
0.65
  1
3
100
AcDbText
  0
TEXT
  5
174C
330
11D7
100
AcDbEntity
  8
Diámetros
100
AcDbText
 10
57.99643195979296
 20
154.0478608184494
 30
0.0
 40
0.65
  1
3
100
AcDbText
  0
TEXT
  5
174D
330
11D7
100
AcDbEntity
  8
Diámetros
100
AcDbText
 10
69.38339835871011
 20
154.0478608184494
 30
0.0
 40
0.65
  1
3
100
AcDbText
  0
TEXT
  5
174E
330
11D7
100
AcDbEntity
  8
Diámetros
100
AcDbText
 10
79.08325393870474
 20
154.0478608184494
 30
0.0
 40
0.65
  1
3
100
AcDbText
  0
TEXT
  5
174F
330
11D7
100
AcDbEntity
  8
Diámetros
100
AcDbText
 10
89.23656908236443
 20
154.0478608184494
 30
0.0
 40
0.65
  1
3
100
AcDbText
  0
TEXT
  5
1750
330
11D7
100
AcDbEntity
  8
Diámetros
100
AcDbText
 10
99.69663909496741
 20
154.0478608184494
 30
0.0
 40
0.65
  1
3
100
AcDbText
  0
TEXT
  5
1751
330
11D7
100
AcDbEntity
  8
Diámetros
100
AcDbText
 10
109.5795393465087
 20
154.0478608184494
 30
0.0
 40
0.65
  1
3
100
AcDbText
  0
TEXT
  5
1752
330
11D7
100
AcDbEntity
  8
Diámetros
100
AcDbText
 10
115.1345657669007
 20
154.0478608184494
 30
0.0
 40
0.65
  1
2,5
100
AcDbText
  0
TEXT
  5
1753
330
11D7
100
AcDbEntity
  8
Diámetros
100
AcDbText
 10
2.755509810522198
 20
154.0478608184494
 30
0.0
 40
0.65
  1
3
100
AcDbText
  0
TEXT
  5
1754
330
11D7
100
AcDbEntity
  8
Diámetros
100
AcDbText
 10
8.352367990650236
 20
144.0970575376413
 30
0.0
 40
0.65
  1
3
100
AcDbText
  0
TEXT
  5
1755
330
11D7
100
AcDbEntity
  8
Diámetros
100
AcDbText
 10
18.01531700743362
 20
144.0970575376413
 30
0.0
 40
0.65
  1
3
100
AcDbText
  0
TEXT
  5
1756
330
11D7
100
AcDbEntity
  8
Diámetros
100
AcDbText
 10
27.99930840684101
 20
144.0970575376413
 30
0.0
 40
0.65
  1
3
100
AcDbText
  0
TEXT
  5
1757
330
11D7
100
AcDbEntity
  8
Diámetros
100
AcDbText
 10
37.58116060355678
 20
144.0970575376413
 30
0.0
 40
0.65
  1
3
100
AcDbText
  0
TEXT
  5
1758
330
11D7
100
AcDbEntity
  8
Diámetros
100
AcDbText
 10
49.00151800503953
 20
144.0970575376413
 30
0.0
 40
0.65
  1
3
100
AcDbText
  0
TEXT
  5
1759
330
11D7
100
AcDbEntity
  8
Diámetros
100
AcDbText
 10
57.99643195979296
 20
144.0970575376413
 30
0.0
 40
0.65
  1
3
100
AcDbText
  0
TEXT
  5
175A
330
11D7
100
AcDbEntity
  8
Diámetros
100
AcDbText
 10
69.38339835871011
 20
144.0970575376413
 30
0.0
 40
0.65
  1
3
100
AcDbText
  0
TEXT
  5
175B
330
11D7
100
AcDbEntity
  8
Diámetros
100
AcDbText
 10
79.08325393870474
 20
144.0970575376413
 30
0.0
 40
0.65
  1
3
100
AcDbText
  0
TEXT
  5
175C
330
11D7
100
AcDbEntity
  8
Diámetros
100
AcDbText
 10
89.23656908236443
 20
144.0970575376413
 30
0.0
 40
0.65
  1
3
100
AcDbText
  0
TEXT
  5
175D
330
11D7
100
AcDbEntity
  8
Diámetros
100
AcDbText
 10
99.69663909496741
 20
144.0970575376413
 30
0.0
 40
0.65
  1
3
100
AcDbText
  0
TEXT
  5
175E
330
11D7
100
AcDbEntity
  8
Diámetros
100
AcDbText
 10
109.5795393465087
 20
144.0970575376413
 30
0.0
 40
0.65
  1
3
100
AcDbText
  0
TEXT
  5
175F
330
11D7
100
AcDbEntity
  8
Diámetros
100
AcDbText
 10
115.1345657669007
 20
144.0970575376413
 30
0.0
 40
0.65
  1
2,5
100
AcDbText
  0
TEXT
  5
1760
330
11D7
100
AcDbEntity
  8
Diámetros
100
AcDbText
 10
2.755509810522198
 20
144.0970575376413
 30
0.0
 40
0.65
  1
3
100
AcDbText
  0
TEXT
  5
1761
330
11D7
100
AcDbEntity
  8
Diámetros
100
AcDbText
 10
8.352367990650236
 20
134.1303809843957
 30
0.0
 40
0.65
  1
3
100
AcDbText
  0
TEXT
  5
1762
330
11D7
100
AcDbEntity
  8
Diámetros
100
AcDbText
 10
18.01531700743362
 20
134.1303809843957
 30
0.0
 40
0.65
  1
3
100
AcDbText
  0
TEXT
  5
1763
330
11D7
100
AcDbEntity
  8
Diámetros
100
AcDbText
 10
27.99930840684101
 20
134.1303809843957
 30
0.0
 40
0.65
  1
3
100
AcDbText
  0
TEXT
  5
1764
330
11D7
100
AcDbEntity
  8
Diámetros
100
AcDbText
 10
37.58116060355678
 20
134.1303809843957
 30
0.0
 40
0.65
  1
3
100
AcDbText
  0
TEXT
  5
1765
330
11D7
100
AcDbEntity
  8
Diámetros
100
AcDbText
 10
49.00151800503953
 20
134.1303809843957
 30
0.0
 40
0.65
  1
3
100
AcDbText
  0
TEXT
  5
1766
330
11D7
100
AcDbEntity
  8
Diámetros
100
AcDbText
 10
57.99643195979296
 20
134.1303809843957
 30
0.0
 40
0.65
  1
3
100
AcDbText
  0
TEXT
  5
1767
330
11D7
100
AcDbEntity
  8
Diámetros
100
AcDbText
 10
69.38339835871011
 20
134.1303809843957
 30
0.0
 40
0.65
  1
3
100
AcDbText
  0
TEXT
  5
1768
330
11D7
100
AcDbEntity
  8
Diámetros
100
AcDbText
 10
79.08325393870474
 20
134.1303809843957
 30
0.0
 40
0.65
  1
3
100
AcDbText
  0
TEXT
  5
1769
330
11D7
100
AcDbEntity
  8
Diámetros
100
AcDbText
 10
89.23656908236443
 20
134.1303809843957
 30
0.0
 40
0.65
  1
3
100
AcDbText
  0
TEXT
  5
176A
330
11D7
100
AcDbEntity
  8
Diámetros
100
AcDbText
 10
99.69663909496741
 20
134.1303809843957
 30
0.0
 40
0.65
  1
3
100
AcDbText
  0
TEXT
  5
176B
330
11D7
100
AcDbEntity
  8
Diámetros
100
AcDbText
 10
109.5795393465087
 20
134.1303809843957
 30
0.0
 40
0.65
  1
3
100
AcDbText
  0
TEXT
  5
176C
330
11D7
100
AcDbEntity
  8
Diámetros
100
AcDbText
 10
115.1345657669007
 20
134.1303809843957
 30
0.0
 40
0.65
  1
2,5
100
AcDbText
  0
TEXT
  5
176D
330
11D7
100
AcDbEntity
  8
Diámetros
100
AcDbText
 10
2.755509810522198
 20
134.1303809843957
 30
0.0
 40
0.65
  1
3
100
AcDbText
  0
TEXT
  5
176E
330
11D7
100
AcDbEntity
  8
Diámetros
100
AcDbText
 10
8.352367990650236
 20
124.2442853194661
 30
0.0
 40
0.65
  1
3
100
AcDbText
  0
TEXT
  5
176F
330
11D7
100
AcDbEntity
  8
Diámetros
100
AcDbText
 10
18.01531700743362
 20
124.2442853194661
 30
0.0
 40
0.65
  1
3
100
AcDbText
  0
TEXT
  5
1770
330
11D7
100
AcDbEntity
  8
Diámetros
100
AcDbText
 10
27.99930840684101
 20
124.2442853194661
 30
0.0
 40
0.65
  1
3
100
AcDbText
  0
TEXT
  5
1771
330
11D7
100
AcDbEntity
  8
Diámetros
100
AcDbText
 10
37.58116060355678
 20
124.2442853194661
 30
0.0
 40
0.65
  1
3
100
AcDbText
  0
TEXT
  5
1772
330
11D7
100
AcDbEntity
  8
Diámetros
100
AcDbText
 10
49.00151800503953
 20
124.2442853194661
 30
0.0
 40
0.65
  1
3
100
AcDbText
  0
TEXT
  5
1773
330
11D7
100
AcDbEntity
  8
Diámetros
100
AcDbText
 10
57.99643195979296
 20
124.2442853194661
 30
0.0
 40
0.65
  1
3
100
AcDbText
  0
TEXT
  5
1774
330
11D7
100
AcDbEntity
  8
Diámetros
100
AcDbText
 10
69.38339835871011
 20
124.2442853194661
 30
0.0
 40
0.65
  1
3
100
AcDbText
  0
TEXT
  5
1775
330
11D7
100
AcDbEntity
  8
Diámetros
100
AcDbText
 10
79.08325393870474
 20
124.2442853194661
 30
0.0
 40
0.65
  1
3
100
AcDbText
  0
TEXT
  5
1776
330
11D7
100
AcDbEntity
  8
Diámetros
100
AcDbText
 10
89.23656908236443
 20
124.2442853194661
 30
0.0
 40
0.65
  1
3
100
AcDbText
  0
TEXT
  5
1777
330
11D7
100
AcDbEntity
  8
Diámetros
100
AcDbText
 10
99.69663909496741
 20
124.2442853194661
 30
0.0
 40
0.65
  1
3
100
AcDbText
  0
TEXT
  5
1778
330
11D7
100
AcDbEntity
  8
Diámetros
100
AcDbText
 10
109.5795393465087
 20
124.2442853194661
 30
0.0
 40
0.65
  1
3
100
AcDbText
  0
TEXT
  5
1779
330
11D7
100
AcDbEntity
  8
Diámetros
100
AcDbText
 10
115.1345657669007
 20
124.2442853194661
 30
0.0
 40
0.65
  1
2,5
100
AcDbText
  0
TEXT
  5
177A
330
11D7
100
AcDbEntity
  8
Diámetros
100
AcDbText
 10
2.755509810522198
 20
124.2442853194661
 30
0.0
 40
0.65
  1
3
100
AcDbText
  0
TEXT
  5
177B
330
11D7
100
AcDbEntity
  8
Diámetros
100
AcDbText
 10
8.352367990650236
 20
114.0176919330843
 30
0.0
 40
0.65
  1
3
100
AcDbText
  0
TEXT
  5
177C
330
11D7
100
AcDbEntity
  8
Diámetros
100
AcDbText
 10
18.01531700743362
 20
114.0176919330843
 30
0.0
 40
0.65
  1
3
100
AcDbText
  0
TEXT
  5
177D
330
11D7
100
AcDbEntity
  8
Diámetros
100
AcDbText
 10
27.99930840684101
 20
114.0176919330843
 30
0.0
 40
0.65
  1
3
100
AcDbText
  0
TEXT
  5
177E
330
11D7
100
AcDbEntity
  8
Diámetros
100
AcDbText
 10
37.58116060355678
 20
114.0176919330843
 30
0.0
 40
0.65
  1
3
100
AcDbText
  0
TEXT
  5
177F
330
11D7
100
AcDbEntity
  8
Diámetros
100
AcDbText
 10
49.00151800503953
 20
114.0176919330843
 30
0.0
 40
0.65
  1
3
100
AcDbText
  0
TEXT
  5
1780
330
11D7
100
AcDbEntity
  8
Diámetros
100
AcDbText
 10
57.99643195979296
 20
114.0176919330843
 30
0.0
 40
0.65
  1
3
100
AcDbText
  0
TEXT
  5
1781
330
11D7
100
AcDbEntity
  8
Diámetros
100
AcDbText
 10
69.38339835871011
 20
114.0176919330843
 30
0.0
 40
0.65
  1
3
100
AcDbText
  0
TEXT
  5
1782
330
11D7
100
AcDbEntity
  8
Diámetros
100
AcDbText
 10
79.08325393870474
 20
114.0176919330843
 30
0.0
 40
0.65
  1
3
100
AcDbText
  0
TEXT
  5
1783
330
11D7
100
AcDbEntity
  8
Diámetros
100
AcDbText
 10
89.23656908236443
 20
114.0176919330843
 30
0.0
 40
0.65
  1
3
100
AcDbText
  0
TEXT
  5
1784
330
11D7
100
AcDbEntity
  8
Diámetros
100
AcDbText
 10
99.69663909496741
 20
114.0176919330843
 30
0.0
 40
0.65
  1
3
100
AcDbText
  0
TEXT
  5
1785
330
11D7
100
AcDbEntity
  8
Diámetros
100
AcDbText
 10
109.5795393465087
 20
114.0176919330843
 30
0.0
 40
0.65
  1
3
100
AcDbText
  0
TEXT
  5
1786
330
11D7
100
AcDbEntity
  8
Diámetros
100
AcDbText
 10
115.1345657669007
 20
114.0176919330843
 30
0.0
 40
0.65
  1
2,5
100
AcDbText
  0
TEXT
  5
1787
330
11D7
100
AcDbEntity
  8
Diámetros
100
AcDbText
 10
2.755509810522198
 20
114.0176919330843
 30
0.0
 40
0.65
  1
3
100
AcDbText
  0
TEXT
  5
1788
330
11D7
100
AcDbEntity
  8
Diámetros
100
AcDbText
 10
8.352367990650236
 20
104.0524891195818
 30
0.0
 40
0.65
  1
3
100
AcDbText
  0
TEXT
  5
1789
330
11D7
100
AcDbEntity
  8
Diámetros
100
AcDbText
 10
18.01531700743362
 20
104.0524891195818
 30
0.0
 40
0.65
  1
3
100
AcDbText
  0
TEXT
  5
178A
330
11D7
100
AcDbEntity
  8
Diámetros
100
AcDbText
 10
27.99930840684101
 20
104.0524891195818
 30
0.0
 40
0.65
  1
3
100
AcDbText
  0
TEXT
  5
178B
330
11D7
100
AcDbEntity
  8
Diámetros
100
AcDbText
 10
37.58116060355678
 20
104.0524891195818
 30
0.0
 40
0.65
  1
3
100
AcDbText
  0
TEXT
  5
178C
330
11D7
100
AcDbEntity
  8
Diámetros
100
AcDbText
 10
49.00151800503953
 20
104.0524891195818
 30
0.0
 40
0.65
  1
3
100
AcDbText
  0
TEXT
  5
178D
330
11D7
100
AcDbEntity
  8
Diámetros
100
AcDbText
 10
57.99643195979296
 20
104.0524891195818
 30
0.0
 40
0.65
  1
3
100
AcDbText
  0
TEXT
  5
178E
330
11D7
100
AcDbEntity
  8
Diámetros
100
AcDbText
 10
69.38339835871011
 20
104.0524891195818
 30
0.0
 40
0.65
  1
3
100
AcDbText
  0
TEXT
  5
178F
330
11D7
100
AcDbEntity
  8
Diámetros
100
AcDbText
 10
79.08325393870474
 20
104.0524891195818
 30
0.0
 40
0.65
  1
3
100
AcDbText
  0
TEXT
  5
1790
330
11D7
100
AcDbEntity
  8
Diámetros
100
AcDbText
 10
89.23656908236443
 20
104.0524891195818
 30
0.0
 40
0.65
  1
3
100
AcDbText
  0
TEXT
  5
1791
330
11D7
100
AcDbEntity
  8
Diámetros
100
AcDbText
 10
99.69663909496741
 20
104.0524891195818
 30
0.0
 40
0.65
  1
3
100
AcDbText
  0
TEXT
  5
1792
330
11D7
100
AcDbEntity
  8
Diámetros
100
AcDbText
 10
109.5795393465087
 20
104.0524891195818
 30
0.0
 40
0.65
  1
3
100
AcDbText
  0
TEXT
  5
1793
330
11D7
100
AcDbEntity
  8
Diámetros
100
AcDbText
 10
115.1345657669007
 20
104.0524891195818
 30
0.0
 40
0.65
  1
2,5
100
AcDbText
  0
TEXT
  5
1794
330
11D7
100
AcDbEntity
  8
Diámetros
100
AcDbText
 10
2.755509810522198
 20
104.0524891195818
 30
0.0
 40
0.65
  1
3
100
AcDbText
  0
TEXT
  5
1795
330
11D7
100
AcDbEntity
  8
Diámetros
100
AcDbText
 10
8.352367990650236
 20
93.97620251961052
 30
0.0
 40
0.65
  1
3
100
AcDbText
  0
TEXT
  5
1796
330
11D7
100
AcDbEntity
  8
Diámetros
100
AcDbText
 10
18.01531700743362
 20
93.97620251961052
 30
0.0
 40
0.65
  1
3
100
AcDbText
  0
TEXT
  5
1797
330
11D7
100
AcDbEntity
  8
Diámetros
100
AcDbText
 10
27.99930840684101
 20
93.97620251961052
 30
0.0
 40
0.65
  1
3
100
AcDbText
  0
TEXT
  5
1798
330
11D7
100
AcDbEntity
  8
Diámetros
100
AcDbText
 10
37.58116060355678
 20
93.97620251961052
 30
0.0
 40
0.65
  1
3
100
AcDbText
  0
TEXT
  5
1799
330
11D7
100
AcDbEntity
  8
Diámetros
100
AcDbText
 10
49.00151800503953
 20
93.97620251961052
 30
0.0
 40
0.65
  1
3
100
AcDbText
  0
TEXT
  5
179A
330
11D7
100
AcDbEntity
  8
Diámetros
100
AcDbText
 10
57.99643195979296
 20
93.97620251961052
 30
0.0
 40
0.65
  1
3
100
AcDbText
  0
TEXT
  5
179B
330
11D7
100
AcDbEntity
  8
Diámetros
100
AcDbText
 10
69.38339835871011
 20
93.97620251961052
 30
0.0
 40
0.65
  1
3
100
AcDbText
  0
TEXT
  5
179C
330
11D7
100
AcDbEntity
  8
Diámetros
100
AcDbText
 10
79.08325393870474
 20
93.97620251961052
 30
0.0
 40
0.65
  1
3
100
AcDbText
  0
TEXT
  5
179D
330
11D7
100
AcDbEntity
  8
Diámetros
100
AcDbText
 10
89.23656908236443
 20
93.97620251961052
 30
0.0
 40
0.65
  1
3
100
AcDbText
  0
TEXT
  5
179E
330
11D7
100
AcDbEntity
  8
Diámetros
100
AcDbText
 10
99.69663909496741
 20
93.97620251961052
 30
0.0
 40
0.65
  1
3
100
AcDbText
  0
TEXT
  5
179F
330
11D7
100
AcDbEntity
  8
Diámetros
100
AcDbText
 10
109.5795393465087
 20
93.97620251961052
 30
0.0
 40
0.65
  1
3
100
AcDbText
  0
TEXT
  5
17A0
330
11D7
100
AcDbEntity
  8
Diámetros
100
AcDbText
 10
115.1345657669007
 20
93.97620251961052
 30
0.0
 40
0.65
  1
2,5
100
AcDbText
  0
TEXT
  5
17A1
330
11D7
100
AcDbEntity
  8
Diámetros
100
AcDbText
 10
2.755509810522198
 20
93.97620251961052
 30
0.0
 40
0.65
  1
3
100
AcDbText
  0
TEXT
  5
17A2
330
11D7
100
AcDbEntity
  8
Diámetros
100
AcDbText
 10
8.352367990650236
 20
83.94771631620825
 30
0.0
 40
0.65
  1
3
100
AcDbText
  0
TEXT
  5
17A3
330
11D7
100
AcDbEntity
  8
Diámetros
100
AcDbText
 10
18.01531700743362
 20
83.94771631620825
 30
0.0
 40
0.65
  1
3
100
AcDbText
  0
TEXT
  5
17A4
330
11D7
100
AcDbEntity
  8
Diámetros
100
AcDbText
 10
27.99930840684101
 20
83.94771631620825
 30
0.0
 40
0.65
  1
3
100
AcDbText
  0
TEXT
  5
17A5
330
11D7
100
AcDbEntity
  8
Diámetros
100
AcDbText
 10
37.58116060355678
 20
83.94771631620825
 30
0.0
 40
0.65
  1
3
100
AcDbText
  0
TEXT
  5
17A6
330
11D7
100
AcDbEntity
  8
Diámetros
100
AcDbText
 10
49.00151800503953
 20
83.94771631620825
 30
0.0
 40
0.65
  1
3
100
AcDbText
  0
TEXT
  5
17A7
330
11D7
100
AcDbEntity
  8
Diámetros
100
AcDbText
 10
57.99643195979296
 20
83.94771631620825
 30
0.0
 40
0.65
  1
3
100
AcDbText
  0
TEXT
  5
17A8
330
11D7
100
AcDbEntity
  8
Diámetros
100
AcDbText
 10
69.38339835871011
 20
83.94771631620825
 30
0.0
 40
0.65
  1
3
100
AcDbText
  0
TEXT
  5
17A9
330
11D7
100
AcDbEntity
  8
Diámetros
100
AcDbText
 10
79.08325393870474
 20
83.94771631620825
 30
0.0
 40
0.65
  1
3
100
AcDbText
  0
TEXT
  5
17AA
330
11D7
100
AcDbEntity
  8
Diámetros
100
AcDbText
 10
89.23656908236443
 20
83.94771631620825
 30
0.0
 40
0.65
  1
3
100
AcDbText
  0
TEXT
  5
17AB
330
11D7
100
AcDbEntity
  8
Diámetros
100
AcDbText
 10
99.69663909496741
 20
83.94771631620825
 30
0.0
 40
0.65
  1
3
100
AcDbText
  0
TEXT
  5
17AC
330
11D7
100
AcDbEntity
  8
Diámetros
100
AcDbText
 10
109.5795393465087
 20
83.94771631620825
 30
0.0
 40
0.65
  1
3
100
AcDbText
  0
TEXT
  5
17AD
330
11D7
100
AcDbEntity
  8
Diámetros
100
AcDbText
 10
115.1345657669007
 20
83.94771631620825
 30
0.0
 40
0.65
  1
2,5
100
AcDbText
  0
TEXT
  5
17AE
330
11D7
100
AcDbEntity
  8
Diámetros
100
AcDbText
 10
2.755509810522198
 20
83.94771631620825
 30
0.0
 40
0.65
  1
3
100
AcDbText
  0
TEXT
  5
17AF
330
11D7
100
AcDbEntity
  8
Diámetros
100
AcDbText
 10
8.352367990650236
 20
74.02132875006643
 30
0.0
 40
0.65
  1
3
100
AcDbText
  0
TEXT
  5
17B0
330
11D7
100
AcDbEntity
  8
Diámetros
100
AcDbText
 10
18.01531700743362
 20
74.02132875006643
 30
0.0
 40
0.65
  1
3
100
AcDbText
  0
TEXT
  5
17B1
330
11D7
100
AcDbEntity
  8
Diámetros
100
AcDbText
 10
27.99930840684101
 20
74.02132875006643
 30
0.0
 40
0.65
  1
3
100
AcDbText
  0
TEXT
  5
17B2
330
11D7
100
AcDbEntity
  8
Diámetros
100
AcDbText
 10
37.58116060355678
 20
74.02132875006643
 30
0.0
 40
0.65
  1
3
100
AcDbText
  0
TEXT
  5
17B3
330
11D7
100
AcDbEntity
  8
Diámetros
100
AcDbText
 10
49.00151800503953
 20
74.02132875006643
 30
0.0
 40
0.65
  1
3
100
AcDbText
  0
TEXT
  5
17B4
330
11D7
100
AcDbEntity
  8
Diámetros
100
AcDbText
 10
57.99643195979296
 20
74.02132875006643
 30
0.0
 40
0.65
  1
3
100
AcDbText
  0
TEXT
  5
17B5
330
11D7
100
AcDbEntity
  8
Diámetros
100
AcDbText
 10
69.38339835871011
 20
74.02132875006643
 30
0.0
 40
0.65
  1
3
100
AcDbText
  0
TEXT
  5
17B6
330
11D7
100
AcDbEntity
  8
Diámetros
100
AcDbText
 10
79.08325393870474
 20
74.02132875006643
 30
0.0
 40
0.65
  1
3
100
AcDbText
  0
TEXT
  5
17B7
330
11D7
100
AcDbEntity
  8
Diámetros
100
AcDbText
 10
89.23656908236443
 20
74.02132875006643
 30
0.0
 40
0.65
  1
3
100
AcDbText
  0
TEXT
  5
17B8
330
11D7
100
AcDbEntity
  8
Diámetros
100
AcDbText
 10
99.69663909496741
 20
74.02132875006643
 30
0.0
 40
0.65
  1
3
100
AcDbText
  0
TEXT
  5
17B9
330
11D7
100
AcDbEntity
  8
Diámetros
100
AcDbText
 10
109.5795393465087
 20
74.02132875006643
 30
0.0
 40
0.65
  1
3
100
AcDbText
  0
TEXT
  5
17BA
330
11D7
100
AcDbEntity
  8
Diámetros
100
AcDbText
 10
115.1345657669007
 20
74.02132875006643
 30
0.0
 40
0.65
  1
2,5
100
AcDbText
  0
TEXT
  5
17BB
330
11D7
100
AcDbEntity
  8
Diámetros
100
AcDbText
 10
2.755509810522198
 20
74.02132875006643
 30
0.0
 40
0.65
  1
3
100
AcDbText
  0
TEXT
  5
17BC
330
11D7
100
AcDbEntity
  8
Diámetros
100
AcDbText
 10
8.352367990650236
 20
63.91026075277477
 30
0.0
 40
0.65
  1
3
100
AcDbText
  0
TEXT
  5
17BD
330
11D7
100
AcDbEntity
  8
Diámetros
100
AcDbText
 10
18.01531700743362
 20
63.91026075277477
 30
0.0
 40
0.65
  1
3
100
AcDbText
  0
TEXT
  5
17BE
330
11D7
100
AcDbEntity
  8
Diámetros
100
AcDbText
 10
27.99930840684101
 20
63.91026075277477
 30
0.0
 40
0.65
  1
3
100
AcDbText
  0
TEXT
  5
17BF
330
11D7
100
AcDbEntity
  8
Diámetros
100
AcDbText
 10
37.58116060355678
 20
63.91026075277477
 30
0.0
 40
0.65
  1
3
100
AcDbText
  0
TEXT
  5
17C0
330
11D7
100
AcDbEntity
  8
Diámetros
100
AcDbText
 10
49.00151800503953
 20
63.91026075277477
 30
0.0
 40
0.65
  1
3
100
AcDbText
  0
TEXT
  5
17C1
330
11D7
100
AcDbEntity
  8
Diámetros
100
AcDbText
 10
57.99643195979296
 20
63.91026075277477
 30
0.0
 40
0.65
  1
3
100
AcDbText
  0
TEXT
  5
17C2
330
11D7
100
AcDbEntity
  8
Diámetros
100
AcDbText
 10
69.38339835871011
 20
63.91026075277477
 30
0.0
 40
0.65
  1
3
100
AcDbText
  0
TEXT
  5
17C3
330
11D7
100
AcDbEntity
  8
Diámetros
100
AcDbText
 10
79.08325393870474
 20
63.91026075277477
 30
0.0
 40
0.65
  1
3
100
AcDbText
  0
TEXT
  5
17C4
330
11D7
100
AcDbEntity
  8
Diámetros
100
AcDbText
 10
89.23656908236443
 20
63.91026075277477
 30
0.0
 40
0.65
  1
3
100
AcDbText
  0
TEXT
  5
17C5
330
11D7
100
AcDbEntity
  8
Diámetros
100
AcDbText
 10
99.69663909496741
 20
63.91026075277477
 30
0.0
 40
0.65
  1
3
100
AcDbText
  0
TEXT
  5
17C6
330
11D7
100
AcDbEntity
  8
Diámetros
100
AcDbText
 10
109.5795393465087
 20
63.91026075277477
 30
0.0
 40
0.65
  1
3
100
AcDbText
  0
TEXT
  5
17C7
330
11D7
100
AcDbEntity
  8
Diámetros
100
AcDbText
 10
115.1345657669007
 20
63.91026075277477
 30
0.0
 40
0.65
  1
2,5
100
AcDbText
  0
TEXT
  5
17C8
330
11D7
100
AcDbEntity
  8
Diámetros
100
AcDbText
 10
2.755509810522198
 20
63.91026075277477
 30
0.0
 40
0.65
  1
3
100
AcDbText
  0
TEXT
  5
17C9
330
11D7
100
AcDbEntity
  8
Diámetros
100
AcDbText
 10
8.352367990650236
 20
54.02038462646306
 30
0.0
 40
0.65
  1
3
100
AcDbText
  0
TEXT
  5
17CA
330
11D7
100
AcDbEntity
  8
Diámetros
100
AcDbText
 10
18.01531700743362
 20
54.02038462646306
 30
0.0
 40
0.65
  1
3
100
AcDbText
  0
TEXT
  5
17CB
330
11D7
100
AcDbEntity
  8
Diámetros
100
AcDbText
 10
27.99930840684101
 20
54.02038462646306
 30
0.0
 40
0.65
  1
3
100
AcDbText
  0
TEXT
  5
17CC
330
11D7
100
AcDbEntity
  8
Diámetros
100
AcDbText
 10
37.58116060355678
 20
54.02038462646306
 30
0.0
 40
0.65
  1
3
100
AcDbText
  0
TEXT
  5
17CD
330
11D7
100
AcDbEntity
  8
Diámetros
100
AcDbText
 10
49.00151800503953
 20
54.02038462646306
 30
0.0
 40
0.65
  1
3
100
AcDbText
  0
TEXT
  5
17CE
330
11D7
100
AcDbEntity
  8
Diámetros
100
AcDbText
 10
57.99643195979296
 20
54.02038462646306
 30
0.0
 40
0.65
  1
3
100
AcDbText
  0
TEXT
  5
17CF
330
11D7
100
AcDbEntity
  8
Diámetros
100
AcDbText
 10
69.38339835871011
 20
54.02038462646306
 30
0.0
 40
0.65
  1
3
100
AcDbText
  0
TEXT
  5
17D0
330
11D7
100
AcDbEntity
  8
Diámetros
100
AcDbText
 10
79.08325393870474
 20
54.02038462646306
 30
0.0
 40
0.65
  1
3
100
AcDbText
  0
TEXT
  5
17D1
330
11D7
100
AcDbEntity
  8
Diámetros
100
AcDbText
 10
89.23656908236443
 20
54.02038462646306
 30
0.0
 40
0.65
  1
3
100
AcDbText
  0
TEXT
  5
17D2
330
11D7
100
AcDbEntity
  8
Diámetros
100
AcDbText
 10
99.69663909496741
 20
54.02038462646306
 30
0.0
 40
0.65
  1
3
100
AcDbText
  0
TEXT
  5
17D3
330
11D7
100
AcDbEntity
  8
Diámetros
100
AcDbText
 10
109.5795393465087
 20
54.02038462646306
 30
0.0
 40
0.65
  1
3
100
AcDbText
  0
TEXT
  5
17D4
330
11D7
100
AcDbEntity
  8
Diámetros
100
AcDbText
 10
115.1345657669007
 20
54.02038462646306
 30
0.0
 40
0.65
  1
2,5
100
AcDbText
  0
TEXT
  5
17D5
330
11D7
100
AcDbEntity
  8
Diámetros
100
AcDbText
 10
2.755509810522198
 20
54.02038462646306
 30
0.0
 40
0.65
  1
3
100
AcDbText
  0
TEXT
  5
17D6
330
11D7
100
AcDbEntity
  8
Diámetros
100
AcDbText
 10
8.352367990650236
 20
43.78790502343327
 30
0.0
 40
0.65
  1
3
100
AcDbText
  0
TEXT
  5
17D7
330
11D7
100
AcDbEntity
  8
Diámetros
100
AcDbText
 10
18.01531700743362
 20
43.78790502343327
 30
0.0
 40
0.65
  1
3
100
AcDbText
  0
TEXT
  5
17D8
330
11D7
100
AcDbEntity
  8
Diámetros
100
AcDbText
 10
27.99930840684101
 20
43.78790502343327
 30
0.0
 40
0.65
  1
3
100
AcDbText
  0
TEXT
  5
17D9
330
11D7
100
AcDbEntity
  8
Diámetros
100
AcDbText
 10
37.58116060355678
 20
43.78790502343327
 30
0.0
 40
0.65
  1
3
100
AcDbText
  0
TEXT
  5
17DA
330
11D7
100
AcDbEntity
  8
Diámetros
100
AcDbText
 10
49.00151800503953
 20
43.78790502343327
 30
0.0
 40
0.65
  1
3
100
AcDbText
  0
TEXT
  5
17DB
330
11D7
100
AcDbEntity
  8
Diámetros
100
AcDbText
 10
57.99643195979296
 20
43.78790502343327
 30
0.0
 40
0.65
  1
3
100
AcDbText
  0
TEXT
  5
17DC
330
11D7
100
AcDbEntity
  8
Diámetros
100
AcDbText
 10
69.38339835871011
 20
43.78790502343327
 30
0.0
 40
0.65
  1
3
100
AcDbText
  0
TEXT
  5
17DD
330
11D7
100
AcDbEntity
  8
Diámetros
100
AcDbText
 10
79.08325393870474
 20
43.78790502343327
 30
0.0
 40
0.65
  1
3
100
AcDbText
  0
TEXT
  5
17DE
330
11D7
100
AcDbEntity
  8
Diámetros
100
AcDbText
 10
89.23656908236443
 20
43.78790502343327
 30
0.0
 40
0.65
  1
3
100
AcDbText
  0
TEXT
  5
17DF
330
11D7
100
AcDbEntity
  8
Diámetros
100
AcDbText
 10
99.69663909496741
 20
43.78790502343327
 30
0.0
 40
0.65
  1
3
100
AcDbText
  0
TEXT
  5
17E0
330
11D7
100
AcDbEntity
  8
Diámetros
100
AcDbText
 10
109.5795393465087
 20
43.78790502343327
 30
0.0
 40
0.65
  1
3
100
AcDbText
  0
TEXT
  5
17E1
330
11D7
100
AcDbEntity
  8
Diámetros
100
AcDbText
 10
115.1345657669007
 20
43.78790502343327
 30
0.0
 40
0.65
  1
2,5
100
AcDbText
  0
TEXT
  5
17E2
330
11D7
100
AcDbEntity
  8
Diámetros
100
AcDbText
 10
2.755509810522198
 20
43.78790502343327
 30
0.0
 40
0.65
  1
3
100
AcDbText
  0
TEXT
  5
17E3
330
11D7
100
AcDbEntity
  8
Diámetros
100
AcDbText
 10
8.352367990650236
 20
33.8703540652059
 30
0.0
 40
0.65
  1
3
100
AcDbText
  0
TEXT
  5
17E4
330
11D7
100
AcDbEntity
  8
Diámetros
100
AcDbText
 10
18.01531700743362
 20
33.8703540652059
 30
0.0
 40
0.65
  1
3
100
AcDbText
  0
TEXT
  5
17E5
330
11D7
100
AcDbEntity
  8
Diámetros
100
AcDbText
 10
27.99930840684101
 20
33.8703540652059
 30
0.0
 40
0.65
  1
3
100
AcDbText
  0
TEXT
  5
17E6
330
11D7
100
AcDbEntity
  8
Diámetros
100
AcDbText
 10
37.58116060355678
 20
33.8703540652059
 30
0.0
 40
0.65
  1
3
100
AcDbText
  0
TEXT
  5
17E7
330
11D7
100
AcDbEntity
  8
Diámetros
100
AcDbText
 10
49.00151800503953
 20
33.8703540652059
 30
0.0
 40
0.65
  1
3
100
AcDbText
  0
TEXT
  5
17E8
330
11D7
100
AcDbEntity
  8
Diámetros
100
AcDbText
 10
57.99643195979296
 20
33.8703540652059
 30
0.0
 40
0.65
  1
3
100
AcDbText
  0
TEXT
  5
17E9
330
11D7
100
AcDbEntity
  8
Diámetros
100
AcDbText
 10
69.38339835871011
 20
33.8703540652059
 30
0.0
 40
0.65
  1
3
100
AcDbText
  0
TEXT
  5
17EA
330
11D7
100
AcDbEntity
  8
Diámetros
100
AcDbText
 10
79.08325393870474
 20
33.8703540652059
 30
0.0
 40
0.65
  1
3
100
AcDbText
  0
TEXT
  5
17EB
330
11D7
100
AcDbEntity
  8
Diámetros
100
AcDbText
 10
89.23656908236443
 20
33.8703540652059
 30
0.0
 40
0.65
  1
3
100
AcDbText
  0
TEXT
  5
17EC
330
11D7
100
AcDbEntity
  8
Diámetros
100
AcDbText
 10
99.69663909496741
 20
33.8703540652059
 30
0.0
 40
0.65
  1
3
100
AcDbText
  0
TEXT
  5
17ED
330
11D7
100
AcDbEntity
  8
Diámetros
100
AcDbText
 10
109.5795393465087
 20
33.8703540652059
 30
0.0
 40
0.65
  1
3
100
AcDbText
  0
TEXT
  5
17EE
330
11D7
100
AcDbEntity
  8
Diámetros
100
AcDbText
 10
115.1345657669007
 20
33.8703540652059
 30
0.0
 40
0.65
  1
2,5
100
AcDbText
  0
TEXT
  5
17EF
330
11D7
100
AcDbEntity
  8
Diámetros
100
AcDbText
 10
2.755509810522198
 20
33.8703540652059
 30
0.0
 40
0.65
  1
3
100
AcDbText
  0
TEXT
  5
17F0
330
11D7
100
AcDbEntity
  8
Diámetros
100
AcDbText
 10
8.352367990650236
 20
23.81945013999939
 30
0.0
 40
0.65
  1
3
100
AcDbText
  0
TEXT
  5
17F1
330
11D7
100
AcDbEntity
  8
Diámetros
100
AcDbText
 10
18.01531700743362
 20
23.81945013999939
 30
0.0
 40
0.65
  1
3
100
AcDbText
  0
TEXT
  5
17F2
330
11D7
100
AcDbEntity
  8
Diámetros
100
AcDbText
 10
27.99930840684101
 20
23.81945013999939
 30
0.0
 40
0.65
  1
3
100
AcDbText
  0
TEXT
  5
17F3
330
11D7
100
AcDbEntity
  8
Diámetros
100
AcDbText
 10
37.58116060355678
 20
23.81945013999939
 30
0.0
 40
0.65
  1
3
100
AcDbText
  0
TEXT
  5
17F4
330
11D7
100
AcDbEntity
  8
Diámetros
100
AcDbText
 10
49.00151800503953
 20
23.81945013999939
 30
0.0
 40
0.65
  1
3
100
AcDbText
  0
TEXT
  5
17F5
330
11D7
100
AcDbEntity
  8
Diámetros
100
AcDbText
 10
57.99643195979296
 20
23.81945013999939
 30
0.0
 40
0.65
  1
3
100
AcDbText
  0
TEXT
  5
17F6
330
11D7
100
AcDbEntity
  8
Diámetros
100
AcDbText
 10
69.38339835871011
 20
23.81945013999939
 30
0.0
 40
0.65
  1
3
100
AcDbText
  0
TEXT
  5
17F7
330
11D7
100
AcDbEntity
  8
Diámetros
100
AcDbText
 10
79.08325393870474
 20
23.81945013999939
 30
0.0
 40
0.65
  1
3
100
AcDbText
  0
TEXT
  5
17F8
330
11D7
100
AcDbEntity
  8
Diámetros
100
AcDbText
 10
89.23656908236443
 20
23.81945013999939
 30
0.0
 40
0.65
  1
3
100
AcDbText
  0
TEXT
  5
17F9
330
11D7
100
AcDbEntity
  8
Diámetros
100
AcDbText
 10
99.69663909496741
 20
23.81945013999939
 30
0.0
 40
0.65
  1
3
100
AcDbText
  0
TEXT
  5
17FA
330
11D7
100
AcDbEntity
  8
Diámetros
100
AcDbText
 10
109.5795393465087
 20
23.81945013999939
 30
0.0
 40
0.65
  1
3
100
AcDbText
  0
TEXT
  5
17FB
330
11D7
100
AcDbEntity
  8
Diámetros
100
AcDbText
 10
115.1345657669007
 20
23.81945013999939
 30
0.0
 40
0.65
  1
2,5
100
AcDbText
  0
TEXT
  5
17FC
330
11D7
100
AcDbEntity
  8
Diámetros
100
AcDbText
 10
2.755509810522198
 20
23.81945013999939
 30
0.0
 40
0.65
  1
3
100
AcDbText
  0
TEXT
  5
17FD
330
11D7
100
AcDbEntity
  8
Diámetros
100
AcDbText
 10
8.352367990650236
 20
13.86617703642696
 30
0.0
 40
0.65
  1
3
100
AcDbText
  0
TEXT
  5
17FE
330
11D7
100
AcDbEntity
  8
Diámetros
100
AcDbText
 10
18.01531700743362
 20
13.86617703642696
 30
0.0
 40
0.65
  1
3
100
AcDbText
  0
TEXT
  5
17FF
330
11D7
100
AcDbEntity
  8
Diámetros
100
AcDbText
 10
27.99930840684101
 20
13.86617703642696
 30
0.0
 40
0.65
  1
3
100
AcDbText
  0
TEXT
  5
1800
330
11D7
100
AcDbEntity
  8
Diámetros
100
AcDbText
 10
37.58116060355678
 20
13.86617703642696
 30
0.0
 40
0.65
  1
3
100
AcDbText
  0
TEXT
  5
1801
330
11D7
100
AcDbEntity
  8
Diámetros
100
AcDbText
 10
49.00151800503953
 20
13.86617703642696
 30
0.0
 40
0.65
  1
3
100
AcDbText
  0
TEXT
  5
1802
330
11D7
100
AcDbEntity
  8
Diámetros
100
AcDbText
 10
57.99643195979296
 20
13.86617703642696
 30
0.0
 40
0.65
  1
3
100
AcDbText
  0
TEXT
  5
1803
330
11D7
100
AcDbEntity
  8
Diámetros
100
AcDbText
 10
69.38339835871011
 20
13.86617703642696
 30
0.0
 40
0.65
  1
3
100
AcDbText
  0
TEXT
  5
1804
330
11D7
100
AcDbEntity
  8
Diámetros
100
AcDbText
 10
79.08325393870474
 20
13.86617703642696
 30
0.0
 40
0.65
  1
3
100
AcDbText
  0
TEXT
  5
1805
330
11D7
100
AcDbEntity
  8
Diámetros
100
AcDbText
 10
89.23656908236443
 20
13.86617703642696
 30
0.0
 40
0.65
  1
3
100
AcDbText
  0
TEXT
  5
1806
330
11D7
100
AcDbEntity
  8
Diámetros
100
AcDbText
 10
99.69663909496741
 20
13.86617703642696
 30
0.0
 40
0.65
  1
3
100
AcDbText
  0
TEXT
  5
1807
330
11D7
100
AcDbEntity
  8
Diámetros
100
AcDbText
 10
109.5795393465087
 20
13.86617703642696
 30
0.0
 40
0.65
  1
3
100
AcDbText
  0
TEXT
  5
1808
330
11D7
100
AcDbEntity
  8
Diámetros
100
AcDbText
 10
115.1345657669007
 20
13.86617703642696
 30
0.0
 40
0.65
  1
2,5
100
AcDbText
  0
TEXT
  5
1809
330
11D7
100
AcDbEntity
  8
Diámetros
100
AcDbText
 10
2.755509810522198
 20
13.86617703642696
 30
0.0
 40
0.65
  1
3
100
AcDbText
  0
TEXT
  5
180A
330
11D7
100
AcDbEntity
  8
Diámetros
100
AcDbText
 10
8.352367990650236
 20
3.891161918174475
 30
0.0
 40
0.65
  1
3
100
AcDbText
  0
TEXT
  5
180B
330
11D7
100
AcDbEntity
  8
Diámetros
100
AcDbText
 10
18.01531700743362
 20
3.891161918174475
 30
0.0
 40
0.65
  1
3
100
AcDbText
  0
TEXT
  5
180C
330
11D7
100
AcDbEntity
  8
Diámetros
100
AcDbText
 10
27.99930840684101
 20
3.891161918174475
 30
0.0
 40
0.65
  1
3
100
AcDbText
  0
TEXT
  5
180D
330
11D7
100
AcDbEntity
  8
Diámetros
100
AcDbText
 10
37.58116060355678
 20
3.891161918174475
 30
0.0
 40
0.65
  1
3
100
AcDbText
  0
TEXT
  5
180E
330
11D7
100
AcDbEntity
  8
Diámetros
100
AcDbText
 10
49.00151800503953
 20
3.891161918174475
 30
0.0
 40
0.65
  1
3
100
AcDbText
  0
TEXT
  5
180F
330
11D7
100
AcDbEntity
  8
Diámetros
100
AcDbText
 10
57.99643195979296
 20
3.891161918174475
 30
0.0
 40
0.65
  1
3
100
AcDbText
  0
TEXT
  5
1810
330
11D7
100
AcDbEntity
  8
Diámetros
100
AcDbText
 10
69.38339835871011
 20
3.891161918174475
 30
0.0
 40
0.65
  1
3
100
AcDbText
  0
TEXT
  5
1811
330
11D7
100
AcDbEntity
  8
Diámetros
100
AcDbText
 10
79.08325393870474
 20
3.891161918174475
 30
0.0
 40
0.65
  1
3
100
AcDbText
  0
TEXT
  5
1812
330
11D7
100
AcDbEntity
  8
Diámetros
100
AcDbText
 10
89.23656908236443
 20
3.891161918174475
 30
0.0
 40
0.65
  1
3
100
AcDbText
  0
TEXT
  5
1813
330
11D7
100
AcDbEntity
  8
Diámetros
100
AcDbText
 10
99.69663909496741
 20
3.891161918174475
 30
0.0
 40
0.65
  1
3
100
AcDbText
  0
TEXT
  5
1814
330
11D7
100
AcDbEntity
  8
Diámetros
100
AcDbText
 10
109.5795393465087
 20
3.891161918174475
 30
0.0
 40
0.65
  1
3
100
AcDbText
  0
TEXT
  5
1815
330
11D7
100
AcDbEntity
  8
Diámetros
100
AcDbText
 10
115.1345657669007
 20
3.891161918174475
 30
0.0
 40
0.65
  1
2,5
100
AcDbText
  0
TEXT
  5
1816
330
11D7
100
AcDbEntity
  8
Diámetros
100
AcDbText
 10
2.755509810522198
 20
3.891161918174475
 30
0.0
 40
0.65
  1
2,5
100
AcDbText
  0
TEXT
  5
1817
330
11D7
100
AcDbEntity
  8
Diámetros
100
AcDbText
 10
116.7157053006813
 20
299.1700082113966
 30
0.0
 40
0.65
  1
6,0
 50
90.0
100
AcDbText
  0
TEXT
  5
1818
330
11D7
100
AcDbEntity
  8
Diámetros
100
AcDbText
 10
116.7157053006813
 20
289.3331546424888
 30
0.0
 40
0.65
  1
6,0
 50
90.0
100
AcDbText
  0
TEXT
  5
1819
330
11D7
100
AcDbEntity
  8
Diámetros
100
AcDbText
 10
116.7157053006813
 20
279.2807158152573
 30
0.0
 40
0.65
  1
6,0
 50
90.0
100
AcDbText
  0
TEXT
  5
181A
330
11D7
100
AcDbEntity
  8
Diámetros
100
AcDbText
 10
116.7157053006813
 20
269.5682591926306
 30
0.0
 40
0.65
  1
6,0
 50
90.0
100
AcDbText
  0
TEXT
  5
181B
330
11D7
100
AcDbEntity
  8
Diámetros
100
AcDbText
 10
116.7157053006813
 20
258.3890276965685
 30
0.0
 40
0.65
  1
6,0
 50
90.0
100
AcDbText
  0
TEXT
  5
181C
330
11D7
100
AcDbEntity
  8
Diámetros
100
AcDbText
 10
116.7157053006813
 20
248.4658905114047
 30
0.0
 40
0.65
  1
6,0
 50
90.0
100
AcDbText
  0
TEXT
  5
181D
330
11D7
100
AcDbEntity
  8
Diámetros
100
AcDbText
 10
116.7157053006813
 20
239.5869234250858
 30
0.0
 40
0.65
  1
6,0
 50
90.0
100
AcDbText
  0
TEXT
  5
181E
330
11D7
100
AcDbEntity
  8
Diámetros
100
AcDbText
 10
116.7157053006813
 20
229.8192773251794
 30
0.0
 40
0.65
  1
6,0
 50
90.0
100
AcDbText
  0
TEXT
  5
181F
330
11D7
100
AcDbEntity
  8
Diámetros
100
AcDbText
 10
116.7157053006813
 20
219.1063763727434
 30
0.0
 40
0.65
  1
6,0
 50
90.0
100
AcDbText
  0
TEXT
  5
1820
330
11D7
100
AcDbEntity
  8
Diámetros
100
AcDbText
 10
116.7157053006813
 20
209.1024194727652
 30
0.0
 40
0.65
  1
6,0
 50
90.0
100
AcDbText
  0
TEXT
  5
1821
330
11D7
100
AcDbEntity
  8
Diámetros
100
AcDbText
 10
116.7157053006813
 20
198.9754024753347
 30
0.0
 40
0.65
  1
6,0
 50
90.0
100
AcDbText
  0
TEXT
  5
1822
330
11D7
100
AcDbEntity
  8
Diámetros
100
AcDbText
 10
116.7157053006813
 20
188.8008792493492
 30
0.0
 40
0.65
  1
6,0
 50
90.0
100
AcDbText
  0
TEXT
  5
1823
330
11D7
100
AcDbEntity
  8
Diámetros
100
AcDbText
 10
116.7157053006813
 20
179.0101455477997
 30
0.0
 40
0.65
  1
6,0
 50
90.0
100
AcDbText
  0
TEXT
  5
1824
330
11D7
100
AcDbEntity
  8
Diámetros
100
AcDbText
 10
116.7157053006813
 20
158.6326437052339
 30
0.0
 40
0.65
  1
6,0
 50
90.0
100
AcDbText
  0
TEXT
  5
1825
330
11D7
100
AcDbEntity
  8
Diámetros
100
AcDbText
 10
116.7157053006813
 20
169.3080138326621
 30
0.0
 40
0.65
  1
6,0
 50
90.0
100
AcDbText
  0
TEXT
  5
1826
330
11D7
100
AcDbEntity
  8
Diámetros
100
AcDbText
 10
116.7157053006813
 20
149.6191994166002
 30
0.0
 40
0.65
  1
6,0
 50
90.0
100
AcDbText
  0
TEXT
  5
1827
330
11D7
100
AcDbEntity
  8
Diámetros
100
AcDbText
 10
116.7157053006813
 20
138.7961729015223
 30
0.0
 40
0.65
  1
6,0
 50
90.0
100
AcDbText
  0
TEXT
  5
1828
330
11D7
100
AcDbEntity
  8
Diámetros
100
AcDbText
 10
116.7157053006813
 20
129.324267717544
 30
0.0
 40
0.65
  1
6,0
 50
90.0
100
AcDbText
  0
TEXT
  5
1829
330
11D7
100
AcDbEntity
  8
Diámetros
100
AcDbText
 10
116.7157053006813
 20
119.1262170975096
 30
0.0
 40
0.65
  1
6,0
 50
90.0
100
AcDbText
  0
TEXT
  5
182A
330
11D7
100
AcDbEntity
  8
Diámetros
100
AcDbText
 10
116.7157053006813
 20
109.2802269300446
 30
0.0
 40
0.65
  1
6,0
 50
90.0
100
AcDbText
  0
TEXT
  5
182B
330
11D7
100
AcDbEntity
  8
Diámetros
100
AcDbText
 10
116.7157053006813
 20
99.60097602847964
 30
0.0
 40
0.65
  1
6,0
 50
90.0
100
AcDbText
  0
TEXT
  5
182C
330
11D7
100
AcDbEntity
  8
Diámetros
100
AcDbText
 10
116.7157053006813
 20
89.471990163438
 30
0.0
 40
0.65
  1
6,0
 50
90.0
100
AcDbText
  0
TEXT
  5
182D
330
11D7
100
AcDbEntity
  8
Diámetros
100
AcDbText
 10
116.7157053006813
 20
79.49269363144413
 30
0.0
 40
0.65
  1
6,0
 50
90.0
100
AcDbText
  0
TEXT
  5
182E
330
11D7
100
AcDbEntity
  8
Diámetros
100
AcDbText
 10
116.7157053006813
 20
68.9575325581245
 30
0.0
 40
0.65
  1
6,0
 50
90.0
100
AcDbText
  0
TEXT
  5
182F
330
11D7
100
AcDbEntity
  8
Diámetros
100
AcDbText
 10
116.7157053006813
 20
59.52162912301719
 30
0.0
 40
0.65
  1
6,0
 50
90.0
100
AcDbText
  0
TEXT
  5
1830
330
11D7
100
AcDbEntity
  8
Diámetros
100
AcDbText
 10
116.7157053006813
 20
49.44600366847589
 30
0.0
 40
0.65
  1
6,0
 50
90.0
100
AcDbText
  0
TEXT
  5
1831
330
11D7
100
AcDbEntity
  8
Diámetros
100
AcDbText
 10
116.7157053006813
 20
39.53031090274453
 30
0.0
 40
0.65
  1
6,0
 50
90.0
100
AcDbText
  0
TEXT
  5
1832
330
11D7
100
AcDbEntity
  8
Diámetros
100
AcDbText
 10
116.7157053006813
 20
29.78619802137837
 30
0.0
 40
0.65
  1
6,0
 50
90.0
100
AcDbText
  0
TEXT
  5
1833
330
11D7
100
AcDbEntity
  8
Diámetros
100
AcDbText
 10
116.7157053006813
 20
19.55614455323666
 30
0.0
 40
0.65
  1
6,0
 50
90.0
100
AcDbText
  0
TEXT
  5
1834
330
11D7
100
AcDbEntity
  8
Diámetros
100
AcDbText
 10
116.7157053006813
 20
8.874765882734209
 30
0.0
 40
0.65
  1
6,0
 50
90.0
100
AcDbText
  0
TEXT
  5
1835
330
11D7
100
AcDbEntity
  8
Diámetros
100
AcDbText
 10
2.934913309756666
 20
299.9090006393381
 30
0.0
 40
0.65
  1
6,0
 50
270.0
100
AcDbText
  0
TEXT
  5
1836
330
11D7
100
AcDbEntity
  8
Diámetros
100
AcDbText
 10
2.934913309756666
 20
289.9216101933271
 30
0.0
 40
0.65
  1
6,0
 50
270.0
100
AcDbText
  0
TEXT
  5
1837
330
11D7
100
AcDbEntity
  8
Diámetros
100
AcDbText
 10
2.934913309756666
 20
279.9311761562712
 30
0.0
 40
0.65
  1
6,0
 50
270.0
100
AcDbText
  0
TEXT
  5
1838
330
11D7
100
AcDbEntity
  8
Diámetros
100
AcDbText
 10
2.934913309756666
 20
269.4233316751197
 30
0.0
 40
0.65
  1
6,0
 50
270.0
100
AcDbText
  0
TEXT
  5
1839
330
11D7
100
AcDbEntity
  8
Diámetros
100
AcDbText
 10
2.934913309756666
 20
259.2267518811859
 30
0.0
 40
0.65
  1
6,0
 50
270.0
100
AcDbText
  0
TEXT
  5
183A
330
11D7
100
AcDbEntity
  8
Diámetros
100
AcDbText
 10
2.934913309756666
 20
249.7314824052155
 30
0.0
 40
0.65
  1
6,0
 50
270.0
100
AcDbText
  0
TEXT
  5
183B
330
11D7
100
AcDbEntity
  8
Diámetros
100
AcDbText
 10
2.934913309756666
 20
239.5097995400429
 30
0.0
 40
0.65
  1
6,0
 50
270.0
100
AcDbText
  0
TEXT
  5
183C
330
11D7
100
AcDbEntity
  8
Diámetros
100
AcDbText
 10
2.934913309756666
 20
229.7534744334407
 30
0.0
 40
0.65
  1
6,0
 50
270.0
100
AcDbText
  0
TEXT
  5
183D
330
11D7
100
AcDbEntity
  8
Diámetros
100
AcDbText
 10
2.934913309756666
 20
220.3372742445208
 30
0.0
 40
0.65
  1
6,0
 50
270.0
100
AcDbText
  0
TEXT
  5
183E
330
11D7
100
AcDbEntity
  8
Diámetros
100
AcDbText
 10
2.934913309756666
 20
209.5859483215027
 30
0.0
 40
0.65
  1
6,0
 50
270.0
100
AcDbText
  0
TEXT
  5
183F
330
11D7
100
AcDbEntity
  8
Diámetros
100
AcDbText
 10
2.934913309756666
 20
199.7637476762756
 30
0.0
 40
0.65
  1
6,0
 50
270.0
100
AcDbText
  0
TEXT
  5
1840
330
11D7
100
AcDbEntity
  8
Diámetros
100
AcDbText
 10
2.934913309756666
 20
189.8088173451833
 30
0.0
 40
0.65
  1
6,0
 50
270.0
100
AcDbText
  0
TEXT
  5
1841
330
11D7
100
AcDbEntity
  8
Diámetros
100
AcDbText
 10
2.934913309756666
 20
179.8538841013796
 30
0.0
 40
0.65
  1
6,0
 50
270.0
100
AcDbText
  0
TEXT
  5
1842
330
11D7
100
AcDbEntity
  8
Diámetros
100
AcDbText
 10
2.934913309756666
 20
160.2023937194608
 30
0.0
 40
0.65
  1
6,0
 50
270.0
100
AcDbText
  0
TEXT
  5
1843
330
11D7
100
AcDbEntity
  8
Diámetros
100
AcDbText
 10
2.934913309756666
 20
150.2521933326496
 30
0.0
 40
0.65
  1
6,0
 50
270.0
100
AcDbText
  0
TEXT
  5
1844
330
11D7
100
AcDbEntity
  8
Diámetros
100
AcDbText
 10
2.934913309756666
 20
140.2498965724371
 30
0.0
 40
0.65
  1
6,0
 50
270.0
100
AcDbText
  0
TEXT
  5
1845
330
11D7
100
AcDbEntity
  8
Diámetros
100
AcDbText
 10
2.934913309756666
 20
130.1488680550828
 30
0.0
 40
0.65
  1
6,0
 50
270.0
100
AcDbText
  0
TEXT
  5
1846
330
11D7
100
AcDbEntity
  8
Diámetros
100
AcDbText
 10
2.934913309756666
 20
119.7336390246637
 30
0.0
 40
0.65
  1
6,0
 50
270.0
100
AcDbText
  0
TEXT
  5
1847
330
11D7
100
AcDbEntity
  8
Diámetros
100
AcDbText
 10
2.934913309756666
 20
110.3936858833767
 30
0.0
 40
0.65
  1
6,0
 50
270.0
100
AcDbText
  0
TEXT
  5
1848
330
11D7
100
AcDbEntity
  8
Diámetros
100
AcDbText
 10
2.934913309756666
 20
100.1152407778427
 30
0.0
 40
0.65
  1
6,0
 50
270.0
100
AcDbText
  0
TEXT
  5
1849
330
11D7
100
AcDbEntity
  8
Diámetros
100
AcDbText
 10
2.934913309756666
 20
89.92858978779983
 30
0.0
 40
0.65
  1
6,0
 50
270.0
100
AcDbText
  0
TEXT
  5
184A
330
11D7
100
AcDbEntity
  8
Diámetros
100
AcDbText
 10
2.934913309756666
 20
79.96344522340223
 30
0.0
 40
0.65
  1
6,0
 50
270.0
100
AcDbText
  0
TEXT
  5
184B
330
11D7
100
AcDbEntity
  8
Diámetros
100
AcDbText
 10
2.934913309756666
 20
70.29869870748369
 30
0.0
 40
0.65
  1
6,0
 50
270.0
100
AcDbText
  0
TEXT
  5
184C
330
11D7
100
AcDbEntity
  8
Diámetros
100
AcDbText
 10
2.934913309756666
 20
60.14572818158193
 30
0.0
 40
0.65
  1
6,0
 50
270.0
100
AcDbText
  0
TEXT
  5
184D
330
11D7
100
AcDbEntity
  8
Diámetros
100
AcDbText
 10
2.934913309756666
 20
50.58011826314031
 30
0.0
 40
0.65
  1
6,0
 50
270.0
100
AcDbText
  0
TEXT
  5
184E
330
11D7
100
AcDbEntity
  8
Diámetros
100
AcDbText
 10
2.934913309756666
 20
40.42714773770422
 30
0.0
 40
0.65
  1
6,0
 50
270.0
100
AcDbText
  0
TEXT
  5
184F
330
11D7
100
AcDbEntity
  8
Diámetros
100
AcDbText
 10
2.934913309756666
 20
30.022450405173
 30
0.0
 40
0.65
  1
6,0
 50
270.0
100
AcDbText
  0
TEXT
  5
1850
330
11D7
100
AcDbEntity
  8
Diámetros
100
AcDbText
 10
2.934913309756666
 20
20.14087498141453
 30
0.0
 40
0.65
  1
6,0
 50
270.0
100
AcDbText
  0
TEXT
  5
1851
330
11D7
100
AcDbEntity
  8
Diámetros
100
AcDbText
 10
2.934913309756666
 20
10.3534819483757
 30
0.0
 40
0.65
  1
6,0
 50
270.0
100
AcDbText
  0
TEXT
  5
1852
330
11D7
100
AcDbEntity
  8
Diámetros
100
AcDbText
 10
615.7144165453501
 20
155.5861906562931
 30
0.0
 40
0.65
  1
10
100
AcDbText
  0
DIMENSION
  5
1853
102
{ACAD_XDICTIONARY
360
1854
102
}
102
{ACAD_REACTORS
330
1855
102
}
330
11D7
100
AcDbEntity
  8
Diámetros
100
AcDbDimension
280
     0
  2
*D17
 10
117.5
 20
305.6261088163592
 30
0.0
 11
118.2311538453214
 21
305.6261088163592
 31
0.0
 12
3131387.568569079
 22
-3591334.190306859
 32
0.0
 70
     1
  1
1
 71
     5
 42
0.0
 73
     0
 74
     0
 75
     0
  3
Standard
100
AcDbAlignedDimension
 13
117.5
 23
304.9999999995343
 33
0.0
 14
117.5
 24
304.9999999995343
 34
-1.0
  0
DIMENSION
  5
1856
102
{ACAD_XDICTIONARY
360
1857
102
}
102
{ACAD_REACTORS
330
1858
102
}
330
11D7
100
AcDbEntity
  8
Diámetros
100
AcDbDimension
280
     0
  2
*D18
 10
117.5
 20
157.0388297992758
 30
0.0
 11
118.7397008533589
 21
157.0388297992758
 31
0.0
 12
3131387.568569079
 22
-3591334.190306859
 32
0.0
 70
     1
  1
50
 71
     5
 42
0.0
 73
     0
 74
     0
 75
     0
  3
Standard
100
AcDbAlignedDimension
 13
117.5
 23
155.0
 33
-0.9999999999972748
 14
117.5
 24
155.0
 34
-50.99999999999727
  0
CIRCLE
  5
1859
330
11D7
100
AcDbEntity
  8
BODEGA
100
AcDbCircle
 10
1117.5
 20
155.0625
 30
0.0
 40
29.02167784538706
  0
LWPOLYLINE
  5
185A
330
11D7
100
AcDbEntity
  8
BODEGA
100
AcDbPolyline
 90
        4
 70
     1
 43
0.0
 10
40.51942472252995
 20
310.0
 10
78.89675777731461
 20
310.0
 10
78.89675777731461
 20
279.1676388853229
 10
40.51942472252995
 20
279.1676388853229
  0
CIRCLE
  5
185B
330
11D7
100
AcDbEntity
  8
Rociadores
100
AcDbCircle
 10
15.0
 20
295.0
 30
-1.0
 40
0.6250000009313226
  0
CIRCLE
  5
185C
330
11D7
100
AcDbEntity
  8
Rociadores
100
AcDbCircle
 10
15.0
 20
285.0
 30
-1.0
 40
0.6250000009313226
  0
CIRCLE
  5
185D
330
11D7
100
AcDbEntity
  8
Rociadores
100
AcDbCircle
 10
15.0
 20
275.0
 30
-1.0
 40
0.6250000009313226
  0
CIRCLE
  5
185E
330
11D7
100
AcDbEntity
  8
Rociadores
100
AcDbCircle
 10
25.0
 20
285.0
 30
-1.0
 40
0.6250000009313226
  0
CIRCLE
  5
185F
330
11D7
100
AcDbEntity
  8
Rociadores
100
AcDbCircle
 10
25.0
 20
295.0
 30
-1.0
 40
0.6250000009313226
  0
CIRCLE
  5
1860
330
11D7
100
AcDbEntity
  8
Rociadores
100
AcDbCircle
 10
25.0
 20
275.0
 30
-1.0
 40
0.6250000009313226
  0
CIRCLE
  5
1861
330
11D7
100
AcDbEntity
  8
Rociadores
100
AcDbCircle
 10
35.0
 20
275.0
 30
-1.0
 40
0.6250000009313226
  0
CIRCLE
  5
1862
330
11D7
100
AcDbEntity
  8
Rociadores
100
AcDbCircle
 10
35.0
 20
285.0
 30
-1.0
 40
0.6250000009313226
  0
CIRCLE
  5
1863
330
11D7
100
AcDbEntity
  8
Rociadores
100
AcDbCircle
 10
35.0
 20
295.0
 30
-1.0
 40
0.6250000009313226
  0
CIRCLE
  5
1864
330
11D7
100
AcDbEntity
  8
Rociadores
100
AcDbCircle
 10
45.0
 20
275.0
 30
-1.0
 40
0.6250000009313226
  0
INSERT
  5
1865
330
11D7
100
AcDbEntity
  8
Rociadores
100
AcDbBlockReference
  2
Abiertos
 10
45.0
 20
305.0
 30
-1.0
  0
INSERT
  5
1866
330
11D7
100
AcDbEntity
  8
Rociadores
100
AcDbBlockReference
  2
Abiertos
 10
55.0
 20
305.0
 30
-1.0
  0
INSERT
  5
1867
330
11D7
100
AcDbEntity
  8
Rociadores
100
AcDbBlockReference
  2
Abiertos
 10
65.0
 20
305.0
 30
-1.0
  0
INSERT
  5
1868
330
11D7
100
AcDbEntity
  8
Rociadores
100
AcDbBlockReference
  2
Abiertos
 10
75.0
 20
305.0
 30
-1.0
  0
INSERT
  5
1869
330
11D7
100
AcDbEntity
  8
Rociadores
100
AcDbBlockReference
  2
Abiertos
 10
45.0
 20
295.0
 30
-1.0
  0
INSERT
  5
186A
330
11D7
100
AcDbEntity
  8
Rociadores
100
AcDbBlockReference
  2
Abiertos
 10
55.0
 20
295.0
 30
-1.0
  0
INSERT
  5
186B
330
11D7
100
AcDbEntity
  8
Rociadores
100
AcDbBlockReference
  2
Abiertos
 10
65.0
 20
295.0
 30
-1.0
  0
INSERT
  5
186C
330
11D7
100
AcDbEntity
  8
Rociadores
100
AcDbBlockReference
  2
Abiertos
 10
75.0
 20
295.0
 30
-1.0
  0
INSERT
  5
186D
330
11D7
100
AcDbEntity
  8
Rociadores
100
AcDbBlockReference
  2
Abiertos
 10
45.0
 20
285.0
 30
-1.0
  0
INSERT
  5
186E
330
11D7
100
AcDbEntity
  8
Rociadores
100
AcDbBlockReference
  2
Abiertos
 10
55.0
 20
285.0
 30
-1.0
  0
INSERT
  5
186F
330
11D7
100
AcDbEntity
  8
Rociadores
100
AcDbBlockReference
  2
Abiertos
 10
65.0
 20
285.0
 30
-1.0
  0
INSERT
  5
1870
330
11D7
100
AcDbEntity
  8
Rociadores
100
AcDbBlockReference
  2
Abiertos
 10
75.0
 20
285.0
 30
-1.0
  0
ENDBLK
  5
1874
330
11D7
100
AcDbEntity
  8
0
100
AcDbBlockEnd
  0
BLOCK
  5
1894
330
1893
100
AcDbEntity
  8
0
100
AcDbBlockBegin
  2
Discharging Head Block - Rociadores Abiertos
 70
     0
 10
0.0
 20
0.0
 30
0.0
  3
Discharging Head Block - Rociadores Abiertos
  1

  0
LWPOLYLINE
  5
1895
330
1893
100
AcDbEntity
  8
03 Sprinkler Heads – Rociadores
 62
     3
100
AcDbPolyline
 90
        4
 70
     1
 43
0.0
 10
-6.304061330701641
 20
6.196962364432692
 10
6.304061330702552
 20
6.196962364432692
 10
6.304061330702552
 20
-6.196962364432692
 10
-6.304061330701641
 20
-6.196962364432692
  0
ENDBLK
  5
1896
330
1893
100
AcDbEntity
  8
0
100
AcDbBlockEnd
  0
BLOCK
  5
18A2
330
18A1
100
AcDbEntity
  8
0
100
AcDbBlockBegin
  2
Rociadores Cerrados
 70
     0
 10
0.0
 20
0.0
 30
0.0
  3
Rociadores Cerrados
  1

  0
CIRCLE
  5
18A3
330
18A1
100
AcDbEntity
  8
03 Sprinkler Heads – Rociadores
 62
     1
100
AcDbCircle
 10
0.0
 20
0.0
 30
0.0
 40
6.356760934031007
  0
ENDBLK
  5
18A4
330
18A1
100
AcDbEntity
  8
0
100
AcDbBlockEnd
  0
ENDSEC
  0
SECTION
  2
ENTITIES
  0
LINE
  5
9FD
330
1F
100
AcDbEntity
  8
BODEGA
100
AcDbLine
 10
2039.507940588526
 20
2026.289118161964
 30
0.0
 11
2159.507940587129
 21
2026.289118161964
 31
0.0
  0
LINE
  5
9FE
330
1F
100
AcDbEntity
  8
BODEGA
100
AcDbLine
 10
2039.507940588526
 20
1716.289118161964
 30
0.0
 11
2159.507940587129
 21
1716.289118161964
 31
0.0
  0
LINE
  5
9FF
330
1F
100
AcDbEntity
  8
BODEGA
100
AcDbLine
 10
2159.507940587129
 20
1716.289118161964
 30
0.0
 11
2159.507940587129
 21
2026.289118161964
 31
0.0
  0
LINE
  5
A00
330
1F
100
AcDbEntity
  8
BODEGA
100
AcDbLine
 10
2039.507940588526
 20
1716.289118161964
 30
0.0
 11
2039.507940588526
 21
2026.289118161964
 31
0.0
  0
LINE
  5
B5F
330
1F
100
AcDbEntity
  8
Ramales
100
AcDbLine
 10
2154.507940588526
 20
2021.289118161964
 30
0.0
 11
2157.007940588526
 21
2021.289118161499
 31
0.0
  0
LINE
  5
B60
330
1F
100
AcDbEntity
  8
Ramales
100
AcDbLine
 10
2044.507940588992
 20
2021.289118161964
 30
0.0
 11
2054.507940588527
 21
2021.289118161964
 31
0.0
  0
LINE
  5
B61
330
1F
100
AcDbEntity
  8
Ramales
100
AcDbLine
 10
2054.507940588527
 20
2021.289118161964
 30
0.0
 11
2064.507940588526
 21
2021.289118161964
 31
0.0
  0
LINE
  5
B62
330
1F
100
AcDbEntity
  8
Ramales
100
AcDbLine
 10
2064.507940588526
 20
2021.289118161964
 30
0.0
 11
2074.507940588526
 21
2021.289118161964
 31
0.0
  0
LINE
  5
B63
330
1F
100
AcDbEntity
  8
Ramales
100
AcDbLine
 10
2074.507940588526
 20
2021.289118161964
 30
0.0
 11
2084.507940588526
 21
2021.289118161964
 31
0.0
  0
LINE
  5
B64
330
1F
100
AcDbEntity
  8
Ramales
100
AcDbLine
 10
2084.507940588526
 20
2021.289118161964
 30
0.0
 11
2094.507940588992
 21
2021.289118161964
 31
0.0
  0
LINE
  5
B65
330
1F
100
AcDbEntity
  8
Ramales
100
AcDbLine
 10
2094.507940588992
 20
2021.289118161964
 30
0.0
 11
2104.507940588526
 21
2021.289118161964
 31
0.0
  0
LINE
  5
B66
330
1F
100
AcDbEntity
  8
Ramales
100
AcDbLine
 10
2104.507940588526
 20
2021.289118161964
 30
0.0
 11
2114.507940588526
 21
2021.289118161964
 31
0.0
  0
LINE
  5
B67
330
1F
100
AcDbEntity
  8
Ramales
100
AcDbLine
 10
2114.507940588526
 20
2021.289118161964
 30
0.0
 11
2124.507940588526
 21
2021.289118161964
 31
0.0
  0
LINE
  5
B68
330
1F
100
AcDbEntity
  8
Ramales
100
AcDbLine
 10
2124.507940588526
 20
2021.289118161964
 30
0.0
 11
2134.507940588526
 21
2021.289118161964
 31
0.0
  0
LINE
  5
B69
330
1F
100
AcDbEntity
  8
Ramales
100
AcDbLine
 10
2134.507940587129
 20
2021.289118161964
 30
0.0
 11
2144.507940588527
 21
2021.289118161964
 31
0.0
  0
LINE
  5
B6A
330
1F
100
AcDbEntity
  8
Ramales
100
AcDbLine
 10
2144.507940588527
 20
2021.289118161964
 30
0.0
 11
2154.507940588526
 21
2021.289118161964
 31
0.0
  0
LINE
  5
B6B
330
1F
100
AcDbEntity
  8
Ramales
100
AcDbLine
 10
2044.507940588992
 20
2021.289118161964
 30
0.0
 11
2042.007940587129
 21
2021.289118161499
 31
0.0
  0
LINE
  5
B6C
330
1F
100
AcDbEntity
  8
Ramales
100
AcDbLine
 10
2044.507940588992
 20
2011.289118161965
 30
0.0
 11
2054.507940588527
 21
2011.289118161965
 31
0.0
  0
LINE
  5
B6D
330
1F
100
AcDbEntity
  8
Ramales
100
AcDbLine
 10
2054.507940588527
 20
2011.289118161965
 30
0.0
 11
2064.507940588526
 21
2011.289118161965
 31
0.0
  0
LINE
  5
B6E
330
1F
100
AcDbEntity
  8
Ramales
100
AcDbLine
 10
2064.507940588526
 20
2011.289118161965
 30
0.0
 11
2074.507940588526
 21
2011.289118161965
 31
0.0
  0
LINE
  5
B6F
330
1F
100
AcDbEntity
  8
Ramales
100
AcDbLine
 10
2074.507940588526
 20
2011.289118161965
 30
0.0
 11
2084.507940588526
 21
2011.289118161965
 31
0.0
  0
LINE
  5
B70
330
1F
100
AcDbEntity
  8
Ramales
100
AcDbLine
 10
2084.507940588526
 20
2011.289118161965
 30
0.0
 11
2094.507940588992
 21
2011.289118161965
 31
0.0
  0
LINE
  5
B71
330
1F
100
AcDbEntity
  8
Ramales
100
AcDbLine
 10
2094.507940588992
 20
2011.289118161965
 30
0.0
 11
2104.507940588526
 21
2011.289118161965
 31
0.0
  0
LINE
  5
B72
330
1F
100
AcDbEntity
  8
Ramales
100
AcDbLine
 10
2104.507940588526
 20
2011.289118161965
 30
0.0
 11
2114.507940588526
 21
2011.289118161965
 31
0.0
  0
LINE
  5
B73
330
1F
100
AcDbEntity
  8
Ramales
100
AcDbLine
 10
2114.507940588526
 20
2011.289118161965
 30
0.0
 11
2124.507940588526
 21
2011.289118161965
 31
0.0
  0
LINE
  5
B74
330
1F
100
AcDbEntity
  8
Ramales
100
AcDbLine
 10
2124.507940588526
 20
2011.289118161965
 30
0.0
 11
2134.507940588526
 21
2011.289118161965
 31
0.0
  0
LINE
  5
B75
330
1F
100
AcDbEntity
  8
Ramales
100
AcDbLine
 10
2134.507940587129
 20
2011.289118161965
 30
0.0
 11
2144.507940588527
 21
2011.289118161965
 31
0.0
  0
LINE
  5
B76
330
1F
100
AcDbEntity
  8
Ramales
100
AcDbLine
 10
2144.507940588527
 20
2011.289118161965
 30
0.0
 11
2154.507940588526
 21
2011.289118161965
 31
0.0
  0
LINE
  5
B77
330
1F
100
AcDbEntity
  8
Ramales
100
AcDbLine
 10
2044.507940588992
 20
2011.289118161965
 30
0.0
 11
2042.007940587129
 21
2011.289118161965
 31
0.0
  0
LINE
  5
B78
330
1F
100
AcDbEntity
  8
Ramales
100
AcDbLine
 10
2044.507940588992
 20
2001.289118161964
 30
0.0
 11
2054.507940588527
 21
2001.289118161964
 31
0.0
  0
LINE
  5
B79
330
1F
100
AcDbEntity
  8
Ramales
100
AcDbLine
 10
2054.507940588527
 20
2001.289118161964
 30
0.0
 11
2064.507940588526
 21
2001.289118161964
 31
0.0
  0
LINE
  5
B7A
330
1F
100
AcDbEntity
  8
Ramales
100
AcDbLine
 10
2064.507940588526
 20
2001.289118161964
 30
0.0
 11
2074.507940588526
 21
2001.289118161964
 31
0.0
  0
LINE
  5
B7B
330
1F
100
AcDbEntity
  8
Ramales
100
AcDbLine
 10
2074.507940588526
 20
2001.289118161964
 30
0.0
 11
2084.507940588526
 21
2001.289118161964
 31
0.0
  0
LINE
  5
B7C
330
1F
100
AcDbEntity
  8
Ramales
100
AcDbLine
 10
2084.507940588526
 20
2001.289118161964
 30
0.0
 11
2094.507940588992
 21
2001.289118161964
 31
0.0
  0
LINE
  5
B7D
330
1F
100
AcDbEntity
  8
Ramales
100
AcDbLine
 10
2094.507940588992
 20
2001.289118161964
 30
0.0
 11
2104.507940588526
 21
2001.289118161964
 31
0.0
  0
LINE
  5
B7E
330
1F
100
AcDbEntity
  8
Ramales
100
AcDbLine
 10
2104.507940588526
 20
2001.289118161964
 30
0.0
 11
2114.507940588526
 21
2001.289118161964
 31
0.0
  0
LINE
  5
B7F
330
1F
100
AcDbEntity
  8
Ramales
100
AcDbLine
 10
2114.507940588526
 20
2001.289118161964
 30
0.0
 11
2124.507940588526
 21
2001.289118161964
 31
0.0
  0
LINE
  5
B80
330
1F
100
AcDbEntity
  8
Ramales
100
AcDbLine
 10
2124.507940588526
 20
2001.289118161964
 30
0.0
 11
2134.507940588526
 21
2001.289118161964
 31
0.0
  0
LINE
  5
B81
330
1F
100
AcDbEntity
  8
Ramales
100
AcDbLine
 10
2134.507940587129
 20
2001.289118161964
 30
0.0
 11
2144.507940588527
 21
2001.289118161964
 31
0.0
  0
LINE
  5
B82
330
1F
100
AcDbEntity
  8
Ramales
100
AcDbLine
 10
2144.507940588527
 20
2001.289118161964
 30
0.0
 11
2154.507940588526
 21
2001.289118161964
 31
0.0
  0
LINE
  5
B83
330
1F
100
AcDbEntity
  8
Ramales
100
AcDbLine
 10
2044.507940588992
 20
2001.289118161964
 30
0.0
 11
2042.007940587129
 21
2001.2891181615
 31
0.0
  0
LINE
  5
B84
330
1F
100
AcDbEntity
  8
Ramales
100
AcDbLine
 10
2044.507940588992
 20
1991.289118161964
 30
0.0
 11
2054.507940588527
 21
1991.289118161964
 31
0.0
  0
LINE
  5
B85
330
1F
100
AcDbEntity
  8
Ramales
100
AcDbLine
 10
2054.507940588527
 20
1991.289118161964
 30
0.0
 11
2064.507940588526
 21
1991.289118161964
 31
0.0
  0
LINE
  5
B86
330
1F
100
AcDbEntity
  8
Ramales
100
AcDbLine
 10
2064.507940588526
 20
1991.289118161964
 30
0.0
 11
2074.507940588526
 21
1991.289118161964
 31
0.0
  0
LINE
  5
B87
330
1F
100
AcDbEntity
  8
Ramales
100
AcDbLine
 10
2074.507940588526
 20
1991.289118161964
 30
0.0
 11
2084.507940588526
 21
1991.289118161964
 31
0.0
  0
LINE
  5
B88
330
1F
100
AcDbEntity
  8
Ramales
100
AcDbLine
 10
2084.507940588526
 20
1991.289118161964
 30
0.0
 11
2094.507940588992
 21
1991.289118161964
 31
0.0
  0
LINE
  5
B89
330
1F
100
AcDbEntity
  8
Ramales
100
AcDbLine
 10
2094.507940588992
 20
1991.289118161964
 30
0.0
 11
2104.507940588526
 21
1991.289118161964
 31
0.0
  0
LINE
  5
B8A
330
1F
100
AcDbEntity
  8
Ramales
100
AcDbLine
 10
2104.507940588526
 20
1991.289118161964
 30
0.0
 11
2114.507940588526
 21
1991.289118161964
 31
0.0
  0
LINE
  5
B8B
330
1F
100
AcDbEntity
  8
Ramales
100
AcDbLine
 10
2114.507940588526
 20
1991.289118161964
 30
0.0
 11
2124.507940588526
 21
1991.289118161964
 31
0.0
  0
LINE
  5
B8C
330
1F
100
AcDbEntity
  8
Ramales
100
AcDbLine
 10
2124.507940588526
 20
1991.289118161964
 30
0.0
 11
2134.507940588526
 21
1991.289118161964
 31
0.0
  0
LINE
  5
B8D
330
1F
100
AcDbEntity
  8
Ramales
100
AcDbLine
 10
2134.507940587129
 20
1991.289118161964
 30
0.0
 11
2144.507940588527
 21
1991.289118161964
 31
0.0
  0
LINE
  5
B8E
330
1F
100
AcDbEntity
  8
Ramales
100
AcDbLine
 10
2144.507940588527
 20
1991.289118161964
 30
0.0
 11
2154.507940588526
 21
1991.289118161964
 31
0.0
  0
LINE
  5
B8F
330
1F
100
AcDbEntity
  8
Ramales
100
AcDbLine
 10
2044.507940588992
 20
1991.289118161964
 30
0.0
 11
2042.007940587129
 21
1991.289118161964
 31
0.0
  0
LINE
  5
B90
330
1F
100
AcDbEntity
  8
Ramales
100
AcDbLine
 10
2044.507940588992
 20
1981.289118161964
 30
0.0
 11
2054.507940588527
 21
1981.289118161964
 31
0.0
  0
LINE
  5
B91
330
1F
100
AcDbEntity
  8
Ramales
100
AcDbLine
 10
2054.507940588527
 20
1981.289118161964
 30
0.0
 11
2064.507940588526
 21
1981.289118161964
 31
0.0
  0
LINE
  5
B92
330
1F
100
AcDbEntity
  8
Ramales
100
AcDbLine
 10
2064.507940588526
 20
1981.289118161964
 30
0.0
 11
2074.507940588526
 21
1981.289118161964
 31
0.0
  0
LINE
  5
B93
330
1F
100
AcDbEntity
  8
Ramales
100
AcDbLine
 10
2074.507940588526
 20
1981.289118161964
 30
0.0
 11
2084.507940588526
 21
1981.289118161964
 31
0.0
  0
LINE
  5
B94
330
1F
100
AcDbEntity
  8
Ramales
100
AcDbLine
 10
2084.507940588526
 20
1981.289118161964
 30
0.0
 11
2094.507940588992
 21
1981.289118161964
 31
0.0
  0
LINE
  5
B95
330
1F
100
AcDbEntity
  8
Ramales
100
AcDbLine
 10
2094.507940588992
 20
1981.289118161964
 30
0.0
 11
2104.507940588526
 21
1981.289118161964
 31
0.0
  0
LINE
  5
B96
330
1F
100
AcDbEntity
  8
Ramales
100
AcDbLine
 10
2104.507940588526
 20
1981.289118161964
 30
0.0
 11
2114.507940588526
 21
1981.289118161964
 31
0.0
  0
LINE
  5
B97
330
1F
100
AcDbEntity
  8
Ramales
100
AcDbLine
 10
2114.507940588526
 20
1981.289118161964
 30
0.0
 11
2124.507940588526
 21
1981.289118161964
 31
0.0
  0
LINE
  5
B98
330
1F
100
AcDbEntity
  8
Ramales
100
AcDbLine
 10
2124.507940588526
 20
1981.289118161964
 30
0.0
 11
2134.507940588526
 21
1981.289118161964
 31
0.0
  0
LINE
  5
B99
330
1F
100
AcDbEntity
  8
Ramales
100
AcDbLine
 10
2134.507940587129
 20
1981.289118161964
 30
0.0
 11
2144.507940588527
 21
1981.289118161964
 31
0.0
  0
LINE
  5
B9A
330
1F
100
AcDbEntity
  8
Ramales
100
AcDbLine
 10
2144.507940588527
 20
1981.289118161964
 30
0.0
 11
2154.507940588526
 21
1981.289118161964
 31
0.0
  0
LINE
  5
B9B
330
1F
100
AcDbEntity
  8
Ramales
100
AcDbLine
 10
2044.507940588992
 20
1981.289118161964
 30
0.0
 11
2042.007940587129
 21
1981.289118161964
 31
0.0
  0
LINE
  5
B9C
330
1F
100
AcDbEntity
  8
Ramales
100
AcDbLine
 10
2044.507940588992
 20
1971.289118161964
 30
0.0
 11
2054.507940588527
 21
1971.289118161964
 31
0.0
  0
LINE
  5
B9D
330
1F
100
AcDbEntity
  8
Ramales
100
AcDbLine
 10
2054.507940588527
 20
1971.289118161964
 30
0.0
 11
2064.507940588526
 21
1971.289118161964
 31
0.0
  0
LINE
  5
B9E
330
1F
100
AcDbEntity
  8
Ramales
100
AcDbLine
 10
2064.507940588526
 20
1971.289118161964
 30
0.0
 11
2074.507940588526
 21
1971.289118161964
 31
0.0
  0
LINE
  5
B9F
330
1F
100
AcDbEntity
  8
Ramales
100
AcDbLine
 10
2074.507940588526
 20
1971.289118161964
 30
0.0
 11
2084.507940588526
 21
1971.289118161964
 31
0.0
  0
LINE
  5
BA0
330
1F
100
AcDbEntity
  8
Ramales
100
AcDbLine
 10
2084.507940588526
 20
1971.289118161964
 30
0.0
 11
2094.507940588992
 21
1971.289118161964
 31
0.0
  0
LINE
  5
BA1
330
1F
100
AcDbEntity
  8
Ramales
100
AcDbLine
 10
2094.507940588992
 20
1971.289118161964
 30
0.0
 11
2104.507940588526
 21
1971.289118161964
 31
0.0
  0
LINE
  5
BA2
330
1F
100
AcDbEntity
  8
Ramales
100
AcDbLine
 10
2104.507940588526
 20
1971.289118161964
 30
0.0
 11
2114.507940588526
 21
1971.289118161964
 31
0.0
  0
LINE
  5
BA3
330
1F
100
AcDbEntity
  8
Ramales
100
AcDbLine
 10
2114.507940588526
 20
1971.289118161964
 30
0.0
 11
2124.507940588526
 21
1971.289118161964
 31
0.0
  0
LINE
  5
BA4
330
1F
100
AcDbEntity
  8
Ramales
100
AcDbLine
 10
2124.507940588526
 20
1971.289118161964
 30
0.0
 11
2134.507940588526
 21
1971.289118161964
 31
0.0
  0
LINE
  5
BA5
330
1F
100
AcDbEntity
  8
Ramales
100
AcDbLine
 10
2134.507940587129
 20
1971.289118161964
 30
0.0
 11
2144.507940588527
 21
1971.289118161964
 31
0.0
  0
LINE
  5
BA6
330
1F
100
AcDbEntity
  8
Ramales
100
AcDbLine
 10
2144.507940588527
 20
1971.289118161964
 30
0.0
 11
2154.507940588526
 21
1971.289118161964
 31
0.0
  0
LINE
  5
BA7
330
1F
100
AcDbEntity
  8
Ramales
100
AcDbLine
 10
2044.507940588992
 20
1971.289118161964
 30
0.0
 11
2042.007940587129
 21
1971.289118161964
 31
0.0
  0
LINE
  5
BA8
330
1F
100
AcDbEntity
  8
Ramales
100
AcDbLine
 10
2044.507940588992
 20
1961.289118161964
 30
0.0
 11
2054.507940588527
 21
1961.289118161964
 31
0.0
  0
LINE
  5
BA9
330
1F
100
AcDbEntity
  8
Ramales
100
AcDbLine
 10
2054.507940588527
 20
1961.289118161964
 30
0.0
 11
2064.507940588526
 21
1961.289118161964
 31
0.0
  0
LINE
  5
BAA
330
1F
100
AcDbEntity
  8
Ramales
100
AcDbLine
 10
2064.507940588526
 20
1961.289118161964
 30
0.0
 11
2074.507940588526
 21
1961.289118161964
 31
0.0
  0
LINE
  5
BAB
330
1F
100
AcDbEntity
  8
Ramales
100
AcDbLine
 10
2074.507940588526
 20
1961.289118161964
 30
0.0
 11
2084.507940588526
 21
1961.289118161964
 31
0.0
  0
LINE
  5
BAC
330
1F
100
AcDbEntity
  8
Ramales
100
AcDbLine
 10
2084.507940588526
 20
1961.289118161964
 30
0.0
 11
2094.507940588992
 21
1961.289118161964
 31
0.0
  0
LINE
  5
BAD
330
1F
100
AcDbEntity
  8
Ramales
100
AcDbLine
 10
2094.507940588992
 20
1961.289118161964
 30
0.0
 11
2104.507940588526
 21
1961.289118161964
 31
0.0
  0
LINE
  5
BAE
330
1F
100
AcDbEntity
  8
Ramales
100
AcDbLine
 10
2104.507940588526
 20
1961.289118161964
 30
0.0
 11
2114.507940588526
 21
1961.289118161964
 31
0.0
  0
LINE
  5
BAF
330
1F
100
AcDbEntity
  8
Ramales
100
AcDbLine
 10
2114.507940588526
 20
1961.289118161964
 30
0.0
 11
2124.507940588526
 21
1961.289118161964
 31
0.0
  0
LINE
  5
BB0
330
1F
100
AcDbEntity
  8
Ramales
100
AcDbLine
 10
2124.507940588526
 20
1961.289118161964
 30
0.0
 11
2134.507940588526
 21
1961.289118161964
 31
0.0
  0
LINE
  5
BB1
330
1F
100
AcDbEntity
  8
Ramales
100
AcDbLine
 10
2134.507940587129
 20
1961.289118161964
 30
0.0
 11
2144.507940588527
 21
1961.289118161964
 31
0.0
  0
LINE
  5
BB2
330
1F
100
AcDbEntity
  8
Ramales
100
AcDbLine
 10
2144.507940588527
 20
1961.289118161964
 30
0.0
 11
2154.507940588526
 21
1961.289118161964
 31
0.0
  0
LINE
  5
BB3
330
1F
100
AcDbEntity
  8
Ramales
100
AcDbLine
 10
2044.507940588992
 20
1961.289118161964
 30
0.0
 11
2042.007940587129
 21
1961.289118161964
 31
0.0
  0
LINE
  5
BB4
330
1F
100
AcDbEntity
  8
Ramales
100
AcDbLine
 10
2044.507940588992
 20
1951.289118161964
 30
0.0
 11
2054.507940588527
 21
1951.289118161964
 31
0.0
  0
LINE
  5
BB5
330
1F
100
AcDbEntity
  8
Ramales
100
AcDbLine
 10
2054.507940588527
 20
1951.289118161964
 30
0.0
 11
2064.507940588526
 21
1951.289118161964
 31
0.0
  0
LINE
  5
BB6
330
1F
100
AcDbEntity
  8
Ramales
100
AcDbLine
 10
2064.507940588526
 20
1951.289118161964
 30
0.0
 11
2074.507940588526
 21
1951.289118161964
 31
0.0
  0
LINE
  5
BB7
330
1F
100
AcDbEntity
  8
Ramales
100
AcDbLine
 10
2074.507940588526
 20
1951.289118161964
 30
0.0
 11
2084.507940588526
 21
1951.289118161964
 31
0.0
  0
LINE
  5
BB8
330
1F
100
AcDbEntity
  8
Ramales
100
AcDbLine
 10
2084.507940588526
 20
1951.289118161964
 30
0.0
 11
2094.507940588992
 21
1951.289118161964
 31
0.0
  0
LINE
  5
BB9
330
1F
100
AcDbEntity
  8
Ramales
100
AcDbLine
 10
2094.507940588992
 20
1951.289118161964
 30
0.0
 11
2104.507940588526
 21
1951.289118161964
 31
0.0
  0
LINE
  5
BBA
330
1F
100
AcDbEntity
  8
Ramales
100
AcDbLine
 10
2104.507940588526
 20
1951.289118161964
 30
0.0
 11
2114.507940588526
 21
1951.289118161964
 31
0.0
  0
LINE
  5
BBB
330
1F
100
AcDbEntity
  8
Ramales
100
AcDbLine
 10
2114.507940588526
 20
1951.289118161964
 30
0.0
 11
2124.507940588526
 21
1951.289118161964
 31
0.0
  0
LINE
  5
BBC
330
1F
100
AcDbEntity
  8
Ramales
100
AcDbLine
 10
2124.507940588526
 20
1951.289118161964
 30
0.0
 11
2134.507940588526
 21
1951.289118161964
 31
0.0
  0
LINE
  5
BBD
330
1F
100
AcDbEntity
  8
Ramales
100
AcDbLine
 10
2134.507940587129
 20
1951.289118161964
 30
0.0
 11
2144.507940588527
 21
1951.289118161964
 31
0.0
  0
LINE
  5
BBE
330
1F
100
AcDbEntity
  8
Ramales
100
AcDbLine
 10
2144.507940588527
 20
1951.289118161964
 30
0.0
 11
2154.507940588526
 21
1951.289118161964
 31
0.0
  0
LINE
  5
BBF
330
1F
100
AcDbEntity
  8
Ramales
100
AcDbLine
 10
2044.507940588992
 20
1951.289118161964
 30
0.0
 11
2042.007940587129
 21
1951.289118161498
 31
0.0
  0
LINE
  5
BC0
330
1F
100
AcDbEntity
  8
Ramales
100
AcDbLine
 10
2044.507940588992
 20
1941.289118161964
 30
0.0
 11
2054.507940588527
 21
1941.289118161964
 31
0.0
  0
LINE
  5
BC1
330
1F
100
AcDbEntity
  8
Ramales
100
AcDbLine
 10
2054.507940588527
 20
1941.289118161964
 30
0.0
 11
2064.507940588526
 21
1941.289118161964
 31
0.0
  0
LINE
  5
BC2
330
1F
100
AcDbEntity
  8
Ramales
100
AcDbLine
 10
2064.507940588526
 20
1941.289118161964
 30
0.0
 11
2074.507940588526
 21
1941.289118161964
 31
0.0
  0
LINE
  5
BC3
330
1F
100
AcDbEntity
  8
Ramales
100
AcDbLine
 10
2074.507940588526
 20
1941.289118161964
 30
0.0
 11
2084.507940588526
 21
1941.289118161964
 31
0.0
  0
LINE
  5
BC4
330
1F
100
AcDbEntity
  8
Ramales
100
AcDbLine
 10
2084.507940588526
 20
1941.289118161964
 30
0.0
 11
2094.507940588992
 21
1941.289118161964
 31
0.0
  0
LINE
  5
BC5
330
1F
100
AcDbEntity
  8
Ramales
100
AcDbLine
 10
2094.507940588992
 20
1941.289118161964
 30
0.0
 11
2104.507940588526
 21
1941.289118161964
 31
0.0
  0
LINE
  5
BC6
330
1F
100
AcDbEntity
  8
Ramales
100
AcDbLine
 10
2104.507940588526
 20
1941.289118161964
 30
0.0
 11
2114.507940588526
 21
1941.289118161964
 31
0.0
  0
LINE
  5
BC7
330
1F
100
AcDbEntity
  8
Ramales
100
AcDbLine
 10
2114.507940588526
 20
1941.289118161964
 30
0.0
 11
2124.507940588526
 21
1941.289118161964
 31
0.0
  0
LINE
  5
BC8
330
1F
100
AcDbEntity
  8
Ramales
100
AcDbLine
 10
2124.507940588526
 20
1941.289118161964
 30
0.0
 11
2134.507940588526
 21
1941.289118161964
 31
0.0
  0
LINE
  5
BC9
330
1F
100
AcDbEntity
  8
Ramales
100
AcDbLine
 10
2134.507940587129
 20
1941.289118161964
 30
0.0
 11
2144.507940588527
 21
1941.289118161964
 31
0.0
  0
LINE
  5
BCA
330
1F
100
AcDbEntity
  8
Ramales
100
AcDbLine
 10
2144.507940588527
 20
1941.289118161964
 30
0.0
 11
2154.507940588526
 21
1941.289118161964
 31
0.0
  0
LINE
  5
BCB
330
1F
100
AcDbEntity
  8
Ramales
100
AcDbLine
 10
2044.507940588992
 20
1941.289118161964
 30
0.0
 11
2042.007940587129
 21
1941.289118161964
 31
0.0
  0
LINE
  5
BCC
330
1F
100
AcDbEntity
  8
Ramales
100
AcDbLine
 10
2044.507940588992
 20
1931.289118161964
 30
0.0
 11
2054.507940588527
 21
1931.289118161964
 31
0.0
  0
LINE
  5
BCD
330
1F
100
AcDbEntity
  8
Ramales
100
AcDbLine
 10
2054.507940588527
 20
1931.289118161964
 30
0.0
 11
2064.507940588526
 21
1931.289118161964
 31
0.0
  0
LINE
  5
BCE
330
1F
100
AcDbEntity
  8
Ramales
100
AcDbLine
 10
2064.507940588526
 20
1931.289118161964
 30
0.0
 11
2074.507940588526
 21
1931.289118161964
 31
0.0
  0
LINE
  5
BCF
330
1F
100
AcDbEntity
  8
Ramales
100
AcDbLine
 10
2074.507940588526
 20
1931.289118161964
 30
0.0
 11
2084.507940588526
 21
1931.289118161964
 31
0.0
  0
LINE
  5
BD0
330
1F
100
AcDbEntity
  8
Ramales
100
AcDbLine
 10
2084.507940588526
 20
1931.289118161964
 30
0.0
 11
2094.507940588992
 21
1931.289118161964
 31
0.0
  0
LINE
  5
BD1
330
1F
100
AcDbEntity
  8
Ramales
100
AcDbLine
 10
2094.507940588992
 20
1931.289118161964
 30
0.0
 11
2104.507940588526
 21
1931.289118161964
 31
0.0
  0
LINE
  5
BD2
330
1F
100
AcDbEntity
  8
Ramales
100
AcDbLine
 10
2104.507940588526
 20
1931.289118161964
 30
0.0
 11
2114.507940588526
 21
1931.289118161964
 31
0.0
  0
LINE
  5
BD3
330
1F
100
AcDbEntity
  8
Ramales
100
AcDbLine
 10
2114.507940588526
 20
1931.289118161964
 30
0.0
 11
2124.507940588526
 21
1931.289118161964
 31
0.0
  0
LINE
  5
BD4
330
1F
100
AcDbEntity
  8
Ramales
100
AcDbLine
 10
2124.507940588526
 20
1931.289118161964
 30
0.0
 11
2134.507940588526
 21
1931.289118161964
 31
0.0
  0
LINE
  5
BD5
330
1F
100
AcDbEntity
  8
Ramales
100
AcDbLine
 10
2134.507940587129
 20
1931.289118161964
 30
0.0
 11
2144.507940588527
 21
1931.289118161964
 31
0.0
  0
LINE
  5
BD6
330
1F
100
AcDbEntity
  8
Ramales
100
AcDbLine
 10
2144.507940588527
 20
1931.289118161964
 30
0.0
 11
2154.507940588526
 21
1931.289118161964
 31
0.0
  0
LINE
  5
BD7
330
1F
100
AcDbEntity
  8
Ramales
100
AcDbLine
 10
2044.507940588992
 20
1931.289118161964
 30
0.0
 11
2042.007940587129
 21
1931.289118161964
 31
0.0
  0
LINE
  5
BD8
330
1F
100
AcDbEntity
  8
Ramales
100
AcDbLine
 10
2044.507940588992
 20
1921.289118161964
 30
0.0
 11
2054.507940588527
 21
1921.289118161964
 31
0.0
  0
LINE
  5
BD9
330
1F
100
AcDbEntity
  8
Ramales
100
AcDbLine
 10
2054.507940588527
 20
1921.289118161964
 30
0.0
 11
2064.507940588526
 21
1921.289118161964
 31
0.0
  0
LINE
  5
BDA
330
1F
100
AcDbEntity
  8
Ramales
100
AcDbLine
 10
2064.507940588526
 20
1921.289118161964
 30
0.0
 11
2074.507940588526
 21
1921.289118161964
 31
0.0
  0
LINE
  5
BDB
330
1F
100
AcDbEntity
  8
Ramales
100
AcDbLine
 10
2074.507940588526
 20
1921.289118161964
 30
0.0
 11
2084.507940588526
 21
1921.289118161964
 31
0.0
  0
LINE
  5
BDC
330
1F
100
AcDbEntity
  8
Ramales
100
AcDbLine
 10
2084.507940588526
 20
1921.289118161964
 30
0.0
 11
2094.507940588992
 21
1921.289118161964
 31
0.0
  0
LINE
  5
BDD
330
1F
100
AcDbEntity
  8
Ramales
100
AcDbLine
 10
2094.507940588992
 20
1921.289118161964
 30
0.0
 11
2104.507940588526
 21
1921.289118161964
 31
0.0
  0
LINE
  5
BDE
330
1F
100
AcDbEntity
  8
Ramales
100
AcDbLine
 10
2104.507940588526
 20
1921.289118161964
 30
0.0
 11
2114.507940588526
 21
1921.289118161964
 31
0.0
  0
LINE
  5
BDF
330
1F
100
AcDbEntity
  8
Ramales
100
AcDbLine
 10
2114.507940588526
 20
1921.289118161964
 30
0.0
 11
2124.507940588526
 21
1921.289118161964
 31
0.0
  0
LINE
  5
BE0
330
1F
100
AcDbEntity
  8
Ramales
100
AcDbLine
 10
2124.507940588526
 20
1921.289118161964
 30
0.0
 11
2134.507940588526
 21
1921.289118161964
 31
0.0
  0
LINE
  5
BE1
330
1F
100
AcDbEntity
  8
Ramales
100
AcDbLine
 10
2134.507940587129
 20
1921.289118161964
 30
0.0
 11
2144.507940588527
 21
1921.289118161964
 31
0.0
  0
LINE
  5
BE2
330
1F
100
AcDbEntity
  8
Ramales
100
AcDbLine
 10
2144.507940588527
 20
1921.289118161964
 30
0.0
 11
2154.507940588526
 21
1921.289118161964
 31
0.0
  0
LINE
  5
BE3
330
1F
100
AcDbEntity
  8
Ramales
100
AcDbLine
 10
2044.507940588992
 20
1921.289118161964
 30
0.0
 11
2042.007940587129
 21
1921.289118161964
 31
0.0
  0
LINE
  5
BE4
330
1F
100
AcDbEntity
  8
Ramales
100
AcDbLine
 10
2044.507940588992
 20
1911.289118163361
 30
0.0
 11
2054.507940588527
 21
1911.289118163361
 31
0.0
  0
LINE
  5
BE5
330
1F
100
AcDbEntity
  8
Ramales
100
AcDbLine
 10
2054.507940588527
 20
1911.289118163361
 30
0.0
 11
2064.507940588526
 21
1911.289118163361
 31
0.0
  0
LINE
  5
BE6
330
1F
100
AcDbEntity
  8
Ramales
100
AcDbLine
 10
2064.507940588526
 20
1911.289118163361
 30
0.0
 11
2074.507940588526
 21
1911.289118163361
 31
0.0
  0
LINE
  5
BE7
330
1F
100
AcDbEntity
  8
Ramales
100
AcDbLine
 10
2074.507940588526
 20
1911.289118163361
 30
0.0
 11
2084.507940588526
 21
1911.289118163361
 31
0.0
  0
LINE
  5
BE8
330
1F
100
AcDbEntity
  8
Ramales
100
AcDbLine
 10
2084.507940588526
 20
1911.289118163361
 30
0.0
 11
2094.507940588992
 21
1911.289118163361
 31
0.0
  0
LINE
  5
BE9
330
1F
100
AcDbEntity
  8
Ramales
100
AcDbLine
 10
2094.507940588992
 20
1911.289118163361
 30
0.0
 11
2104.507940588526
 21
1911.289118163361
 31
0.0
  0
LINE
  5
BEA
330
1F
100
AcDbEntity
  8
Ramales
100
AcDbLine
 10
2104.507940588526
 20
1911.289118163361
 30
0.0
 11
2114.507940588526
 21
1911.289118163361
 31
0.0
  0
LINE
  5
BEB
330
1F
100
AcDbEntity
  8
Ramales
100
AcDbLine
 10
2114.507940588526
 20
1911.289118163361
 30
0.0
 11
2124.507940588526
 21
1911.289118163361
 31
0.0
  0
LINE
  5
BEC
330
1F
100
AcDbEntity
  8
Ramales
100
AcDbLine
 10
2124.507940588526
 20
1911.289118163361
 30
0.0
 11
2134.507940588526
 21
1911.289118163361
 31
0.0
  0
LINE
  5
BED
330
1F
100
AcDbEntity
  8
Ramales
100
AcDbLine
 10
2134.507940587129
 20
1911.289118163361
 30
0.0
 11
2144.507940588527
 21
1911.289118163361
 31
0.0
  0
LINE
  5
BEE
330
1F
100
AcDbEntity
  8
Ramales
100
AcDbLine
 10
2144.507940588527
 20
1911.289118163361
 30
0.0
 11
2154.507940588526
 21
1911.289118163361
 31
0.0
  0
LINE
  5
BEF
330
1F
100
AcDbEntity
  8
Ramales
100
AcDbLine
 10
2044.507940588992
 20
1911.289118163361
 30
0.0
 11
2042.007940587129
 21
1911.289118161964
 31
0.0
  0
LINE
  5
BF0
330
1F
100
AcDbEntity
  8
Ramales
100
AcDbLine
 10
2044.507940588992
 20
1901.289118161964
 30
0.0
 11
2054.507940588527
 21
1901.289118161964
 31
0.0
  0
LINE
  5
BF1
330
1F
100
AcDbEntity
  8
Ramales
100
AcDbLine
 10
2054.507940588527
 20
1901.289118161964
 30
0.0
 11
2064.507940588526
 21
1901.289118161964
 31
0.0
  0
LINE
  5
BF2
330
1F
100
AcDbEntity
  8
Ramales
100
AcDbLine
 10
2064.507940588526
 20
1901.289118161964
 30
0.0
 11
2074.507940588526
 21
1901.289118161964
 31
0.0
  0
LINE
  5
BF3
330
1F
100
AcDbEntity
  8
Ramales
100
AcDbLine
 10
2074.507940588526
 20
1901.289118161964
 30
0.0
 11
2084.507940588526
 21
1901.289118161964
 31
0.0
  0
LINE
  5
BF4
330
1F
100
AcDbEntity
  8
Ramales
100
AcDbLine
 10
2084.507940588526
 20
1901.289118161964
 30
0.0
 11
2094.507940588992
 21
1901.289118161964
 31
0.0
  0
LINE
  5
BF5
330
1F
100
AcDbEntity
  8
Ramales
100
AcDbLine
 10
2094.507940588992
 20
1901.289118161964
 30
0.0
 11
2104.507940588526
 21
1901.289118161964
 31
0.0
  0
LINE
  5
BF6
330
1F
100
AcDbEntity
  8
Ramales
100
AcDbLine
 10
2104.507940588526
 20
1901.289118161964
 30
0.0
 11
2114.507940588526
 21
1901.289118161964
 31
0.0
  0
LINE
  5
BF7
330
1F
100
AcDbEntity
  8
Ramales
100
AcDbLine
 10
2114.507940588526
 20
1901.289118161964
 30
0.0
 11
2124.507940588526
 21
1901.289118161964
 31
0.0
  0
LINE
  5
BF8
330
1F
100
AcDbEntity
  8
Ramales
100
AcDbLine
 10
2124.507940588526
 20
1901.289118161964
 30
0.0
 11
2134.507940588526
 21
1901.289118161964
 31
0.0
  0
LINE
  5
BF9
330
1F
100
AcDbEntity
  8
Ramales
100
AcDbLine
 10
2134.507940587129
 20
1901.289118161964
 30
0.0
 11
2144.507940588527
 21
1901.289118161964
 31
0.0
  0
LINE
  5
BFA
330
1F
100
AcDbEntity
  8
Ramales
100
AcDbLine
 10
2144.507940588527
 20
1901.289118161964
 30
0.0
 11
2154.507940588526
 21
1901.289118161964
 31
0.0
  0
LINE
  5
BFB
330
1F
100
AcDbEntity
  8
Ramales
100
AcDbLine
 10
2044.507940588992
 20
1901.289118161964
 30
0.0
 11
2042.007940587129
 21
1901.289118161964
 31
0.0
  0
LINE
  5
BFC
330
1F
100
AcDbEntity
  8
Ramales
100
AcDbLine
 10
2044.507940588992
 20
1891.289118161964
 30
0.0
 11
2054.507940588527
 21
1891.289118161964
 31
0.0
  0
LINE
  5
BFD
330
1F
100
AcDbEntity
  8
Ramales
100
AcDbLine
 10
2054.507940588527
 20
1891.289118161964
 30
0.0
 11
2064.507940588526
 21
1891.289118161964
 31
0.0
  0
LINE
  5
BFE
330
1F
100
AcDbEntity
  8
Ramales
100
AcDbLine
 10
2064.507940588526
 20
1891.289118161964
 30
0.0
 11
2074.507940588526
 21
1891.289118161964
 31
0.0
  0
LINE
  5
BFF
330
1F
100
AcDbEntity
  8
Ramales
100
AcDbLine
 10
2074.507940588526
 20
1891.289118161964
 30
0.0
 11
2084.507940588526
 21
1891.289118161964
 31
0.0
  0
LINE
  5
C00
330
1F
100
AcDbEntity
  8
Ramales
100
AcDbLine
 10
2084.507940588526
 20
1891.289118161964
 30
0.0
 11
2094.507940588992
 21
1891.289118161964
 31
0.0
  0
LINE
  5
C01
330
1F
100
AcDbEntity
  8
Ramales
100
AcDbLine
 10
2094.507940588992
 20
1891.289118161964
 30
0.0
 11
2104.507940588526
 21
1891.289118161964
 31
0.0
  0
LINE
  5
C02
330
1F
100
AcDbEntity
  8
Ramales
100
AcDbLine
 10
2104.507940588526
 20
1891.289118161964
 30
0.0
 11
2114.507940588526
 21
1891.289118161964
 31
0.0
  0
LINE
  5
C03
330
1F
100
AcDbEntity
  8
Ramales
100
AcDbLine
 10
2114.507940588526
 20
1891.289118161964
 30
0.0
 11
2124.507940588526
 21
1891.289118161964
 31
0.0
  0
LINE
  5
C04
330
1F
100
AcDbEntity
  8
Ramales
100
AcDbLine
 10
2124.507940588526
 20
1891.289118161964
 30
0.0
 11
2134.507940588526
 21
1891.289118161964
 31
0.0
  0
LINE
  5
C05
330
1F
100
AcDbEntity
  8
Ramales
100
AcDbLine
 10
2134.507940587129
 20
1891.289118161964
 30
0.0
 11
2144.507940588527
 21
1891.289118161964
 31
0.0
  0
LINE
  5
C06
330
1F
100
AcDbEntity
  8
Ramales
100
AcDbLine
 10
2144.507940588527
 20
1891.289118161964
 30
0.0
 11
2154.507940588526
 21
1891.289118161964
 31
0.0
  0
LINE
  5
C07
330
1F
100
AcDbEntity
  8
Ramales
100
AcDbLine
 10
2044.507940588992
 20
1891.289118161964
 30
0.0
 11
2042.007940587129
 21
1891.289118161964
 31
0.0
  0
LINE
  5
C08
330
1F
100
AcDbEntity
  8
Ramales
100
AcDbLine
 10
2044.507940588992
 20
1881.289118161964
 30
0.0
 11
2054.507940588527
 21
1881.289118161964
 31
0.0
  0
LINE
  5
C09
330
1F
100
AcDbEntity
  8
Ramales
100
AcDbLine
 10
2054.507940588527
 20
1881.289118161964
 30
0.0
 11
2064.507940588526
 21
1881.289118161964
 31
0.0
  0
LINE
  5
C0A
330
1F
100
AcDbEntity
  8
Ramales
100
AcDbLine
 10
2064.507940588526
 20
1881.289118161964
 30
0.0
 11
2074.507940588526
 21
1881.289118161964
 31
0.0
  0
LINE
  5
C0B
330
1F
100
AcDbEntity
  8
Ramales
100
AcDbLine
 10
2074.507940588526
 20
1881.289118161964
 30
0.0
 11
2084.507940588526
 21
1881.289118161964
 31
0.0
  0
LINE
  5
C0C
330
1F
100
AcDbEntity
  8
Ramales
100
AcDbLine
 10
2084.507940588526
 20
1881.289118161964
 30
0.0
 11
2094.507940588992
 21
1881.289118161964
 31
0.0
  0
LINE
  5
C0D
330
1F
100
AcDbEntity
  8
Ramales
100
AcDbLine
 10
2094.507940588992
 20
1881.289118161964
 30
0.0
 11
2104.507940588526
 21
1881.289118161964
 31
0.0
  0
LINE
  5
C0E
330
1F
100
AcDbEntity
  8
Ramales
100
AcDbLine
 10
2104.507940588526
 20
1881.289118161964
 30
0.0
 11
2114.507940588526
 21
1881.289118161964
 31
0.0
  0
LINE
  5
C0F
330
1F
100
AcDbEntity
  8
Ramales
100
AcDbLine
 10
2114.507940588526
 20
1881.289118161964
 30
0.0
 11
2124.507940588526
 21
1881.289118161964
 31
0.0
  0
LINE
  5
C10
330
1F
100
AcDbEntity
  8
Ramales
100
AcDbLine
 10
2124.507940588526
 20
1881.289118161964
 30
0.0
 11
2134.507940588526
 21
1881.289118161964
 31
0.0
  0
LINE
  5
C11
330
1F
100
AcDbEntity
  8
Ramales
100
AcDbLine
 10
2134.507940587129
 20
1881.289118161964
 30
0.0
 11
2144.507940588527
 21
1881.289118161964
 31
0.0
  0
LINE
  5
C12
330
1F
100
AcDbEntity
  8
Ramales
100
AcDbLine
 10
2144.507940588527
 20
1881.289118161964
 30
0.0
 11
2154.507940588526
 21
1881.289118161964
 31
0.0
  0
LINE
  5
C13
330
1F
100
AcDbEntity
  8
Ramales
100
AcDbLine
 10
2044.507940588992
 20
1881.289118161964
 30
0.0
 11
2042.007940587129
 21
1881.289118161964
 31
0.0
  0
LINE
  5
C14
330
1F
100
AcDbEntity
  8
Ramales
100
AcDbLine
 10
2044.507940588992
 20
1871.289118161964
 30
0.0
 11
2054.507940588527
 21
1871.289118161964
 31
0.0
  0
LINE
  5
C15
330
1F
100
AcDbEntity
  8
Ramales
100
AcDbLine
 10
2054.507940588527
 20
1871.289118161964
 30
0.0
 11
2064.507940588526
 21
1871.289118161964
 31
0.0
  0
LINE
  5
C16
330
1F
100
AcDbEntity
  8
Ramales
100
AcDbLine
 10
2064.507940588526
 20
1871.289118161964
 30
0.0
 11
2074.507940588526
 21
1871.289118161964
 31
0.0
  0
LINE
  5
C17
330
1F
100
AcDbEntity
  8
Ramales
100
AcDbLine
 10
2074.507940588526
 20
1871.289118161964
 30
0.0
 11
2084.507940588526
 21
1871.289118161964
 31
0.0
  0
LINE
  5
C18
330
1F
100
AcDbEntity
  8
Ramales
100
AcDbLine
 10
2084.507940588526
 20
1871.289118161964
 30
0.0
 11
2094.507940588992
 21
1871.289118161964
 31
0.0
  0
LINE
  5
C19
330
1F
100
AcDbEntity
  8
Ramales
100
AcDbLine
 10
2094.507940588992
 20
1871.289118161964
 30
0.0
 11
2104.507940588526
 21
1871.289118161964
 31
0.0
  0
LINE
  5
C1A
330
1F
100
AcDbEntity
  8
Ramales
100
AcDbLine
 10
2104.507940588526
 20
1871.289118161964
 30
0.0
 11
2114.507940588526
 21
1871.289118161964
 31
0.0
  0
LINE
  5
C1B
330
1F
100
AcDbEntity
  8
Ramales
100
AcDbLine
 10
2114.507940588526
 20
1871.289118161964
 30
0.0
 11
2124.507940588526
 21
1871.289118161964
 31
0.0
  0
LINE
  5
C1C
330
1F
100
AcDbEntity
  8
Ramales
100
AcDbLine
 10
2124.507940588526
 20
1871.289118161964
 30
0.0
 11
2134.507940588526
 21
1871.289118161964
 31
0.0
  0
LINE
  5
C1D
330
1F
100
AcDbEntity
  8
Ramales
100
AcDbLine
 10
2134.507940587129
 20
1871.289118161964
 30
0.0
 11
2144.507940588527
 21
1871.289118161964
 31
0.0
  0
LINE
  5
C1E
330
1F
100
AcDbEntity
  8
Ramales
100
AcDbLine
 10
2144.507940588527
 20
1871.289118161964
 30
0.0
 11
2154.507940588526
 21
1871.289118161964
 31
0.0
  0
LINE
  5
C1F
330
1F
100
AcDbEntity
  8
Ramales
100
AcDbLine
 10
2044.507940588992
 20
1871.289118161964
 30
0.0
 11
2042.007940587129
 21
1871.289118161964
 31
0.0
  0
LINE
  5
C20
330
1F
100
AcDbEntity
  8
Ramales
100
AcDbLine
 10
2044.507940588992
 20
1861.289118161964
 30
0.0
 11
2054.507940588527
 21
1861.289118161964
 31
0.0
  0
LINE
  5
C21
330
1F
100
AcDbEntity
  8
Ramales
100
AcDbLine
 10
2054.507940588527
 20
1861.289118161964
 30
0.0
 11
2064.507940588526
 21
1861.289118161964
 31
0.0
  0
LINE
  5
C22
330
1F
100
AcDbEntity
  8
Ramales
100
AcDbLine
 10
2064.507940588526
 20
1861.289118161964
 30
0.0
 11
2074.507940588526
 21
1861.289118161964
 31
0.0
  0
LINE
  5
C23
330
1F
100
AcDbEntity
  8
Ramales
100
AcDbLine
 10
2074.507940588526
 20
1861.289118161964
 30
0.0
 11
2084.507940588526
 21
1861.289118161964
 31
0.0
  0
LINE
  5
C24
330
1F
100
AcDbEntity
  8
Ramales
100
AcDbLine
 10
2084.507940588526
 20
1861.289118161964
 30
0.0
 11
2094.507940588992
 21
1861.289118161964
 31
0.0
  0
LINE
  5
C25
330
1F
100
AcDbEntity
  8
Ramales
100
AcDbLine
 10
2094.507940588992
 20
1861.289118161964
 30
0.0
 11
2104.507940588526
 21
1861.289118161964
 31
0.0
  0
LINE
  5
C26
330
1F
100
AcDbEntity
  8
Ramales
100
AcDbLine
 10
2104.507940588526
 20
1861.289118161964
 30
0.0
 11
2114.507940588526
 21
1861.289118161964
 31
0.0
  0
LINE
  5
C27
330
1F
100
AcDbEntity
  8
Ramales
100
AcDbLine
 10
2114.507940588526
 20
1861.289118161964
 30
0.0
 11
2124.507940588526
 21
1861.289118161964
 31
0.0
  0
LINE
  5
C28
330
1F
100
AcDbEntity
  8
Ramales
100
AcDbLine
 10
2124.507940588526
 20
1861.289118161964
 30
0.0
 11
2134.507940588526
 21
1861.289118161964
 31
0.0
  0
LINE
  5
C29
330
1F
100
AcDbEntity
  8
Ramales
100
AcDbLine
 10
2134.507940587129
 20
1861.289118161964
 30
0.0
 11
2144.507940588527
 21
1861.289118161964
 31
0.0
  0
LINE
  5
C2A
330
1F
100
AcDbEntity
  8
Ramales
100
AcDbLine
 10
2144.507940588527
 20
1861.289118161964
 30
0.0
 11
2154.507940588526
 21
1861.289118161964
 31
0.0
  0
LINE
  5
C2B
330
1F
100
AcDbEntity
  8
Ramales
100
AcDbLine
 10
2044.507940588992
 20
1861.289118161964
 30
0.0
 11
2042.007940587129
 21
1861.289118161964
 31
0.0
  0
LINE
  5
C2C
330
1F
100
AcDbEntity
  8
Ramales
100
AcDbLine
 10
2044.507940588992
 20
1851.289118161964
 30
0.0
 11
2054.507940588527
 21
1851.289118161964
 31
0.0
  0
LINE
  5
C2D
330
1F
100
AcDbEntity
  8
Ramales
100
AcDbLine
 10
2054.507940588527
 20
1851.289118161964
 30
0.0
 11
2064.507940588526
 21
1851.289118161964
 31
0.0
  0
LINE
  5
C2E
330
1F
100
AcDbEntity
  8
Ramales
100
AcDbLine
 10
2064.507940588526
 20
1851.289118161964
 30
0.0
 11
2074.507940588526
 21
1851.289118161964
 31
0.0
  0
LINE
  5
C2F
330
1F
100
AcDbEntity
  8
Ramales
100
AcDbLine
 10
2074.507940588526
 20
1851.289118161964
 30
0.0
 11
2084.507940588526
 21
1851.289118161964
 31
0.0
  0
LINE
  5
C30
330
1F
100
AcDbEntity
  8
Ramales
100
AcDbLine
 10
2084.507940588526
 20
1851.289118161964
 30
0.0
 11
2094.507940588992
 21
1851.289118161964
 31
0.0
  0
LINE
  5
C31
330
1F
100
AcDbEntity
  8
Ramales
100
AcDbLine
 10
2094.507940588992
 20
1851.289118161964
 30
0.0
 11
2104.507940588526
 21
1851.289118161964
 31
0.0
  0
LINE
  5
C32
330
1F
100
AcDbEntity
  8
Ramales
100
AcDbLine
 10
2104.507940588526
 20
1851.289118161964
 30
0.0
 11
2114.507940588526
 21
1851.289118161964
 31
0.0
  0
LINE
  5
C33
330
1F
100
AcDbEntity
  8
Ramales
100
AcDbLine
 10
2114.507940588526
 20
1851.289118161964
 30
0.0
 11
2124.507940588526
 21
1851.289118161964
 31
0.0
  0
LINE
  5
C34
330
1F
100
AcDbEntity
  8
Ramales
100
AcDbLine
 10
2124.507940588526
 20
1851.289118161964
 30
0.0
 11
2134.507940588526
 21
1851.289118161964
 31
0.0
  0
LINE
  5
C35
330
1F
100
AcDbEntity
  8
Ramales
100
AcDbLine
 10
2134.507940587129
 20
1851.289118161964
 30
0.0
 11
2144.507940588527
 21
1851.289118161964
 31
0.0
  0
LINE
  5
C36
330
1F
100
AcDbEntity
  8
Ramales
100
AcDbLine
 10
2144.507940588527
 20
1851.289118161964
 30
0.0
 11
2154.507940588526
 21
1851.289118161964
 31
0.0
  0
LINE
  5
C37
330
1F
100
AcDbEntity
  8
Ramales
100
AcDbLine
 10
2044.507940588992
 20
1851.289118161964
 30
0.0
 11
2042.007940587129
 21
1851.289118161964
 31
0.0
  0
LINE
  5
C38
330
1F
100
AcDbEntity
  8
Ramales
100
AcDbLine
 10
2044.507940588992
 20
1841.289118163361
 30
0.0
 11
2054.507940588527
 21
1841.289118163361
 31
0.0
  0
LINE
  5
C39
330
1F
100
AcDbEntity
  8
Ramales
100
AcDbLine
 10
2054.507940588527
 20
1841.289118163361
 30
0.0
 11
2064.507940588526
 21
1841.289118163361
 31
0.0
  0
LINE
  5
C3A
330
1F
100
AcDbEntity
  8
Ramales
100
AcDbLine
 10
2064.507940588526
 20
1841.289118163361
 30
0.0
 11
2074.507940588526
 21
1841.289118163361
 31
0.0
  0
LINE
  5
C3B
330
1F
100
AcDbEntity
  8
Ramales
100
AcDbLine
 10
2074.507940588526
 20
1841.289118163361
 30
0.0
 11
2084.507940588526
 21
1841.289118163361
 31
0.0
  0
LINE
  5
C3C
330
1F
100
AcDbEntity
  8
Ramales
100
AcDbLine
 10
2084.507940588526
 20
1841.289118163361
 30
0.0
 11
2094.507940588992
 21
1841.289118163361
 31
0.0
  0
LINE
  5
C3D
330
1F
100
AcDbEntity
  8
Ramales
100
AcDbLine
 10
2094.507940588992
 20
1841.289118163361
 30
0.0
 11
2104.507940588526
 21
1841.289118163361
 31
0.0
  0
LINE
  5
C3E
330
1F
100
AcDbEntity
  8
Ramales
100
AcDbLine
 10
2104.507940588526
 20
1841.289118163361
 30
0.0
 11
2114.507940588526
 21
1841.289118163361
 31
0.0
  0
LINE
  5
C3F
330
1F
100
AcDbEntity
  8
Ramales
100
AcDbLine
 10
2114.507940588526
 20
1841.289118163361
 30
0.0
 11
2124.507940588526
 21
1841.289118163361
 31
0.0
  0
LINE
  5
C40
330
1F
100
AcDbEntity
  8
Ramales
100
AcDbLine
 10
2124.507940588526
 20
1841.289118163361
 30
0.0
 11
2134.507940588526
 21
1841.289118163361
 31
0.0
  0
LINE
  5
C41
330
1F
100
AcDbEntity
  8
Ramales
100
AcDbLine
 10
2134.507940587129
 20
1841.289118163361
 30
0.0
 11
2144.507940588527
 21
1841.289118163361
 31
0.0
  0
LINE
  5
C42
330
1F
100
AcDbEntity
  8
Ramales
100
AcDbLine
 10
2144.507940588527
 20
1841.289118163361
 30
0.0
 11
2154.507940588526
 21
1841.289118163361
 31
0.0
  0
LINE
  5
C43
330
1F
100
AcDbEntity
  8
Ramales
100
AcDbLine
 10
2044.507940588992
 20
1841.289118163361
 30
0.0
 11
2042.007940587129
 21
1841.289118161964
 31
0.0
  0
LINE
  5
C44
330
1F
100
AcDbEntity
  8
Ramales
100
AcDbLine
 10
2044.507940588992
 20
1831.289118161964
 30
0.0
 11
2054.507940588527
 21
1831.289118161964
 31
0.0
  0
LINE
  5
C45
330
1F
100
AcDbEntity
  8
Ramales
100
AcDbLine
 10
2054.507940588527
 20
1831.289118161964
 30
0.0
 11
2064.507940588526
 21
1831.289118161964
 31
0.0
  0
LINE
  5
C46
330
1F
100
AcDbEntity
  8
Ramales
100
AcDbLine
 10
2064.507940588526
 20
1831.289118161964
 30
0.0
 11
2074.507940588526
 21
1831.289118161964
 31
0.0
  0
LINE
  5
C47
330
1F
100
AcDbEntity
  8
Ramales
100
AcDbLine
 10
2074.507940588526
 20
1831.289118161964
 30
0.0
 11
2084.507940588526
 21
1831.289118161964
 31
0.0
  0
LINE
  5
C48
330
1F
100
AcDbEntity
  8
Ramales
100
AcDbLine
 10
2084.507940588526
 20
1831.289118161964
 30
0.0
 11
2094.507940588992
 21
1831.289118161964
 31
0.0
  0
LINE
  5
C49
330
1F
100
AcDbEntity
  8
Ramales
100
AcDbLine
 10
2094.507940588992
 20
1831.289118161964
 30
0.0
 11
2104.507940588526
 21
1831.289118161964
 31
0.0
  0
LINE
  5
C4A
330
1F
100
AcDbEntity
  8
Ramales
100
AcDbLine
 10
2104.507940588526
 20
1831.289118161964
 30
0.0
 11
2114.507940588526
 21
1831.289118161964
 31
0.0
  0
LINE
  5
C4B
330
1F
100
AcDbEntity
  8
Ramales
100
AcDbLine
 10
2114.507940588526
 20
1831.289118161964
 30
0.0
 11
2124.507940588526
 21
1831.289118161964
 31
0.0
  0
LINE
  5
C4C
330
1F
100
AcDbEntity
  8
Ramales
100
AcDbLine
 10
2124.507940588526
 20
1831.289118161964
 30
0.0
 11
2134.507940588526
 21
1831.289118161964
 31
0.0
  0
LINE
  5
C4D
330
1F
100
AcDbEntity
  8
Ramales
100
AcDbLine
 10
2134.507940587129
 20
1831.289118161964
 30
0.0
 11
2144.507940588527
 21
1831.289118161964
 31
0.0
  0
LINE
  5
C4E
330
1F
100
AcDbEntity
  8
Ramales
100
AcDbLine
 10
2144.507940588527
 20
1831.289118161964
 30
0.0
 11
2154.507940588526
 21
1831.289118161964
 31
0.0
  0
LINE
  5
C4F
330
1F
100
AcDbEntity
  8
Ramales
100
AcDbLine
 10
2044.507940588992
 20
1831.289118161964
 30
0.0
 11
2042.007940587129
 21
1831.289118161964
 31
0.0
  0
LINE
  5
C50
330
1F
100
AcDbEntity
  8
Ramales
100
AcDbLine
 10
2044.507940588992
 20
1821.289118161964
 30
0.0
 11
2054.507940588527
 21
1821.289118161964
 31
0.0
  0
LINE
  5
C51
330
1F
100
AcDbEntity
  8
Ramales
100
AcDbLine
 10
2054.507940588527
 20
1821.289118161964
 30
0.0
 11
2064.507940588526
 21
1821.289118161964
 31
0.0
  0
LINE
  5
C52
330
1F
100
AcDbEntity
  8
Ramales
100
AcDbLine
 10
2064.507940588526
 20
1821.289118161964
 30
0.0
 11
2074.507940588526
 21
1821.289118161964
 31
0.0
  0
LINE
  5
C53
330
1F
100
AcDbEntity
  8
Ramales
100
AcDbLine
 10
2074.507940588526
 20
1821.289118161964
 30
0.0
 11
2084.507940588526
 21
1821.289118161964
 31
0.0
  0
LINE
  5
C54
330
1F
100
AcDbEntity
  8
Ramales
100
AcDbLine
 10
2084.507940588526
 20
1821.289118161964
 30
0.0
 11
2094.507940588992
 21
1821.289118161964
 31
0.0
  0
LINE
  5
C55
330
1F
100
AcDbEntity
  8
Ramales
100
AcDbLine
 10
2094.507940588992
 20
1821.289118161964
 30
0.0
 11
2104.507940588526
 21
1821.289118161964
 31
0.0
  0
LINE
  5
C56
330
1F
100
AcDbEntity
  8
Ramales
100
AcDbLine
 10
2104.507940588526
 20
1821.289118161964
 30
0.0
 11
2114.507940588526
 21
1821.289118161964
 31
0.0
  0
LINE
  5
C57
330
1F
100
AcDbEntity
  8
Ramales
100
AcDbLine
 10
2114.507940588526
 20
1821.289118161964
 30
0.0
 11
2124.507940588526
 21
1821.289118161964
 31
0.0
  0
LINE
  5
C58
330
1F
100
AcDbEntity
  8
Ramales
100
AcDbLine
 10
2124.507940588526
 20
1821.289118161964
 30
0.0
 11
2134.507940588526
 21
1821.289118161964
 31
0.0
  0
LINE
  5
C59
330
1F
100
AcDbEntity
  8
Ramales
100
AcDbLine
 10
2134.507940587129
 20
1821.289118161964
 30
0.0
 11
2144.507940588527
 21
1821.289118161964
 31
0.0
  0
LINE
  5
C5A
330
1F
100
AcDbEntity
  8
Ramales
100
AcDbLine
 10
2144.507940588527
 20
1821.289118161964
 30
0.0
 11
2154.507940588526
 21
1821.289118161964
 31
0.0
  0
LINE
  5
C5B
330
1F
100
AcDbEntity
  8
Ramales
100
AcDbLine
 10
2044.507940588992
 20
1821.289118161964
 30
0.0
 11
2042.007940587129
 21
1821.289118161964
 31
0.0
  0
LINE
  5
C5C
330
1F
100
AcDbEntity
  8
Ramales
100
AcDbLine
 10
2044.507940588992
 20
1811.289118161964
 30
0.0
 11
2054.507940588527
 21
1811.289118161964
 31
0.0
  0
LINE
  5
C5D
330
1F
100
AcDbEntity
  8
Ramales
100
AcDbLine
 10
2054.507940588527
 20
1811.289118161964
 30
0.0
 11
2064.507940588526
 21
1811.289118161964
 31
0.0
  0
LINE
  5
C5E
330
1F
100
AcDbEntity
  8
Ramales
100
AcDbLine
 10
2064.507940588526
 20
1811.289118161964
 30
0.0
 11
2074.507940588526
 21
1811.289118161964
 31
0.0
  0
LINE
  5
C5F
330
1F
100
AcDbEntity
  8
Ramales
100
AcDbLine
 10
2074.507940588526
 20
1811.289118161964
 30
0.0
 11
2084.507940588526
 21
1811.289118161964
 31
0.0
  0
LINE
  5
C60
330
1F
100
AcDbEntity
  8
Ramales
100
AcDbLine
 10
2084.507940588526
 20
1811.289118161964
 30
0.0
 11
2094.507940588992
 21
1811.289118161964
 31
0.0
  0
LINE
  5
C61
330
1F
100
AcDbEntity
  8
Ramales
100
AcDbLine
 10
2094.507940588992
 20
1811.289118161964
 30
0.0
 11
2104.507940588526
 21
1811.289118161964
 31
0.0
  0
LINE
  5
C62
330
1F
100
AcDbEntity
  8
Ramales
100
AcDbLine
 10
2104.507940588526
 20
1811.289118161964
 30
0.0
 11
2114.507940588526
 21
1811.289118161964
 31
0.0
  0
LINE
  5
C63
330
1F
100
AcDbEntity
  8
Ramales
100
AcDbLine
 10
2114.507940588526
 20
1811.289118161964
 30
0.0
 11
2124.507940588526
 21
1811.289118161964
 31
0.0
  0
LINE
  5
C64
330
1F
100
AcDbEntity
  8
Ramales
100
AcDbLine
 10
2124.507940588526
 20
1811.289118161964
 30
0.0
 11
2134.507940588526
 21
1811.289118161964
 31
0.0
  0
LINE
  5
C65
330
1F
100
AcDbEntity
  8
Ramales
100
AcDbLine
 10
2134.507940587129
 20
1811.289118161964
 30
0.0
 11
2144.507940588527
 21
1811.289118161964
 31
0.0
  0
LINE
  5
C66
330
1F
100
AcDbEntity
  8
Ramales
100
AcDbLine
 10
2144.507940588527
 20
1811.289118161964
 30
0.0
 11
2154.507940588526
 21
1811.289118161964
 31
0.0
  0
LINE
  5
C67
330
1F
100
AcDbEntity
  8
Ramales
100
AcDbLine
 10
2044.507940588992
 20
1811.289118161964
 30
0.0
 11
2042.007940587129
 21
1811.289118161964
 31
0.0
  0
LINE
  5
C68
330
1F
100
AcDbEntity
  8
Ramales
100
AcDbLine
 10
2044.507940588992
 20
1801.289118161964
 30
0.0
 11
2054.507940588527
 21
1801.289118161964
 31
0.0
  0
LINE
  5
C69
330
1F
100
AcDbEntity
  8
Ramales
100
AcDbLine
 10
2054.507940588527
 20
1801.289118161964
 30
0.0
 11
2064.507940588526
 21
1801.289118161964
 31
0.0
  0
LINE
  5
C6A
330
1F
100
AcDbEntity
  8
Ramales
100
AcDbLine
 10
2064.507940588526
 20
1801.289118161964
 30
0.0
 11
2074.507940588526
 21
1801.289118161964
 31
0.0
  0
LINE
  5
C6B
330
1F
100
AcDbEntity
  8
Ramales
100
AcDbLine
 10
2074.507940588526
 20
1801.289118161964
 30
0.0
 11
2084.507940588526
 21
1801.289118161964
 31
0.0
  0
LINE
  5
C6C
330
1F
100
AcDbEntity
  8
Ramales
100
AcDbLine
 10
2084.507940588526
 20
1801.289118161964
 30
0.0
 11
2094.507940588992
 21
1801.289118161964
 31
0.0
  0
LINE
  5
C6D
330
1F
100
AcDbEntity
  8
Ramales
100
AcDbLine
 10
2094.507940588992
 20
1801.289118161964
 30
0.0
 11
2104.507940588526
 21
1801.289118161964
 31
0.0
  0
LINE
  5
C6E
330
1F
100
AcDbEntity
  8
Ramales
100
AcDbLine
 10
2104.507940588526
 20
1801.289118161964
 30
0.0
 11
2114.507940588526
 21
1801.289118161964
 31
0.0
  0
LINE
  5
C6F
330
1F
100
AcDbEntity
  8
Ramales
100
AcDbLine
 10
2114.507940588526
 20
1801.289118161964
 30
0.0
 11
2124.507940588526
 21
1801.289118161964
 31
0.0
  0
LINE
  5
C70
330
1F
100
AcDbEntity
  8
Ramales
100
AcDbLine
 10
2124.507940588526
 20
1801.289118161964
 30
0.0
 11
2134.507940588526
 21
1801.289118161964
 31
0.0
  0
LINE
  5
C71
330
1F
100
AcDbEntity
  8
Ramales
100
AcDbLine
 10
2134.507940587129
 20
1801.289118161964
 30
0.0
 11
2144.507940588527
 21
1801.289118161964
 31
0.0
  0
LINE
  5
C72
330
1F
100
AcDbEntity
  8
Ramales
100
AcDbLine
 10
2144.507940588527
 20
1801.289118161964
 30
0.0
 11
2154.507940588526
 21
1801.289118161964
 31
0.0
  0
LINE
  5
C73
330
1F
100
AcDbEntity
  8
Ramales
100
AcDbLine
 10
2044.507940588992
 20
1801.289118161964
 30
0.0
 11
2042.007940587129
 21
1801.289118161964
 31
0.0
  0
LINE
  5
C74
330
1F
100
AcDbEntity
  8
Ramales
100
AcDbLine
 10
2044.507940588992
 20
1791.28911816336
 30
0.0
 11
2054.507940588527
 21
1791.28911816336
 31
0.0
  0
LINE
  5
C75
330
1F
100
AcDbEntity
  8
Ramales
100
AcDbLine
 10
2054.507940588527
 20
1791.28911816336
 30
0.0
 11
2064.507940588526
 21
1791.28911816336
 31
0.0
  0
LINE
  5
C76
330
1F
100
AcDbEntity
  8
Ramales
100
AcDbLine
 10
2064.507940588526
 20
1791.28911816336
 30
0.0
 11
2074.507940588526
 21
1791.28911816336
 31
0.0
  0
LINE
  5
C77
330
1F
100
AcDbEntity
  8
Ramales
100
AcDbLine
 10
2074.507940588526
 20
1791.28911816336
 30
0.0
 11
2084.507940588526
 21
1791.28911816336
 31
0.0
  0
LINE
  5
C78
330
1F
100
AcDbEntity
  8
Ramales
100
AcDbLine
 10
2084.507940588526
 20
1791.28911816336
 30
0.0
 11
2094.507940588992
 21
1791.28911816336
 31
0.0
  0
LINE
  5
C79
330
1F
100
AcDbEntity
  8
Ramales
100
AcDbLine
 10
2094.507940588992
 20
1791.28911816336
 30
0.0
 11
2104.507940588526
 21
1791.28911816336
 31
0.0
  0
LINE
  5
C7A
330
1F
100
AcDbEntity
  8
Ramales
100
AcDbLine
 10
2104.507940588526
 20
1791.28911816336
 30
0.0
 11
2114.507940588526
 21
1791.28911816336
 31
0.0
  0
LINE
  5
C7B
330
1F
100
AcDbEntity
  8
Ramales
100
AcDbLine
 10
2114.507940588526
 20
1791.28911816336
 30
0.0
 11
2124.507940588526
 21
1791.28911816336
 31
0.0
  0
LINE
  5
C7C
330
1F
100
AcDbEntity
  8
Ramales
100
AcDbLine
 10
2124.507940588526
 20
1791.28911816336
 30
0.0
 11
2134.507940588526
 21
1791.28911816336
 31
0.0
  0
LINE
  5
C7D
330
1F
100
AcDbEntity
  8
Ramales
100
AcDbLine
 10
2134.507940587129
 20
1791.28911816336
 30
0.0
 11
2144.507940588527
 21
1791.28911816336
 31
0.0
  0
LINE
  5
C7E
330
1F
100
AcDbEntity
  8
Ramales
100
AcDbLine
 10
2144.507940588527
 20
1791.28911816336
 30
0.0
 11
2154.507940588526
 21
1791.28911816336
 31
0.0
  0
LINE
  5
C7F
330
1F
100
AcDbEntity
  8
Ramales
100
AcDbLine
 10
2044.507940588992
 20
1791.28911816336
 30
0.0
 11
2042.007940587129
 21
1791.289118161964
 31
0.0
  0
LINE
  5
C80
330
1F
100
AcDbEntity
  8
Ramales
100
AcDbLine
 10
2044.507940588992
 20
1781.289118161964
 30
0.0
 11
2054.507940588527
 21
1781.289118161964
 31
0.0
  0
LINE
  5
C81
330
1F
100
AcDbEntity
  8
Ramales
100
AcDbLine
 10
2054.507940588527
 20
1781.289118161964
 30
0.0
 11
2064.507940588526
 21
1781.289118161964
 31
0.0
  0
LINE
  5
C82
330
1F
100
AcDbEntity
  8
Ramales
100
AcDbLine
 10
2064.507940588526
 20
1781.289118161964
 30
0.0
 11
2074.507940588526
 21
1781.289118161964
 31
0.0
  0
LINE
  5
C83
330
1F
100
AcDbEntity
  8
Ramales
100
AcDbLine
 10
2074.507940588526
 20
1781.289118161964
 30
0.0
 11
2084.507940588526
 21
1781.289118161964
 31
0.0
  0
LINE
  5
C84
330
1F
100
AcDbEntity
  8
Ramales
100
AcDbLine
 10
2084.507940588526
 20
1781.289118161964
 30
0.0
 11
2094.507940588992
 21
1781.289118161964
 31
0.0
  0
LINE
  5
C85
330
1F
100
AcDbEntity
  8
Ramales
100
AcDbLine
 10
2094.507940588992
 20
1781.289118161964
 30
0.0
 11
2104.507940588526
 21
1781.289118161964
 31
0.0
  0
LINE
  5
C86
330
1F
100
AcDbEntity
  8
Ramales
100
AcDbLine
 10
2104.507940588526
 20
1781.289118161964
 30
0.0
 11
2114.507940588526
 21
1781.289118161964
 31
0.0
  0
LINE
  5
C87
330
1F
100
AcDbEntity
  8
Ramales
100
AcDbLine
 10
2114.507940588526
 20
1781.289118161964
 30
0.0
 11
2124.507940588526
 21
1781.289118161964
 31
0.0
  0
LINE
  5
C88
330
1F
100
AcDbEntity
  8
Ramales
100
AcDbLine
 10
2124.507940588526
 20
1781.289118161964
 30
0.0
 11
2134.507940588526
 21
1781.289118161964
 31
0.0
  0
LINE
  5
C89
330
1F
100
AcDbEntity
  8
Ramales
100
AcDbLine
 10
2134.507940587129
 20
1781.289118161964
 30
0.0
 11
2144.507940588527
 21
1781.289118161964
 31
0.0
  0
LINE
  5
C8A
330
1F
100
AcDbEntity
  8
Ramales
100
AcDbLine
 10
2144.507940588527
 20
1781.289118161964
 30
0.0
 11
2154.507940588526
 21
1781.289118161964
 31
0.0
  0
LINE
  5
C8B
330
1F
100
AcDbEntity
  8
Ramales
100
AcDbLine
 10
2044.507940588992
 20
1781.289118161964
 30
0.0
 11
2042.007940587129
 21
1781.289118161964
 31
0.0
  0
LINE
  5
C8C
330
1F
100
AcDbEntity
  8
Ramales
100
AcDbLine
 10
2044.507940588992
 20
1771.289118161964
 30
0.0
 11
2054.507940588527
 21
1771.289118161964
 31
0.0
  0
LINE
  5
C8D
330
1F
100
AcDbEntity
  8
Ramales
100
AcDbLine
 10
2054.507940588527
 20
1771.289118161964
 30
0.0
 11
2064.507940588526
 21
1771.289118161964
 31
0.0
  0
LINE
  5
C8E
330
1F
100
AcDbEntity
  8
Ramales
100
AcDbLine
 10
2064.507940588526
 20
1771.289118161964
 30
0.0
 11
2074.507940588526
 21
1771.289118161964
 31
0.0
  0
LINE
  5
C8F
330
1F
100
AcDbEntity
  8
Ramales
100
AcDbLine
 10
2074.507940588526
 20
1771.289118161964
 30
0.0
 11
2084.507940588526
 21
1771.289118161964
 31
0.0
  0
LINE
  5
C90
330
1F
100
AcDbEntity
  8
Ramales
100
AcDbLine
 10
2084.507940588526
 20
1771.289118161964
 30
0.0
 11
2094.507940588992
 21
1771.289118161964
 31
0.0
  0
LINE
  5
C91
330
1F
100
AcDbEntity
  8
Ramales
100
AcDbLine
 10
2094.507940588992
 20
1771.289118161964
 30
0.0
 11
2104.507940588526
 21
1771.289118161964
 31
0.0
  0
LINE
  5
C92
330
1F
100
AcDbEntity
  8
Ramales
100
AcDbLine
 10
2104.507940588526
 20
1771.289118161964
 30
0.0
 11
2114.507940588526
 21
1771.289118161964
 31
0.0
  0
LINE
  5
C93
330
1F
100
AcDbEntity
  8
Ramales
100
AcDbLine
 10
2114.507940588526
 20
1771.289118161964
 30
0.0
 11
2124.507940588526
 21
1771.289118161964
 31
0.0
  0
LINE
  5
C94
330
1F
100
AcDbEntity
  8
Ramales
100
AcDbLine
 10
2124.507940588526
 20
1771.289118161964
 30
0.0
 11
2134.507940588526
 21
1771.289118161964
 31
0.0
  0
LINE
  5
C95
330
1F
100
AcDbEntity
  8
Ramales
100
AcDbLine
 10
2134.507940587129
 20
1771.289118161964
 30
0.0
 11
2144.507940588527
 21
1771.289118161964
 31
0.0
  0
LINE
  5
C96
330
1F
100
AcDbEntity
  8
Ramales
100
AcDbLine
 10
2144.507940588527
 20
1771.289118161964
 30
0.0
 11
2154.507940588526
 21
1771.289118161964
 31
0.0
  0
LINE
  5
C97
330
1F
100
AcDbEntity
  8
Ramales
100
AcDbLine
 10
2044.507940588992
 20
1771.289118161964
 30
0.0
 11
2042.007940587129
 21
1771.289118161964
 31
0.0
  0
LINE
  5
C98
330
1F
100
AcDbEntity
  8
Ramales
100
AcDbLine
 10
2044.507940588992
 20
1761.289118161964
 30
0.0
 11
2054.507940588527
 21
1761.289118161964
 31
0.0
  0
LINE
  5
C99
330
1F
100
AcDbEntity
  8
Ramales
100
AcDbLine
 10
2054.507940588527
 20
1761.289118161964
 30
0.0
 11
2064.507940588526
 21
1761.289118161964
 31
0.0
  0
LINE
  5
C9A
330
1F
100
AcDbEntity
  8
Ramales
100
AcDbLine
 10
2064.507940588526
 20
1761.289118161964
 30
0.0
 11
2074.507940588526
 21
1761.289118161964
 31
0.0
  0
LINE
  5
C9B
330
1F
100
AcDbEntity
  8
Ramales
100
AcDbLine
 10
2074.507940588526
 20
1761.289118161964
 30
0.0
 11
2084.507940588526
 21
1761.289118161964
 31
0.0
  0
LINE
  5
C9C
330
1F
100
AcDbEntity
  8
Ramales
100
AcDbLine
 10
2084.507940588526
 20
1761.289118161964
 30
0.0
 11
2094.507940588992
 21
1761.289118161964
 31
0.0
  0
LINE
  5
C9D
330
1F
100
AcDbEntity
  8
Ramales
100
AcDbLine
 10
2094.507940588992
 20
1761.289118161964
 30
0.0
 11
2104.507940588526
 21
1761.289118161964
 31
0.0
  0
LINE
  5
C9E
330
1F
100
AcDbEntity
  8
Ramales
100
AcDbLine
 10
2104.507940588526
 20
1761.289118161964
 30
0.0
 11
2114.507940588526
 21
1761.289118161964
 31
0.0
  0
LINE
  5
C9F
330
1F
100
AcDbEntity
  8
Ramales
100
AcDbLine
 10
2114.507940588526
 20
1761.289118161964
 30
0.0
 11
2124.507940588526
 21
1761.289118161964
 31
0.0
  0
LINE
  5
CA0
330
1F
100
AcDbEntity
  8
Ramales
100
AcDbLine
 10
2124.507940588526
 20
1761.289118161964
 30
0.0
 11
2134.507940588526
 21
1761.289118161964
 31
0.0
  0
LINE
  5
CA1
330
1F
100
AcDbEntity
  8
Ramales
100
AcDbLine
 10
2134.507940587129
 20
1761.289118161964
 30
0.0
 11
2144.507940588527
 21
1761.289118161964
 31
0.0
  0
LINE
  5
CA2
330
1F
100
AcDbEntity
  8
Ramales
100
AcDbLine
 10
2144.507940588527
 20
1761.289118161964
 30
0.0
 11
2154.507940588526
 21
1761.289118161964
 31
0.0
  0
LINE
  5
CA3
330
1F
100
AcDbEntity
  8
Ramales
100
AcDbLine
 10
2044.507940588992
 20
1761.289118161964
 30
0.0
 11
2042.007940587129
 21
1761.289118161964
 31
0.0
  0
LINE
  5
CA4
330
1F
100
AcDbEntity
  8
Ramales
100
AcDbLine
 10
2044.507940588992
 20
1751.289118161964
 30
0.0
 11
2054.507940588527
 21
1751.289118161964
 31
0.0
  0
LINE
  5
CA5
330
1F
100
AcDbEntity
  8
Ramales
100
AcDbLine
 10
2054.507940588527
 20
1751.289118161964
 30
0.0
 11
2064.507940588526
 21
1751.289118161964
 31
0.0
  0
LINE
  5
CA6
330
1F
100
AcDbEntity
  8
Ramales
100
AcDbLine
 10
2064.507940588526
 20
1751.289118161964
 30
0.0
 11
2074.507940588526
 21
1751.289118161964
 31
0.0
  0
LINE
  5
CA7
330
1F
100
AcDbEntity
  8
Ramales
100
AcDbLine
 10
2074.507940588526
 20
1751.289118161964
 30
0.0
 11
2084.507940588526
 21
1751.289118161964
 31
0.0
  0
LINE
  5
CA8
330
1F
100
AcDbEntity
  8
Ramales
100
AcDbLine
 10
2084.507940588526
 20
1751.289118161964
 30
0.0
 11
2094.507940588992
 21
1751.289118161964
 31
0.0
  0
LINE
  5
CA9
330
1F
100
AcDbEntity
  8
Ramales
100
AcDbLine
 10
2094.507940588992
 20
1751.289118161964
 30
0.0
 11
2104.507940588526
 21
1751.289118161964
 31
0.0
  0
LINE
  5
CAA
330
1F
100
AcDbEntity
  8
Ramales
100
AcDbLine
 10
2104.507940588526
 20
1751.289118161964
 30
0.0
 11
2114.507940588526
 21
1751.289118161964
 31
0.0
  0
LINE
  5
CAB
330
1F
100
AcDbEntity
  8
Ramales
100
AcDbLine
 10
2114.507940588526
 20
1751.289118161964
 30
0.0
 11
2124.507940588526
 21
1751.289118161964
 31
0.0
  0
LINE
  5
CAC
330
1F
100
AcDbEntity
  8
Ramales
100
AcDbLine
 10
2124.507940588526
 20
1751.289118161964
 30
0.0
 11
2134.507940588526
 21
1751.289118161964
 31
0.0
  0
LINE
  5
CAD
330
1F
100
AcDbEntity
  8
Ramales
100
AcDbLine
 10
2134.507940587129
 20
1751.289118161964
 30
0.0
 11
2144.507940588527
 21
1751.289118161964
 31
0.0
  0
LINE
  5
CAE
330
1F
100
AcDbEntity
  8
Ramales
100
AcDbLine
 10
2144.507940588527
 20
1751.289118161964
 30
0.0
 11
2154.507940588526
 21
1751.289118161964
 31
0.0
  0
LINE
  5
CAF
330
1F
100
AcDbEntity
  8
Ramales
100
AcDbLine
 10
2044.507940588992
 20
1751.289118161964
 30
0.0
 11
2042.007940587129
 21
1751.289118161964
 31
0.0
  0
LINE
  5
CB0
330
1F
100
AcDbEntity
  8
Ramales
100
AcDbLine
 10
2044.507940588992
 20
1741.289118163361
 30
0.0
 11
2054.507940588527
 21
1741.289118163361
 31
0.0
  0
LINE
  5
CB1
330
1F
100
AcDbEntity
  8
Ramales
100
AcDbLine
 10
2054.507940588527
 20
1741.289118163361
 30
0.0
 11
2064.507940588526
 21
1741.289118163361
 31
0.0
  0
LINE
  5
CB2
330
1F
100
AcDbEntity
  8
Ramales
100
AcDbLine
 10
2064.507940588526
 20
1741.289118163361
 30
0.0
 11
2074.507940588526
 21
1741.289118163361
 31
0.0
  0
LINE
  5
CB3
330
1F
100
AcDbEntity
  8
Ramales
100
AcDbLine
 10
2074.507940588526
 20
1741.289118163361
 30
0.0
 11
2084.507940588526
 21
1741.289118163361
 31
0.0
  0
LINE
  5
CB4
330
1F
100
AcDbEntity
  8
Ramales
100
AcDbLine
 10
2084.507940588526
 20
1741.289118163361
 30
0.0
 11
2094.507940588992
 21
1741.289118163361
 31
0.0
  0
LINE
  5
CB5
330
1F
100
AcDbEntity
  8
Ramales
100
AcDbLine
 10
2094.507940588992
 20
1741.289118163361
 30
0.0
 11
2104.507940588526
 21
1741.289118163361
 31
0.0
  0
LINE
  5
CB6
330
1F
100
AcDbEntity
  8
Ramales
100
AcDbLine
 10
2104.507940588526
 20
1741.289118163361
 30
0.0
 11
2114.507940588526
 21
1741.289118163361
 31
0.0
  0
LINE
  5
CB7
330
1F
100
AcDbEntity
  8
Ramales
100
AcDbLine
 10
2114.507940588526
 20
1741.289118163361
 30
0.0
 11
2124.507940588526
 21
1741.289118163361
 31
0.0
  0
LINE
  5
CB8
330
1F
100
AcDbEntity
  8
Ramales
100
AcDbLine
 10
2124.507940588526
 20
1741.289118163361
 30
0.0
 11
2134.507940588526
 21
1741.289118163361
 31
0.0
  0
LINE
  5
CB9
330
1F
100
AcDbEntity
  8
Ramales
100
AcDbLine
 10
2134.507940587129
 20
1741.289118163361
 30
0.0
 11
2144.507940588527
 21
1741.289118163361
 31
0.0
  0
LINE
  5
CBA
330
1F
100
AcDbEntity
  8
Ramales
100
AcDbLine
 10
2144.507940588527
 20
1741.289118163361
 30
0.0
 11
2154.507940588526
 21
1741.289118163361
 31
0.0
  0
LINE
  5
CBB
330
1F
100
AcDbEntity
  8
Ramales
100
AcDbLine
 10
2044.507940588992
 20
1741.289118163361
 30
0.0
 11
2042.007940587129
 21
1741.289118161964
 31
0.0
  0
LINE
  5
CBC
330
1F
100
AcDbEntity
  8
Ramales
100
AcDbLine
 10
2044.507940588992
 20
1731.289118161964
 30
0.0
 11
2054.507940588527
 21
1731.289118161964
 31
0.0
  0
LINE
  5
CBD
330
1F
100
AcDbEntity
  8
Ramales
100
AcDbLine
 10
2054.507940588527
 20
1731.289118161964
 30
0.0
 11
2064.507940588526
 21
1731.289118161964
 31
0.0
  0
LINE
  5
CBE
330
1F
100
AcDbEntity
  8
Ramales
100
AcDbLine
 10
2064.507940588526
 20
1731.289118161964
 30
0.0
 11
2074.507940588526
 21
1731.289118161964
 31
0.0
  0
LINE
  5
CBF
330
1F
100
AcDbEntity
  8
Ramales
100
AcDbLine
 10
2074.507940588526
 20
1731.289118161964
 30
0.0
 11
2084.507940588526
 21
1731.289118161964
 31
0.0
  0
LINE
  5
CC0
330
1F
100
AcDbEntity
  8
Ramales
100
AcDbLine
 10
2084.507940588526
 20
1731.289118161964
 30
0.0
 11
2094.507940588992
 21
1731.289118161964
 31
0.0
  0
LINE
  5
CC1
330
1F
100
AcDbEntity
  8
Ramales
100
AcDbLine
 10
2094.507940588992
 20
1731.289118161964
 30
0.0
 11
2104.507940588526
 21
1731.289118161964
 31
0.0
  0
LINE
  5
CC2
330
1F
100
AcDbEntity
  8
Ramales
100
AcDbLine
 10
2104.507940588526
 20
1731.289118161964
 30
0.0
 11
2114.507940588526
 21
1731.289118161964
 31
0.0
  0
LINE
  5
CC3
330
1F
100
AcDbEntity
  8
Ramales
100
AcDbLine
 10
2114.507940588526
 20
1731.289118161964
 30
0.0
 11
2124.507940588526
 21
1731.289118161964
 31
0.0
  0
LINE
  5
CC4
330
1F
100
AcDbEntity
  8
Ramales
100
AcDbLine
 10
2124.507940588526
 20
1731.289118161964
 30
0.0
 11
2134.507940588526
 21
1731.289118161964
 31
0.0
  0
LINE
  5
CC5
330
1F
100
AcDbEntity
  8
Ramales
100
AcDbLine
 10
2134.507940587129
 20
1731.289118161964
 30
0.0
 11
2144.507940588527
 21
1731.289118161964
 31
0.0
  0
LINE
  5
CC6
330
1F
100
AcDbEntity
  8
Ramales
100
AcDbLine
 10
2144.507940588527
 20
1731.289118161964
 30
0.0
 11
2154.507940588526
 21
1731.289118161964
 31
0.0
  0
LINE
  5
CC7
330
1F
100
AcDbEntity
  8
Ramales
100
AcDbLine
 10
2044.507940588992
 20
1731.289118161964
 30
0.0
 11
2042.007940587129
 21
1731.289118161964
 31
0.0
  0
LINE
  5
CC8
330
1F
100
AcDbEntity
  8
Ramales
100
AcDbLine
 10
2044.507940588992
 20
1721.289118163361
 30
0.0
 11
2054.507940588527
 21
1721.289118163361
 31
0.0
  0
LINE
  5
CC9
330
1F
100
AcDbEntity
  8
Ramales
100
AcDbLine
 10
2054.507940588527
 20
1721.289118163361
 30
0.0
 11
2064.507940588526
 21
1721.289118163361
 31
0.0
  0
LINE
  5
CCA
330
1F
100
AcDbEntity
  8
Ramales
100
AcDbLine
 10
2064.507940588526
 20
1721.289118163361
 30
0.0
 11
2074.507940588526
 21
1721.289118163361
 31
0.0
  0
LINE
  5
CCB
330
1F
100
AcDbEntity
  8
Ramales
100
AcDbLine
 10
2074.507940588526
 20
1721.289118163361
 30
0.0
 11
2084.507940588526
 21
1721.289118163361
 31
0.0
  0
LINE
  5
CCC
330
1F
100
AcDbEntity
  8
Ramales
100
AcDbLine
 10
2084.507940588526
 20
1721.289118163361
 30
0.0
 11
2094.507940588992
 21
1721.289118163361
 31
0.0
  0
LINE
  5
CCD
330
1F
100
AcDbEntity
  8
Ramales
100
AcDbLine
 10
2094.507940588992
 20
1721.289118163361
 30
0.0
 11
2104.507940588526
 21
1721.289118163361
 31
0.0
  0
LINE
  5
CCE
330
1F
100
AcDbEntity
  8
Ramales
100
AcDbLine
 10
2104.507940588526
 20
1721.289118163361
 30
0.0
 11
2114.507940588526
 21
1721.289118163361
 31
0.0
  0
LINE
  5
CCF
330
1F
100
AcDbEntity
  8
Ramales
100
AcDbLine
 10
2114.507940588526
 20
1721.289118163361
 30
0.0
 11
2124.507940588526
 21
1721.289118163361
 31
0.0
  0
LINE
  5
CD0
330
1F
100
AcDbEntity
  8
Ramales
100
AcDbLine
 10
2124.507940588526
 20
1721.289118163361
 30
0.0
 11
2134.507940588526
 21
1721.289118163361
 31
0.0
  0
LINE
  5
CD1
330
1F
100
AcDbEntity
  8
Ramales
100
AcDbLine
 10
2134.507940587129
 20
1721.289118163361
 30
0.0
 11
2144.507940588527
 21
1721.289118163361
 31
0.0
  0
LINE
  5
CD2
330
1F
100
AcDbEntity
  8
Ramales
100
AcDbLine
 10
2144.507940588527
 20
1721.289118163361
 30
0.0
 11
2154.507940588526
 21
1721.289118163361
 31
0.0
  0
LINE
  5
CD3
330
1F
100
AcDbEntity
  8
Ramales
100
AcDbLine
 10
2044.507940588992
 20
1721.289118163361
 30
0.0
 11
2042.007940587129
 21
1721.289118161964
 31
0.0
  0
LINE
  5
CD4
330
1F
100
AcDbEntity
  8
Ramales
100
AcDbLine
 10
2154.507940588526
 20
2011.289118161965
 30
0.0
 11
2157.007940588526
 21
2011.289118161965
 31
0.0
  0
LINE
  5
CD5
330
1F
100
AcDbEntity
  8
Ramales
100
AcDbLine
 10
2154.507940588526
 20
2001.289118161964
 30
0.0
 11
2157.007940588526
 21
2001.2891181615
 31
0.0
  0
LINE
  5
CD6
330
1F
100
AcDbEntity
  8
Ramales
100
AcDbLine
 10
2154.507940588526
 20
1991.289118161964
 30
0.0
 11
2157.007940588526
 21
1991.289118161964
 31
0.0
  0
LINE
  5
CD7
330
1F
100
AcDbEntity
  8
Ramales
100
AcDbLine
 10
2154.507940588526
 20
1981.289118161964
 30
0.0
 11
2157.007940588526
 21
1981.289118161964
 31
0.0
  0
LINE
  5
CD8
330
1F
100
AcDbEntity
  8
Ramales
100
AcDbLine
 10
2154.507940588526
 20
1971.289118161964
 30
0.0
 11
2157.007940588526
 21
1971.289118161964
 31
0.0
  0
LINE
  5
CD9
330
1F
100
AcDbEntity
  8
Ramales
100
AcDbLine
 10
2154.507940588526
 20
1961.289118161964
 30
0.0
 11
2157.007940588526
 21
1961.289118161964
 31
0.0
  0
LINE
  5
CDA
330
1F
100
AcDbEntity
  8
Ramales
100
AcDbLine
 10
2154.507940588526
 20
1951.289118161964
 30
0.0
 11
2157.007940588526
 21
1951.289118161964
 31
0.0
  0
LINE
  5
CDB
330
1F
100
AcDbEntity
  8
Ramales
100
AcDbLine
 10
2154.507940588526
 20
1941.289118161964
 30
0.0
 11
2157.007940588526
 21
1941.289118161964
 31
0.0
  0
LINE
  5
CDC
330
1F
100
AcDbEntity
  8
Ramales
100
AcDbLine
 10
2154.507940588526
 20
1931.289118161964
 30
0.0
 11
2157.007940588526
 21
1931.289118161964
 31
0.0
  0
LINE
  5
CDD
330
1F
100
AcDbEntity
  8
Ramales
100
AcDbLine
 10
2154.507940588526
 20
1921.289118161964
 30
0.0
 11
2157.007940588526
 21
1921.289118161964
 31
0.0
  0
LINE
  5
CDE
330
1F
100
AcDbEntity
  8
Ramales
100
AcDbLine
 10
2154.507940588526
 20
1911.289118163361
 30
0.0
 11
2157.007940588526
 21
1911.289118163361
 31
0.0
  0
LINE
  5
CDF
330
1F
100
AcDbEntity
  8
Ramales
100
AcDbLine
 10
2154.507940588526
 20
1901.289118161964
 30
0.0
 11
2157.007940588526
 21
1901.289118161964
 31
0.0
  0
LINE
  5
CE0
330
1F
100
AcDbEntity
  8
Ramales
100
AcDbLine
 10
2154.507940588526
 20
1891.289118161964
 30
0.0
 11
2157.007940588526
 21
1891.289118161964
 31
0.0
  0
LINE
  5
CE1
330
1F
100
AcDbEntity
  8
Ramales
100
AcDbLine
 10
2154.507940588526
 20
1881.289118161964
 30
0.0
 11
2157.007940588526
 21
1881.289118161964
 31
0.0
  0
LINE
  5
CE2
330
1F
100
AcDbEntity
  8
Ramales
100
AcDbLine
 10
2154.507940588526
 20
1871.289118161964
 30
0.0
 11
2157.007940588526
 21
1871.289118161964
 31
0.0
  0
LINE
  5
CE3
330
1F
100
AcDbEntity
  8
Ramales
100
AcDbLine
 10
2154.507940588526
 20
1861.289118161964
 30
0.0
 11
2157.007940588526
 21
1861.289118161964
 31
0.0
  0
LINE
  5
CE4
330
1F
100
AcDbEntity
  8
Ramales
100
AcDbLine
 10
2154.507940588526
 20
1851.289118161964
 30
0.0
 11
2157.007940588526
 21
1851.289118161964
 31
0.0
  0
LINE
  5
CE5
330
1F
100
AcDbEntity
  8
Ramales
100
AcDbLine
 10
2154.507940588526
 20
1841.289118163361
 30
0.0
 11
2157.007940588526
 21
1841.289118163361
 31
0.0
  0
LINE
  5
CE6
330
1F
100
AcDbEntity
  8
Ramales
100
AcDbLine
 10
2154.507940588526
 20
1831.289118161964
 30
0.0
 11
2157.007940588526
 21
1831.289118161964
 31
0.0
  0
LINE
  5
CE7
330
1F
100
AcDbEntity
  8
Ramales
100
AcDbLine
 10
2154.507940588526
 20
1821.289118161964
 30
0.0
 11
2157.007940588526
 21
1821.289118161964
 31
0.0
  0
LINE
  5
CE8
330
1F
100
AcDbEntity
  8
Ramales
100
AcDbLine
 10
2154.507940588526
 20
1811.289118161964
 30
0.0
 11
2157.007940588526
 21
1811.289118161964
 31
0.0
  0
LINE
  5
CE9
330
1F
100
AcDbEntity
  8
Ramales
100
AcDbLine
 10
2154.507940588526
 20
1801.289118161964
 30
0.0
 11
2157.007940588526
 21
1801.289118161964
 31
0.0
  0
LINE
  5
CEA
330
1F
100
AcDbEntity
  8
Ramales
100
AcDbLine
 10
2154.507940588526
 20
1791.28911816336
 30
0.0
 11
2157.007940588526
 21
1791.28911816336
 31
0.0
  0
LINE
  5
CEB
330
1F
100
AcDbEntity
  8
Ramales
100
AcDbLine
 10
2154.507940588526
 20
1781.289118161964
 30
0.0
 11
2157.007940588526
 21
1781.289118161964
 31
0.0
  0
LINE
  5
CEC
330
1F
100
AcDbEntity
  8
Ramales
100
AcDbLine
 10
2154.507940588526
 20
1771.289118161964
 30
0.0
 11
2157.007940588526
 21
1771.289118161964
 31
0.0
  0
LINE
  5
CED
330
1F
100
AcDbEntity
  8
Ramales
100
AcDbLine
 10
2154.507940588526
 20
1761.289118161964
 30
0.0
 11
2157.007940588526
 21
1761.289118161964
 31
0.0
  0
LINE
  5
CEE
330
1F
100
AcDbEntity
  8
Ramales
100
AcDbLine
 10
2154.507940588526
 20
1751.289118161964
 30
0.0
 11
2157.007940588526
 21
1751.289118161964
 31
0.0
  0
LINE
  5
CEF
330
1F
100
AcDbEntity
  8
Ramales
100
AcDbLine
 10
2154.507940588526
 20
1741.289118163361
 30
0.0
 11
2157.007940588526
 21
1741.289118163361
 31
0.0
  0
LINE
  5
CF0
330
1F
100
AcDbEntity
  8
Ramales
100
AcDbLine
 10
2154.507940588526
 20
1731.289118161964
 30
0.0
 11
2157.007940588526
 21
1731.289118161964
 31
0.0
  0
LINE
  5
CF1
330
1F
100
AcDbEntity
  8
Ramales
100
AcDbLine
 10
2154.507940588526
 20
1721.289118163361
 30
0.0
 11
2157.007940588526
 21
1721.289118163361
 31
0.0
  0
LINE
  5
CF2
330
1F
100
AcDbEntity
  8
Ramales
100
AcDbLine
 10
2044.507940588992
 20
2021.289118161964
 30
-1.0
 11
2044.507940588992
 21
2021.289118161964
 31
0.0
  0
LINE
  5
CF3
330
1F
100
AcDbEntity
  8
Ramales
100
AcDbLine
 10
2054.507940588527
 20
2021.289118161964
 30
-1.0
 11
2054.507940588527
 21
2021.289118161964
 31
0.0
  0
LINE
  5
CF4
330
1F
100
AcDbEntity
  8
Ramales
100
AcDbLine
 10
2064.507940588526
 20
2021.289118161964
 30
-1.0
 11
2064.507940588526
 21
2021.289118161964
 31
0.0
  0
LINE
  5
CF5
330
1F
100
AcDbEntity
  8
Ramales
100
AcDbLine
 10
2074.507940588526
 20
2021.289118161964
 30
-1.0
 11
2074.507940588526
 21
2021.289118161964
 31
0.0
  0
LINE
  5
CF6
330
1F
100
AcDbEntity
  8
Ramales
100
AcDbLine
 10
2084.507940588526
 20
2021.289118161964
 30
-1.0
 11
2084.507940588526
 21
2021.289118161964
 31
0.0
  0
LINE
  5
CF7
330
1F
100
AcDbEntity
  8
Ramales
100
AcDbLine
 10
2094.507940588992
 20
2021.289118161964
 30
-1.0
 11
2094.507940588992
 21
2021.289118161964
 31
0.0
  0
LINE
  5
CF8
330
1F
100
AcDbEntity
  8
Ramales
100
AcDbLine
 10
2104.507940588526
 20
2021.289118161964
 30
-1.0
 11
2104.507940588526
 21
2021.289118161964
 31
0.0
  0
LINE
  5
CF9
330
1F
100
AcDbEntity
  8
Ramales
100
AcDbLine
 10
2114.507940588526
 20
2021.289118161964
 30
-1.0
 11
2114.507940588526
 21
2021.289118161964
 31
0.0
  0
LINE
  5
CFA
330
1F
100
AcDbEntity
  8
Ramales
100
AcDbLine
 10
2124.512555735659
 20
2021.258232835288
 30
-1.0
 11
2124.512555735659
 21
2021.258232835288
 31
0.0
  0
LINE
  5
CFB
330
1F
100
AcDbEntity
  8
Ramales
100
AcDbLine
 10
2134.512555735193
 20
2021.258232835288
 30
-1.0
 11
2134.512555735193
 21
2021.258232835288
 31
0.0
  0
LINE
  5
CFC
330
1F
100
AcDbEntity
  8
Ramales
100
AcDbLine
 10
2144.512555735193
 20
2021.258232835288
 30
-1.0
 11
2144.512555735193
 21
2021.258232835288
 31
0.0
  0
LINE
  5
CFD
330
1F
100
AcDbEntity
  8
Ramales
100
AcDbLine
 10
2154.512555735193
 20
2021.258232835288
 30
-1.0
 11
2154.512555735193
 21
2021.258232835288
 31
0.0
  0
LINE
  5
CFE
330
1F
100
AcDbEntity
  8
Ramales
100
AcDbLine
 10
2044.507940588992
 20
2011.289118161965
 30
-1.0
 11
2044.507940588992
 21
2011.289118161965
 31
0.0
  0
LINE
  5
CFF
330
1F
100
AcDbEntity
  8
Ramales
100
AcDbLine
 10
2054.507940588527
 20
2011.289118161965
 30
-1.0
 11
2054.507940588527
 21
2011.289118161965
 31
0.0
  0
LINE
  5
D00
330
1F
100
AcDbEntity
  8
Ramales
100
AcDbLine
 10
2064.507940588526
 20
2011.289118161965
 30
-1.0
 11
2064.507940588526
 21
2011.289118161965
 31
0.0
  0
LINE
  5
D01
330
1F
100
AcDbEntity
  8
Ramales
100
AcDbLine
 10
2074.507940588526
 20
2011.289118161965
 30
-1.0
 11
2074.507940588526
 21
2011.289118161965
 31
0.0
  0
LINE
  5
D02
330
1F
100
AcDbEntity
  8
Ramales
100
AcDbLine
 10
2084.507940588526
 20
2011.289118161965
 30
-1.0
 11
2084.507940588526
 21
2011.289118161965
 31
0.0
  0
LINE
  5
D03
330
1F
100
AcDbEntity
  8
Ramales
100
AcDbLine
 10
2094.507940588992
 20
2011.289118161965
 30
-1.0
 11
2094.507940588992
 21
2011.289118161965
 31
0.0
  0
LINE
  5
D04
330
1F
100
AcDbEntity
  8
Ramales
100
AcDbLine
 10
2104.507940588526
 20
2011.289118161965
 30
-1.0
 11
2104.507940588526
 21
2011.289118161965
 31
0.0
  0
LINE
  5
D05
330
1F
100
AcDbEntity
  8
Ramales
100
AcDbLine
 10
2114.507940588526
 20
2011.289118161965
 30
-1.0
 11
2114.507940588526
 21
2011.289118161965
 31
0.0
  0
LINE
  5
D06
330
1F
100
AcDbEntity
  8
Ramales
100
AcDbLine
 10
2124.507940588526
 20
2011.289118161965
 30
-1.0
 11
2124.507940588526
 21
2011.289118161965
 31
0.0
  0
LINE
  5
D07
330
1F
100
AcDbEntity
  8
Ramales
100
AcDbLine
 10
2134.507940588526
 20
2011.289118161965
 30
-1.0
 11
2134.507940588526
 21
2011.289118161965
 31
0.0
  0
LINE
  5
D08
330
1F
100
AcDbEntity
  8
Ramales
100
AcDbLine
 10
2144.507940588527
 20
2011.289118161965
 30
-1.0
 11
2144.507940588527
 21
2011.289118161965
 31
0.0
  0
LINE
  5
D09
330
1F
100
AcDbEntity
  8
Ramales
100
AcDbLine
 10
2154.507940588526
 20
2011.289118161965
 30
-1.0
 11
2154.507940588526
 21
2011.289118161965
 31
0.0
  0
LINE
  5
D0A
330
1F
100
AcDbEntity
  8
Ramales
100
AcDbLine
 10
2044.507940588992
 20
2001.289118161964
 30
-1.0
 11
2044.507940588992
 21
2001.289118161964
 31
0.0
  0
LINE
  5
D0B
330
1F
100
AcDbEntity
  8
Ramales
100
AcDbLine
 10
2054.507940588527
 20
2001.289118161964
 30
-1.0
 11
2054.507940588527
 21
2001.289118161964
 31
0.0
  0
LINE
  5
D0C
330
1F
100
AcDbEntity
  8
Ramales
100
AcDbLine
 10
2064.507940588526
 20
2001.289118161964
 30
-1.0
 11
2064.507940588526
 21
2001.289118161964
 31
0.0
  0
LINE
  5
D0D
330
1F
100
AcDbEntity
  8
Ramales
100
AcDbLine
 10
2074.507940588526
 20
2001.289118161964
 30
-1.0
 11
2074.507940588526
 21
2001.289118161964
 31
0.0
  0
LINE
  5
D0E
330
1F
100
AcDbEntity
  8
Ramales
100
AcDbLine
 10
2084.507940588526
 20
2001.289118161964
 30
-1.0
 11
2084.507940588526
 21
2001.289118161964
 31
0.0
  0
LINE
  5
D0F
330
1F
100
AcDbEntity
  8
Ramales
100
AcDbLine
 10
2094.507940588992
 20
2001.289118161964
 30
-1.0
 11
2094.507940588992
 21
2001.289118161964
 31
0.0
  0
LINE
  5
D10
330
1F
100
AcDbEntity
  8
Ramales
100
AcDbLine
 10
2104.507940588526
 20
2001.289118161964
 30
-1.0
 11
2104.507940588526
 21
2001.289118161964
 31
0.0
  0
LINE
  5
D11
330
1F
100
AcDbEntity
  8
Ramales
100
AcDbLine
 10
2114.507940588526
 20
2001.289118161964
 30
-1.0
 11
2114.507940588526
 21
2001.289118161964
 31
0.0
  0
LINE
  5
D12
330
1F
100
AcDbEntity
  8
Ramales
100
AcDbLine
 10
2124.507940588526
 20
2001.289118161964
 30
-1.0
 11
2124.507940588526
 21
2001.289118161964
 31
0.0
  0
LINE
  5
D13
330
1F
100
AcDbEntity
  8
Ramales
100
AcDbLine
 10
2134.507940588526
 20
2001.289118161964
 30
-1.0
 11
2134.507940588526
 21
2001.289118161964
 31
0.0
  0
LINE
  5
D14
330
1F
100
AcDbEntity
  8
Ramales
100
AcDbLine
 10
2144.507940588527
 20
2001.289118161964
 30
-1.0
 11
2144.507940588527
 21
2001.289118161964
 31
0.0
  0
LINE
  5
D15
330
1F
100
AcDbEntity
  8
Ramales
100
AcDbLine
 10
2154.507940588526
 20
2001.289118161964
 30
-1.0
 11
2154.507940588526
 21
2001.289118161964
 31
0.0
  0
LINE
  5
D16
330
1F
100
AcDbEntity
  8
Ramales
100
AcDbLine
 10
2044.507940588992
 20
1991.289118161964
 30
-1.0
 11
2044.507940588992
 21
1991.289118161964
 31
0.0
  0
LINE
  5
D17
330
1F
100
AcDbEntity
  8
Ramales
100
AcDbLine
 10
2054.507940588527
 20
1991.289118161964
 30
-1.0
 11
2054.507940588527
 21
1991.289118161964
 31
0.0
  0
LINE
  5
D18
330
1F
100
AcDbEntity
  8
Ramales
100
AcDbLine
 10
2064.507940588526
 20
1991.289118161964
 30
-1.0
 11
2064.507940588526
 21
1991.289118161964
 31
0.0
  0
LINE
  5
D19
330
1F
100
AcDbEntity
  8
Ramales
100
AcDbLine
 10
2074.507940588526
 20
1991.289118161964
 30
-1.0
 11
2074.507940588526
 21
1991.289118161964
 31
0.0
  0
LINE
  5
D1A
330
1F
100
AcDbEntity
  8
Ramales
100
AcDbLine
 10
2084.507940588526
 20
1991.289118161964
 30
-1.0
 11
2084.507940588526
 21
1991.289118161964
 31
0.0
  0
LINE
  5
D1B
330
1F
100
AcDbEntity
  8
Ramales
100
AcDbLine
 10
2094.507940588992
 20
1991.289118161964
 30
-1.0
 11
2094.507940588992
 21
1991.289118161964
 31
0.0
  0
LINE
  5
D1C
330
1F
100
AcDbEntity
  8
Ramales
100
AcDbLine
 10
2104.507940588526
 20
1991.289118161964
 30
-1.0
 11
2104.507940588526
 21
1991.289118161964
 31
0.0
  0
LINE
  5
D1D
330
1F
100
AcDbEntity
  8
Ramales
100
AcDbLine
 10
2114.507940588526
 20
1991.289118161964
 30
-1.0
 11
2114.507940588526
 21
1991.289118161964
 31
0.0
  0
LINE
  5
D1E
330
1F
100
AcDbEntity
  8
Ramales
100
AcDbLine
 10
2124.507940588526
 20
1991.289118161964
 30
-1.0
 11
2124.507940588526
 21
1991.289118161964
 31
0.0
  0
LINE
  5
D1F
330
1F
100
AcDbEntity
  8
Ramales
100
AcDbLine
 10
2134.507940588992
 20
1991.289118161964
 30
-1.0
 11
2134.507940588992
 21
1991.289118161964
 31
0.0
  0
LINE
  5
D20
330
1F
100
AcDbEntity
  8
Ramales
100
AcDbLine
 10
2144.507940588527
 20
1991.289118161964
 30
-1.0
 11
2144.507940588527
 21
1991.289118161964
 31
0.0
  0
LINE
  5
D21
330
1F
100
AcDbEntity
  8
Ramales
100
AcDbLine
 10
2154.507940588992
 20
1991.289118161964
 30
-1.0
 11
2154.507940588992
 21
1991.289118161964
 31
0.0
  0
LINE
  5
D22
330
1F
100
AcDbEntity
  8
Ramales
100
AcDbLine
 10
2044.507940588992
 20
1981.289118161964
 30
-1.0
 11
2044.507940588992
 21
1981.289118161964
 31
0.0
  0
LINE
  5
D23
330
1F
100
AcDbEntity
  8
Ramales
100
AcDbLine
 10
2054.507940588527
 20
1981.289118161964
 30
-1.0
 11
2054.507940588527
 21
1981.289118161964
 31
0.0
  0
LINE
  5
D24
330
1F
100
AcDbEntity
  8
Ramales
100
AcDbLine
 10
2064.507940588526
 20
1981.289118161964
 30
-1.0
 11
2064.507940588526
 21
1981.289118161964
 31
0.0
  0
LINE
  5
D25
330
1F
100
AcDbEntity
  8
Ramales
100
AcDbLine
 10
2074.507940588526
 20
1981.289118161964
 30
-1.0
 11
2074.507940588526
 21
1981.289118161964
 31
0.0
  0
LINE
  5
D26
330
1F
100
AcDbEntity
  8
Ramales
100
AcDbLine
 10
2084.507940588526
 20
1981.289118161964
 30
-1.0
 11
2084.507940588526
 21
1981.289118161964
 31
0.0
  0
LINE
  5
D27
330
1F
100
AcDbEntity
  8
Ramales
100
AcDbLine
 10
2094.507940588992
 20
1981.289118161964
 30
-1.0
 11
2094.507940588992
 21
1981.289118161964
 31
0.0
  0
LINE
  5
D28
330
1F
100
AcDbEntity
  8
Ramales
100
AcDbLine
 10
2104.507940588526
 20
1981.289118161964
 30
-1.0
 11
2104.507940588526
 21
1981.289118161964
 31
0.0
  0
LINE
  5
D29
330
1F
100
AcDbEntity
  8
Ramales
100
AcDbLine
 10
2114.507940588526
 20
1981.289118161964
 30
-1.0
 11
2114.507940588526
 21
1981.289118161964
 31
0.0
  0
LINE
  5
D2A
330
1F
100
AcDbEntity
  8
Ramales
100
AcDbLine
 10
2124.507940588526
 20
1981.289118161964
 30
-1.0
 11
2124.507940588526
 21
1981.289118161964
 31
0.0
  0
LINE
  5
D2B
330
1F
100
AcDbEntity
  8
Ramales
100
AcDbLine
 10
2134.507940588526
 20
1981.289118161964
 30
-1.0
 11
2134.507940588526
 21
1981.289118161964
 31
0.0
  0
LINE
  5
D2C
330
1F
100
AcDbEntity
  8
Ramales
100
AcDbLine
 10
2144.507940588527
 20
1981.289118161964
 30
-1.0
 11
2144.507940588527
 21
1981.289118161964
 31
0.0
  0
LINE
  5
D2D
330
1F
100
AcDbEntity
  8
Ramales
100
AcDbLine
 10
2154.507940588992
 20
1981.289427884462
 30
-1.0
 11
2154.507940588992
 21
1981.289427884462
 31
0.0
  0
LINE
  5
D2E
330
1F
100
AcDbEntity
  8
Ramales
100
AcDbLine
 10
2044.507940588992
 20
1971.289118161964
 30
-1.0
 11
2044.507940588992
 21
1971.289118161964
 31
0.0
  0
LINE
  5
D2F
330
1F
100
AcDbEntity
  8
Ramales
100
AcDbLine
 10
2054.507940588527
 20
1971.289118161964
 30
-1.0
 11
2054.507940588527
 21
1971.289118161964
 31
0.0
  0
LINE
  5
D30
330
1F
100
AcDbEntity
  8
Ramales
100
AcDbLine
 10
2064.507940588526
 20
1971.289118161964
 30
-1.0
 11
2064.507940588526
 21
1971.289118161964
 31
0.0
  0
LINE
  5
D31
330
1F
100
AcDbEntity
  8
Ramales
100
AcDbLine
 10
2074.507940588526
 20
1971.289118161964
 30
-1.0
 11
2074.507940588526
 21
1971.289118161964
 31
0.0
  0
LINE
  5
D32
330
1F
100
AcDbEntity
  8
Ramales
100
AcDbLine
 10
2084.507940588526
 20
1971.289118161964
 30
-1.0
 11
2084.507940588526
 21
1971.289118161964
 31
0.0
  0
LINE
  5
D33
330
1F
100
AcDbEntity
  8
Ramales
100
AcDbLine
 10
2094.507940588992
 20
1971.289118161964
 30
-1.0
 11
2094.507940588992
 21
1971.289118161964
 31
0.0
  0
LINE
  5
D34
330
1F
100
AcDbEntity
  8
Ramales
100
AcDbLine
 10
2104.507940588526
 20
1971.289118161964
 30
-1.0
 11
2104.507940588526
 21
1971.289118161964
 31
0.0
  0
LINE
  5
D35
330
1F
100
AcDbEntity
  8
Ramales
100
AcDbLine
 10
2114.507940588526
 20
1971.289118161964
 30
-1.0
 11
2114.507940588526
 21
1971.289118161964
 31
0.0
  0
LINE
  5
D36
330
1F
100
AcDbEntity
  8
Ramales
100
AcDbLine
 10
2124.507940588526
 20
1971.289118161964
 30
-1.0
 11
2124.507940588526
 21
1971.289118161964
 31
0.0
  0
LINE
  5
D37
330
1F
100
AcDbEntity
  8
Ramales
100
AcDbLine
 10
2134.507940588526
 20
1971.289118161964
 30
-1.0
 11
2134.507940588526
 21
1971.289118161964
 31
0.0
  0
LINE
  5
D38
330
1F
100
AcDbEntity
  8
Ramales
100
AcDbLine
 10
2144.507940588527
 20
1971.289118161964
 30
-1.0
 11
2144.507940588527
 21
1971.289118161964
 31
0.0
  0
LINE
  5
D39
330
1F
100
AcDbEntity
  8
Ramales
100
AcDbLine
 10
2154.507940588526
 20
1971.289118161964
 30
-1.0
 11
2154.507940588526
 21
1971.289118161964
 31
0.0
  0
LINE
  5
D3A
330
1F
100
AcDbEntity
  8
Ramales
100
AcDbLine
 10
2044.507940588992
 20
1961.289118161964
 30
-1.0
 11
2044.507940588992
 21
1961.289118161964
 31
0.0
  0
LINE
  5
D3B
330
1F
100
AcDbEntity
  8
Ramales
100
AcDbLine
 10
2054.507940588527
 20
1961.289118161964
 30
-1.0
 11
2054.507940588527
 21
1961.289118161964
 31
0.0
  0
LINE
  5
D3C
330
1F
100
AcDbEntity
  8
Ramales
100
AcDbLine
 10
2064.507940588526
 20
1961.289118161964
 30
-1.0
 11
2064.507940588526
 21
1961.289118161964
 31
0.0
  0
LINE
  5
D3D
330
1F
100
AcDbEntity
  8
Ramales
100
AcDbLine
 10
2074.507940588526
 20
1961.289118161964
 30
-1.0
 11
2074.507940588526
 21
1961.289118161964
 31
0.0
  0
LINE
  5
D3E
330
1F
100
AcDbEntity
  8
Ramales
100
AcDbLine
 10
2084.507940588526
 20
1961.289118161964
 30
-1.0
 11
2084.507940588526
 21
1961.289118161964
 31
0.0
  0
LINE
  5
D3F
330
1F
100
AcDbEntity
  8
Ramales
100
AcDbLine
 10
2094.507940588992
 20
1961.289118161964
 30
-1.0
 11
2094.507940588992
 21
1961.289118161964
 31
0.0
  0
LINE
  5
D40
330
1F
100
AcDbEntity
  8
Ramales
100
AcDbLine
 10
2104.507940588526
 20
1961.289118161964
 30
-1.0
 11
2104.507940588526
 21
1961.289118161964
 31
0.0
  0
LINE
  5
D41
330
1F
100
AcDbEntity
  8
Ramales
100
AcDbLine
 10
2114.507940588526
 20
1961.289118161964
 30
-1.0
 11
2114.507940588526
 21
1961.289118161964
 31
0.0
  0
LINE
  5
D42
330
1F
100
AcDbEntity
  8
Ramales
100
AcDbLine
 10
2124.507940588526
 20
1961.289118161964
 30
-1.0
 11
2124.507940588526
 21
1961.289118161964
 31
0.0
  0
LINE
  5
D43
330
1F
100
AcDbEntity
  8
Ramales
100
AcDbLine
 10
2134.507940588526
 20
1961.289118161964
 30
-1.0
 11
2134.507940588526
 21
1961.289118161964
 31
0.0
  0
LINE
  5
D44
330
1F
100
AcDbEntity
  8
Ramales
100
AcDbLine
 10
2144.507940588527
 20
1961.289118161964
 30
-1.0
 11
2144.507940588527
 21
1961.289118161964
 31
0.0
  0
LINE
  5
D45
330
1F
100
AcDbEntity
  8
Ramales
100
AcDbLine
 10
2154.507940588526
 20
1961.289118161964
 30
-1.0
 11
2154.507940588526
 21
1961.289118161964
 31
0.0
  0
LINE
  5
D46
330
1F
100
AcDbEntity
  8
Ramales
100
AcDbLine
 10
2044.507940588992
 20
1951.289118161964
 30
-1.0
 11
2044.507940588992
 21
1951.289118161964
 31
0.0
  0
LINE
  5
D47
330
1F
100
AcDbEntity
  8
Ramales
100
AcDbLine
 10
2054.507940588527
 20
1951.289118161964
 30
-1.0
 11
2054.507940588527
 21
1951.289118161964
 31
0.0
  0
LINE
  5
D48
330
1F
100
AcDbEntity
  8
Ramales
100
AcDbLine
 10
2064.507940588526
 20
1951.289118161964
 30
-1.0
 11
2064.507940588526
 21
1951.289118161964
 31
0.0
  0
LINE
  5
D49
330
1F
100
AcDbEntity
  8
Ramales
100
AcDbLine
 10
2074.507940588526
 20
1951.289118161964
 30
-1.0
 11
2074.507940588526
 21
1951.289118161964
 31
0.0
  0
LINE
  5
D4A
330
1F
100
AcDbEntity
  8
Ramales
100
AcDbLine
 10
2084.507940588526
 20
1951.289118161964
 30
-1.0
 11
2084.507940588526
 21
1951.289118161964
 31
0.0
  0
LINE
  5
D4B
330
1F
100
AcDbEntity
  8
Ramales
100
AcDbLine
 10
2094.507940588992
 20
1951.289118161964
 30
-1.0
 11
2094.507940588992
 21
1951.289118161964
 31
0.0
  0
LINE
  5
D4C
330
1F
100
AcDbEntity
  8
Ramales
100
AcDbLine
 10
2104.507940588526
 20
1951.289118161964
 30
-1.0
 11
2104.507940588526
 21
1951.289118161964
 31
0.0
  0
LINE
  5
D4D
330
1F
100
AcDbEntity
  8
Ramales
100
AcDbLine
 10
2114.507940588526
 20
1951.289118161964
 30
-1.0
 11
2114.507940588526
 21
1951.289118161964
 31
0.0
  0
LINE
  5
D4E
330
1F
100
AcDbEntity
  8
Ramales
100
AcDbLine
 10
2124.507940588526
 20
1951.289118161964
 30
-1.0
 11
2124.507940588526
 21
1951.289118161964
 31
0.0
  0
LINE
  5
D4F
330
1F
100
AcDbEntity
  8
Ramales
100
AcDbLine
 10
2134.507940588526
 20
1951.289118161964
 30
-1.0
 11
2134.507940588526
 21
1951.289118161964
 31
0.0
  0
LINE
  5
D50
330
1F
100
AcDbEntity
  8
Ramales
100
AcDbLine
 10
2144.507940588527
 20
1951.289118161964
 30
-1.0
 11
2144.507940588527
 21
1951.289118161964
 31
0.0
  0
LINE
  5
D51
330
1F
100
AcDbEntity
  8
Ramales
100
AcDbLine
 10
2154.507940588526
 20
1951.289118161964
 30
-1.0
 11
2154.507940588526
 21
1951.289118161964
 31
0.0
  0
LINE
  5
D52
330
1F
100
AcDbEntity
  8
Ramales
100
AcDbLine
 10
2044.507940588992
 20
1941.289118161964
 30
-1.0
 11
2044.507940588992
 21
1941.289118161964
 31
0.0
  0
LINE
  5
D53
330
1F
100
AcDbEntity
  8
Ramales
100
AcDbLine
 10
2054.507940588992
 20
1941.289118161964
 30
-1.0
 11
2054.507940588992
 21
1941.289118161964
 31
0.0
  0
LINE
  5
D54
330
1F
100
AcDbEntity
  8
Ramales
100
AcDbLine
 10
2064.507940588992
 20
1941.289118161964
 30
-1.0
 11
2064.507940588992
 21
1941.289118161964
 31
0.0
  0
LINE
  5
D55
330
1F
100
AcDbEntity
  8
Ramales
100
AcDbLine
 10
2074.507940588992
 20
1941.289118161964
 30
-1.0
 11
2074.507940588992
 21
1941.289118161964
 31
0.0
  0
LINE
  5
D56
330
1F
100
AcDbEntity
  8
Ramales
100
AcDbLine
 10
2084.507940588992
 20
1941.289118161964
 30
-1.0
 11
2084.507940588992
 21
1941.289118161964
 31
0.0
  0
LINE
  5
D57
330
1F
100
AcDbEntity
  8
Ramales
100
AcDbLine
 10
2094.507940588992
 20
1941.289118161964
 30
-1.0
 11
2094.507940588992
 21
1941.289118161964
 31
0.0
  0
LINE
  5
D58
330
1F
100
AcDbEntity
  8
Ramales
100
AcDbLine
 10
2104.507940588526
 20
1941.289118161964
 30
-1.0
 11
2104.507940588526
 21
1941.289118161964
 31
0.0
  0
LINE
  5
D59
330
1F
100
AcDbEntity
  8
Ramales
100
AcDbLine
 10
2114.507940588526
 20
1941.289118161964
 30
-1.0
 11
2114.507940588526
 21
1941.289118161964
 31
0.0
  0
LINE
  5
D5A
330
1F
100
AcDbEntity
  8
Ramales
100
AcDbLine
 10
2124.507940588526
 20
1941.289118161964
 30
-1.0
 11
2124.507940588526
 21
1941.289118161964
 31
0.0
  0
LINE
  5
D5B
330
1F
100
AcDbEntity
  8
Ramales
100
AcDbLine
 10
2134.507940588992
 20
1941.289118161964
 30
-1.0
 11
2134.507940588992
 21
1941.289118161964
 31
0.0
  0
LINE
  5
D5C
330
1F
100
AcDbEntity
  8
Ramales
100
AcDbLine
 10
2144.507940588527
 20
1941.289118161964
 30
-1.0
 11
2144.507940588527
 21
1941.289118161964
 31
0.0
  0
LINE
  5
D5D
330
1F
100
AcDbEntity
  8
Ramales
100
AcDbLine
 10
2154.507940588526
 20
1941.289118161964
 30
-1.0
 11
2154.507940588526
 21
1941.289118161964
 31
0.0
  0
LINE
  5
D5E
330
1F
100
AcDbEntity
  8
Ramales
100
AcDbLine
 10
2044.507940588992
 20
1931.289118161964
 30
-1.0
 11
2044.507940588992
 21
1931.289118161964
 31
0.0
  0
LINE
  5
D5F
330
1F
100
AcDbEntity
  8
Ramales
100
AcDbLine
 10
2054.507940588992
 20
1931.289118161964
 30
-1.0
 11
2054.507940588992
 21
1931.289118161964
 31
0.0
  0
LINE
  5
D60
330
1F
100
AcDbEntity
  8
Ramales
100
AcDbLine
 10
2064.507940588992
 20
1931.289118161964
 30
-1.0
 11
2064.507940588992
 21
1931.289118161964
 31
0.0
  0
LINE
  5
D61
330
1F
100
AcDbEntity
  8
Ramales
100
AcDbLine
 10
2074.507940588992
 20
1931.289118161964
 30
-1.0
 11
2074.507940588992
 21
1931.289118161964
 31
0.0
  0
LINE
  5
D62
330
1F
100
AcDbEntity
  8
Ramales
100
AcDbLine
 10
2084.507940588992
 20
1931.289118161964
 30
-1.0
 11
2084.507940588992
 21
1931.289118161964
 31
0.0
  0
LINE
  5
D63
330
1F
100
AcDbEntity
  8
Ramales
100
AcDbLine
 10
2094.507940588992
 20
1931.289118161964
 30
-1.0
 11
2094.507940588992
 21
1931.289118161964
 31
0.0
  0
LINE
  5
D64
330
1F
100
AcDbEntity
  8
Ramales
100
AcDbLine
 10
2104.507940588526
 20
1931.289118161964
 30
-1.0
 11
2104.507940588526
 21
1931.289118161964
 31
0.0
  0
LINE
  5
D65
330
1F
100
AcDbEntity
  8
Ramales
100
AcDbLine
 10
2114.507940588526
 20
1931.289118161964
 30
-1.0
 11
2114.507940588526
 21
1931.289118161964
 31
0.0
  0
LINE
  5
D66
330
1F
100
AcDbEntity
  8
Ramales
100
AcDbLine
 10
2124.507940588526
 20
1931.289118161964
 30
-1.0
 11
2124.507940588526
 21
1931.289118161964
 31
0.0
  0
LINE
  5
D67
330
1F
100
AcDbEntity
  8
Ramales
100
AcDbLine
 10
2134.507940588526
 20
1931.289118161964
 30
-1.0
 11
2134.507940588526
 21
1931.289118161964
 31
0.0
  0
LINE
  5
D68
330
1F
100
AcDbEntity
  8
Ramales
100
AcDbLine
 10
2144.507940588527
 20
1931.289118161964
 30
-1.0
 11
2144.507940588527
 21
1931.289118161964
 31
0.0
  0
LINE
  5
D69
330
1F
100
AcDbEntity
  8
Ramales
100
AcDbLine
 10
2154.507940588526
 20
1931.289118161964
 30
-1.0
 11
2154.507940588526
 21
1931.289118161964
 31
0.0
  0
LINE
  5
D6A
330
1F
100
AcDbEntity
  8
Ramales
100
AcDbLine
 10
2044.507940588992
 20
1921.289118161964
 30
-1.0
 11
2044.507940588992
 21
1921.289118161964
 31
0.0
  0
LINE
  5
D6B
330
1F
100
AcDbEntity
  8
Ramales
100
AcDbLine
 10
2054.507940588527
 20
1921.289118161964
 30
-1.0
 11
2054.507940588527
 21
1921.289118161964
 31
0.0
  0
LINE
  5
D6C
330
1F
100
AcDbEntity
  8
Ramales
100
AcDbLine
 10
2064.507940588526
 20
1921.289118161964
 30
-1.0
 11
2064.507940588526
 21
1921.289118161964
 31
0.0
  0
LINE
  5
D6D
330
1F
100
AcDbEntity
  8
Ramales
100
AcDbLine
 10
2074.507940588526
 20
1921.289118161964
 30
-1.0
 11
2074.507940588526
 21
1921.289118161964
 31
0.0
  0
LINE
  5
D6E
330
1F
100
AcDbEntity
  8
Ramales
100
AcDbLine
 10
2084.507940588526
 20
1921.289118161964
 30
-1.0
 11
2084.507940588526
 21
1921.289118161964
 31
0.0
  0
LINE
  5
D6F
330
1F
100
AcDbEntity
  8
Ramales
100
AcDbLine
 10
2094.507940588992
 20
1921.289118161964
 30
-1.0
 11
2094.507940588992
 21
1921.289118161964
 31
0.0
  0
LINE
  5
D70
330
1F
100
AcDbEntity
  8
Ramales
100
AcDbLine
 10
2104.507940588526
 20
1921.289118161964
 30
-1.0
 11
2104.507940588526
 21
1921.289118161964
 31
0.0
  0
LINE
  5
D71
330
1F
100
AcDbEntity
  8
Ramales
100
AcDbLine
 10
2114.507940588526
 20
1921.289118161964
 30
-1.0
 11
2114.507940588526
 21
1921.289118161964
 31
0.0
  0
LINE
  5
D72
330
1F
100
AcDbEntity
  8
Ramales
100
AcDbLine
 10
2124.507940588526
 20
1921.289118161964
 30
-1.0
 11
2124.507940588526
 21
1921.289118161964
 31
0.0
  0
LINE
  5
D73
330
1F
100
AcDbEntity
  8
Ramales
100
AcDbLine
 10
2134.507940588526
 20
1921.289118161964
 30
-1.0
 11
2134.507940588526
 21
1921.289118161964
 31
0.0
  0
LINE
  5
D74
330
1F
100
AcDbEntity
  8
Ramales
100
AcDbLine
 10
2144.507940588527
 20
1921.289118161964
 30
-1.0
 11
2144.507940588527
 21
1921.289118161964
 31
0.0
  0
LINE
  5
D75
330
1F
100
AcDbEntity
  8
Ramales
100
AcDbLine
 10
2154.507940588526
 20
1921.289118161964
 30
-1.0
 11
2154.507940588526
 21
1921.289118161964
 31
0.0
  0
LINE
  5
D76
330
1F
100
AcDbEntity
  8
Ramales
100
AcDbLine
 10
2044.507940588992
 20
1911.289118163361
 30
-1.0
 11
2044.507940588992
 21
1911.289118163361
 31
0.0
  0
LINE
  5
D77
330
1F
100
AcDbEntity
  8
Ramales
100
AcDbLine
 10
2054.507940588527
 20
1911.289118163361
 30
-1.0
 11
2054.507940588527
 21
1911.289118163361
 31
0.0
  0
LINE
  5
D78
330
1F
100
AcDbEntity
  8
Ramales
100
AcDbLine
 10
2064.507940588526
 20
1911.289118163361
 30
-1.0
 11
2064.507940588526
 21
1911.289118163361
 31
0.0
  0
LINE
  5
D79
330
1F
100
AcDbEntity
  8
Ramales
100
AcDbLine
 10
2074.507940588526
 20
1911.289118163361
 30
-1.0
 11
2074.507940588526
 21
1911.289118163361
 31
0.0
  0
LINE
  5
D7A
330
1F
100
AcDbEntity
  8
Ramales
100
AcDbLine
 10
2084.507940588526
 20
1911.289118163361
 30
-1.0
 11
2084.507940588526
 21
1911.289118163361
 31
0.0
  0
LINE
  5
D7B
330
1F
100
AcDbEntity
  8
Ramales
100
AcDbLine
 10
2094.507940588992
 20
1911.289118163361
 30
-1.0
 11
2094.507940588992
 21
1911.289118163361
 31
0.0
  0
LINE
  5
D7C
330
1F
100
AcDbEntity
  8
Ramales
100
AcDbLine
 10
2104.507940588526
 20
1911.289118163361
 30
-1.0
 11
2104.507940588526
 21
1911.289118163361
 31
0.0
  0
LINE
  5
D7D
330
1F
100
AcDbEntity
  8
Ramales
100
AcDbLine
 10
2114.507940588526
 20
1911.289118163361
 30
-1.0
 11
2114.507940588526
 21
1911.289118163361
 31
0.0
  0
LINE
  5
D7E
330
1F
100
AcDbEntity
  8
Ramales
100
AcDbLine
 10
2124.507940588526
 20
1911.289118163361
 30
-1.0
 11
2124.507940588526
 21
1911.289118163361
 31
0.0
  0
LINE
  5
D7F
330
1F
100
AcDbEntity
  8
Ramales
100
AcDbLine
 10
2134.507940588526
 20
1911.289118163361
 30
-1.0
 11
2134.507940588526
 21
1911.289118163361
 31
0.0
  0
LINE
  5
D80
330
1F
100
AcDbEntity
  8
Ramales
100
AcDbLine
 10
2144.507940588527
 20
1911.289118163361
 30
-1.0
 11
2144.507940588527
 21
1911.289118163361
 31
0.0
  0
LINE
  5
D81
330
1F
100
AcDbEntity
  8
Ramales
100
AcDbLine
 10
2154.507940588526
 20
1911.289118163361
 30
-1.0
 11
2154.507940588526
 21
1911.289118163361
 31
0.0
  0
LINE
  5
D82
330
1F
100
AcDbEntity
  8
Ramales
100
AcDbLine
 10
2044.507940588992
 20
1901.289118161964
 30
-1.0
 11
2044.507940588992
 21
1901.289118161964
 31
0.0
  0
LINE
  5
D83
330
1F
100
AcDbEntity
  8
Ramales
100
AcDbLine
 10
2054.507940588527
 20
1901.289118161964
 30
-1.0
 11
2054.507940588527
 21
1901.289118161964
 31
0.0
  0
LINE
  5
D84
330
1F
100
AcDbEntity
  8
Ramales
100
AcDbLine
 10
2064.507940588526
 20
1901.289118161964
 30
-1.0
 11
2064.507940588526
 21
1901.289118161964
 31
0.0
  0
LINE
  5
D85
330
1F
100
AcDbEntity
  8
Ramales
100
AcDbLine
 10
2074.507940588526
 20
1901.289118161964
 30
-1.0
 11
2074.507940588526
 21
1901.289118161964
 31
0.0
  0
LINE
  5
D86
330
1F
100
AcDbEntity
  8
Ramales
100
AcDbLine
 10
2084.507940588526
 20
1901.289118161964
 30
-1.0
 11
2084.507940588526
 21
1901.289118161964
 31
0.0
  0
LINE
  5
D87
330
1F
100
AcDbEntity
  8
Ramales
100
AcDbLine
 10
2094.507940588992
 20
1901.289118161964
 30
-1.0
 11
2094.507940588992
 21
1901.289118161964
 31
0.0
  0
LINE
  5
D88
330
1F
100
AcDbEntity
  8
Ramales
100
AcDbLine
 10
2104.507940588526
 20
1901.289118161964
 30
-1.0
 11
2104.507940588526
 21
1901.289118161964
 31
0.0
  0
LINE
  5
D89
330
1F
100
AcDbEntity
  8
Ramales
100
AcDbLine
 10
2114.507940588526
 20
1901.289118161964
 30
-1.0
 11
2114.507940588526
 21
1901.289118161964
 31
0.0
  0
LINE
  5
D8A
330
1F
100
AcDbEntity
  8
Ramales
100
AcDbLine
 10
2124.507940588526
 20
1901.289118161964
 30
-1.0
 11
2124.507940588526
 21
1901.289118161964
 31
0.0
  0
LINE
  5
D8B
330
1F
100
AcDbEntity
  8
Ramales
100
AcDbLine
 10
2134.507940588526
 20
1901.289118161964
 30
-1.0
 11
2134.507940588526
 21
1901.289118161964
 31
0.0
  0
LINE
  5
D8C
330
1F
100
AcDbEntity
  8
Ramales
100
AcDbLine
 10
2144.507940588527
 20
1901.289118161964
 30
-1.0
 11
2144.507940588527
 21
1901.289118161964
 31
0.0
  0
LINE
  5
D8D
330
1F
100
AcDbEntity
  8
Ramales
100
AcDbLine
 10
2154.507940588526
 20
1901.289118161964
 30
-1.0
 11
2154.507940588526
 21
1901.289118161964
 31
0.0
  0
LINE
  5
D8E
330
1F
100
AcDbEntity
  8
Ramales
100
AcDbLine
 10
2044.507940588992
 20
1891.289118161964
 30
-1.0
 11
2044.507940588992
 21
1891.289118161964
 31
0.0
  0
LINE
  5
D8F
330
1F
100
AcDbEntity
  8
Ramales
100
AcDbLine
 10
2054.507940588527
 20
1891.289118161964
 30
-1.0
 11
2054.507940588527
 21
1891.289118161964
 31
0.0
  0
LINE
  5
D90
330
1F
100
AcDbEntity
  8
Ramales
100
AcDbLine
 10
2064.507940588526
 20
1891.289118161964
 30
-1.0
 11
2064.507940588526
 21
1891.289118161964
 31
0.0
  0
LINE
  5
D91
330
1F
100
AcDbEntity
  8
Ramales
100
AcDbLine
 10
2074.507940588526
 20
1891.289118161964
 30
-1.0
 11
2074.507940588526
 21
1891.289118161964
 31
0.0
  0
LINE
  5
D92
330
1F
100
AcDbEntity
  8
Ramales
100
AcDbLine
 10
2084.507940588526
 20
1891.289118161964
 30
-1.0
 11
2084.507940588526
 21
1891.289118161964
 31
0.0
  0
LINE
  5
D93
330
1F
100
AcDbEntity
  8
Ramales
100
AcDbLine
 10
2094.507940588992
 20
1891.289118161964
 30
-1.0
 11
2094.507940588992
 21
1891.289118161964
 31
0.0
  0
LINE
  5
D94
330
1F
100
AcDbEntity
  8
Ramales
100
AcDbLine
 10
2104.507940588526
 20
1891.289118161964
 30
-1.0
 11
2104.507940588526
 21
1891.289118161964
 31
0.0
  0
LINE
  5
D95
330
1F
100
AcDbEntity
  8
Ramales
100
AcDbLine
 10
2114.507940588526
 20
1891.289118161964
 30
-1.0
 11
2114.507940588526
 21
1891.289118161964
 31
0.0
  0
LINE
  5
D96
330
1F
100
AcDbEntity
  8
Ramales
100
AcDbLine
 10
2124.507940588526
 20
1891.289118161964
 30
-1.0
 11
2124.507940588526
 21
1891.289118161964
 31
0.0
  0
LINE
  5
D97
330
1F
100
AcDbEntity
  8
Ramales
100
AcDbLine
 10
2134.507940588526
 20
1891.289118161964
 30
-1.0
 11
2134.507940588526
 21
1891.289118161964
 31
0.0
  0
LINE
  5
D98
330
1F
100
AcDbEntity
  8
Ramales
100
AcDbLine
 10
2144.507940588527
 20
1891.289118161964
 30
-1.0
 11
2144.507940588527
 21
1891.289118161964
 31
0.0
  0
LINE
  5
D99
330
1F
100
AcDbEntity
  8
Ramales
100
AcDbLine
 10
2154.507940588526
 20
1891.289118161964
 30
-1.0
 11
2154.507940588526
 21
1891.289118161964
 31
0.0
  0
LINE
  5
D9A
330
1F
100
AcDbEntity
  8
Ramales
100
AcDbLine
 10
2044.507940588992
 20
1881.289118161964
 30
-1.0
 11
2044.507940588992
 21
1881.289118161964
 31
0.0
  0
LINE
  5
D9B
330
1F
100
AcDbEntity
  8
Ramales
100
AcDbLine
 10
2054.507940588527
 20
1881.289118161964
 30
-1.0
 11
2054.507940588527
 21
1881.289118161964
 31
0.0
  0
LINE
  5
D9C
330
1F
100
AcDbEntity
  8
Ramales
100
AcDbLine
 10
2064.507940588526
 20
1881.289118161964
 30
-1.0
 11
2064.507940588526
 21
1881.289118161964
 31
0.0
  0
LINE
  5
D9D
330
1F
100
AcDbEntity
  8
Ramales
100
AcDbLine
 10
2074.507940588526
 20
1881.289118161964
 30
-1.0
 11
2074.507940588526
 21
1881.289118161964
 31
0.0
  0
LINE
  5
D9E
330
1F
100
AcDbEntity
  8
Ramales
100
AcDbLine
 10
2084.507940588526
 20
1881.289118161964
 30
-1.0
 11
2084.507940588526
 21
1881.289118161964
 31
0.0
  0
LINE
  5
D9F
330
1F
100
AcDbEntity
  8
Ramales
100
AcDbLine
 10
2094.507940588992
 20
1881.289118161964
 30
-1.0
 11
2094.507940588992
 21
1881.289118161964
 31
0.0
  0
LINE
  5
DA0
330
1F
100
AcDbEntity
  8
Ramales
100
AcDbLine
 10
2104.507940588526
 20
1881.289118161964
 30
-1.0
 11
2104.507940588526
 21
1881.289118161964
 31
0.0
  0
LINE
  5
DA1
330
1F
100
AcDbEntity
  8
Ramales
100
AcDbLine
 10
2114.507940588992
 20
1881.289118161964
 30
-1.0
 11
2114.507940588992
 21
1881.289118161964
 31
0.0
  0
LINE
  5
DA2
330
1F
100
AcDbEntity
  8
Ramales
100
AcDbLine
 10
2124.507940588992
 20
1881.289118161964
 30
-1.0
 11
2124.507940588992
 21
1881.289118161964
 31
0.0
  0
LINE
  5
DA3
330
1F
100
AcDbEntity
  8
Ramales
100
AcDbLine
 10
2134.507940588992
 20
1881.289118161964
 30
-1.0
 11
2134.507940588992
 21
1881.289118161964
 31
0.0
  0
LINE
  5
DA4
330
1F
100
AcDbEntity
  8
Ramales
100
AcDbLine
 10
2144.507940588527
 20
1881.289118161964
 30
-1.0
 11
2144.507940588527
 21
1881.289118161964
 31
0.0
  0
LINE
  5
DA5
330
1F
100
AcDbEntity
  8
Ramales
100
AcDbLine
 10
2154.507940588526
 20
1881.289118161964
 30
-1.0
 11
2154.507940588526
 21
1881.289118161964
 31
0.0
  0
LINE
  5
DA6
330
1F
100
AcDbEntity
  8
Ramales
100
AcDbLine
 10
2044.507940588992
 20
1871.289118161964
 30
-1.0
 11
2044.507940588992
 21
1871.289118161964
 31
0.0
  0
LINE
  5
DA7
330
1F
100
AcDbEntity
  8
Ramales
100
AcDbLine
 10
2054.507940588527
 20
1871.289118161964
 30
-1.0
 11
2054.507940588527
 21
1871.289118161964
 31
0.0
  0
LINE
  5
DA8
330
1F
100
AcDbEntity
  8
Ramales
100
AcDbLine
 10
2064.507940588526
 20
1871.289118161964
 30
-1.0
 11
2064.507940588526
 21
1871.289118161964
 31
0.0
  0
LINE
  5
DA9
330
1F
100
AcDbEntity
  8
Ramales
100
AcDbLine
 10
2074.507940588526
 20
1871.289118161964
 30
-1.0
 11
2074.507940588526
 21
1871.289118161964
 31
0.0
  0
LINE
  5
DAA
330
1F
100
AcDbEntity
  8
Ramales
100
AcDbLine
 10
2084.507940588992
 20
1871.289118161964
 30
-1.0
 11
2084.507940588992
 21
1871.289118161964
 31
0.0
  0
LINE
  5
DAB
330
1F
100
AcDbEntity
  8
Ramales
100
AcDbLine
 10
2094.507940588992
 20
1871.289118161964
 30
-1.0
 11
2094.507940588992
 21
1871.289118161964
 31
0.0
  0
LINE
  5
DAC
330
1F
100
AcDbEntity
  8
Ramales
100
AcDbLine
 10
2104.507940588992
 20
1871.289118161964
 30
-1.0
 11
2104.507940588992
 21
1871.289118161964
 31
0.0
  0
LINE
  5
DAD
330
1F
100
AcDbEntity
  8
Ramales
100
AcDbLine
 10
2114.507940588992
 20
1871.289118161964
 30
-1.0
 11
2114.507940588992
 21
1871.289118161964
 31
0.0
  0
LINE
  5
DAE
330
1F
100
AcDbEntity
  8
Ramales
100
AcDbLine
 10
2124.507940588992
 20
1871.289118161964
 30
-1.0
 11
2124.507940588992
 21
1871.289118161964
 31
0.0
  0
LINE
  5
DAF
330
1F
100
AcDbEntity
  8
Ramales
100
AcDbLine
 10
2134.507940588992
 20
1871.289118161964
 30
-1.0
 11
2134.507940588992
 21
1871.289118161964
 31
0.0
  0
LINE
  5
DB0
330
1F
100
AcDbEntity
  8
Ramales
100
AcDbLine
 10
2144.507940588527
 20
1871.289118161964
 30
-1.0
 11
2144.507940588527
 21
1871.289118161964
 31
0.0
  0
LINE
  5
DB1
330
1F
100
AcDbEntity
  8
Ramales
100
AcDbLine
 10
2154.507940588526
 20
1871.289118161964
 30
-1.0
 11
2154.507940588526
 21
1871.289118161964
 31
0.0
  0
LINE
  5
DB2
330
1F
100
AcDbEntity
  8
Ramales
100
AcDbLine
 10
2044.507940588992
 20
1861.289118161964
 30
-1.0
 11
2044.507940588992
 21
1861.289118161964
 31
0.0
  0
LINE
  5
DB3
330
1F
100
AcDbEntity
  8
Ramales
100
AcDbLine
 10
2054.507940588527
 20
1861.289118161964
 30
-1.0
 11
2054.507940588527
 21
1861.289118161964
 31
0.0
  0
LINE
  5
DB4
330
1F
100
AcDbEntity
  8
Ramales
100
AcDbLine
 10
2064.507940588526
 20
1861.289118161964
 30
-1.0
 11
2064.507940588526
 21
1861.289118161964
 31
0.0
  0
LINE
  5
DB5
330
1F
100
AcDbEntity
  8
Ramales
100
AcDbLine
 10
2074.507940588526
 20
1861.289118161964
 30
-1.0
 11
2074.507940588526
 21
1861.289118161964
 31
0.0
  0
LINE
  5
DB6
330
1F
100
AcDbEntity
  8
Ramales
100
AcDbLine
 10
2084.507940588526
 20
1861.289118161964
 30
-1.0
 11
2084.507940588526
 21
1861.289118161964
 31
0.0
  0
LINE
  5
DB7
330
1F
100
AcDbEntity
  8
Ramales
100
AcDbLine
 10
2094.507940588992
 20
1861.289118161964
 30
-1.0
 11
2094.507940588992
 21
1861.289118161964
 31
0.0
  0
LINE
  5
DB8
330
1F
100
AcDbEntity
  8
Ramales
100
AcDbLine
 10
2104.507940588526
 20
1861.289118161964
 30
-1.0
 11
2104.507940588526
 21
1861.289118161964
 31
0.0
  0
LINE
  5
DB9
330
1F
100
AcDbEntity
  8
Ramales
100
AcDbLine
 10
2114.507940588526
 20
1861.289118161964
 30
-1.0
 11
2114.507940588526
 21
1861.289118161964
 31
0.0
  0
LINE
  5
DBA
330
1F
100
AcDbEntity
  8
Ramales
100
AcDbLine
 10
2124.507940588526
 20
1861.289118161964
 30
-1.0
 11
2124.507940588526
 21
1861.289118161964
 31
0.0
  0
LINE
  5
DBB
330
1F
100
AcDbEntity
  8
Ramales
100
AcDbLine
 10
2134.507940588526
 20
1861.289118161964
 30
-1.0
 11
2134.507940588526
 21
1861.289118161964
 31
0.0
  0
LINE
  5
DBC
330
1F
100
AcDbEntity
  8
Ramales
100
AcDbLine
 10
2144.507940588527
 20
1861.289118161964
 30
-1.0
 11
2144.507940588527
 21
1861.289118161964
 31
0.0
  0
LINE
  5
DBD
330
1F
100
AcDbEntity
  8
Ramales
100
AcDbLine
 10
2154.507940588526
 20
1861.289118161964
 30
-1.0
 11
2154.507940588526
 21
1861.289118161964
 31
0.0
  0
LINE
  5
DBE
330
1F
100
AcDbEntity
  8
Ramales
100
AcDbLine
 10
2044.507940588992
 20
1851.289118161964
 30
-1.0
 11
2044.507940588992
 21
1851.289118161964
 31
0.0
  0
LINE
  5
DBF
330
1F
100
AcDbEntity
  8
Ramales
100
AcDbLine
 10
2054.507940588527
 20
1851.289118161964
 30
-1.0
 11
2054.507940588527
 21
1851.289118161964
 31
0.0
  0
LINE
  5
DC0
330
1F
100
AcDbEntity
  8
Ramales
100
AcDbLine
 10
2064.507940588526
 20
1851.289118161964
 30
-1.0
 11
2064.507940588526
 21
1851.289118161964
 31
0.0
  0
LINE
  5
DC1
330
1F
100
AcDbEntity
  8
Ramales
100
AcDbLine
 10
2074.507940588526
 20
1851.289118161964
 30
-1.0
 11
2074.507940588526
 21
1851.289118161964
 31
0.0
  0
LINE
  5
DC2
330
1F
100
AcDbEntity
  8
Ramales
100
AcDbLine
 10
2084.507940588526
 20
1851.289118161964
 30
-1.0
 11
2084.507940588526
 21
1851.289118161964
 31
0.0
  0
LINE
  5
DC3
330
1F
100
AcDbEntity
  8
Ramales
100
AcDbLine
 10
2094.507940588992
 20
1851.289118161964
 30
-1.0
 11
2094.507940588992
 21
1851.289118161964
 31
0.0
  0
LINE
  5
DC4
330
1F
100
AcDbEntity
  8
Ramales
100
AcDbLine
 10
2104.507940588526
 20
1851.289118161964
 30
-1.0
 11
2104.507940588526
 21
1851.289118161964
 31
0.0
  0
LINE
  5
DC5
330
1F
100
AcDbEntity
  8
Ramales
100
AcDbLine
 10
2114.507940588526
 20
1851.289118161964
 30
-1.0
 11
2114.507940588526
 21
1851.289118161964
 31
0.0
  0
LINE
  5
DC6
330
1F
100
AcDbEntity
  8
Ramales
100
AcDbLine
 10
2124.507940588526
 20
1851.289118161964
 30
-1.0
 11
2124.507940588526
 21
1851.289118161964
 31
0.0
  0
LINE
  5
DC7
330
1F
100
AcDbEntity
  8
Ramales
100
AcDbLine
 10
2134.507940588526
 20
1851.289118161964
 30
-1.0
 11
2134.507940588526
 21
1851.289118161964
 31
0.0
  0
LINE
  5
DC8
330
1F
100
AcDbEntity
  8
Ramales
100
AcDbLine
 10
2144.507940588527
 20
1851.289118161964
 30
-1.0
 11
2144.507940588527
 21
1851.289118161964
 31
0.0
  0
LINE
  5
DC9
330
1F
100
AcDbEntity
  8
Ramales
100
AcDbLine
 10
2154.507940588526
 20
1851.289118161964
 30
-1.0
 11
2154.507940588526
 21
1851.289118161964
 31
0.0
  0
LINE
  5
DCA
330
1F
100
AcDbEntity
  8
Ramales
100
AcDbLine
 10
2044.507940588992
 20
1841.289118163361
 30
-1.0
 11
2044.507940588992
 21
1841.289118163361
 31
0.0
  0
LINE
  5
DCB
330
1F
100
AcDbEntity
  8
Ramales
100
AcDbLine
 10
2054.507940588527
 20
1841.289118163361
 30
-1.0
 11
2054.507940588527
 21
1841.289118163361
 31
0.0
  0
LINE
  5
DCC
330
1F
100
AcDbEntity
  8
Ramales
100
AcDbLine
 10
2064.507940588526
 20
1841.289118163361
 30
-1.0
 11
2064.507940588526
 21
1841.289118163361
 31
0.0
  0
LINE
  5
DCD
330
1F
100
AcDbEntity
  8
Ramales
100
AcDbLine
 10
2074.507940588526
 20
1841.289118163361
 30
-1.0
 11
2074.507940588526
 21
1841.289118163361
 31
0.0
  0
LINE
  5
DCE
330
1F
100
AcDbEntity
  8
Ramales
100
AcDbLine
 10
2084.507940588992
 20
1841.289118163361
 30
-1.0
 11
2084.507940588992
 21
1841.289118163361
 31
0.0
  0
LINE
  5
DCF
330
1F
100
AcDbEntity
  8
Ramales
100
AcDbLine
 10
2094.507940588992
 20
1841.289118163361
 30
-1.0
 11
2094.507940588992
 21
1841.289118163361
 31
0.0
  0
LINE
  5
DD0
330
1F
100
AcDbEntity
  8
Ramales
100
AcDbLine
 10
2104.507940588992
 20
1841.289118163361
 30
-1.0
 11
2104.507940588992
 21
1841.289118163361
 31
0.0
  0
LINE
  5
DD1
330
1F
100
AcDbEntity
  8
Ramales
100
AcDbLine
 10
2114.507940588992
 20
1841.289118163361
 30
-1.0
 11
2114.507940588992
 21
1841.289118163361
 31
0.0
  0
LINE
  5
DD2
330
1F
100
AcDbEntity
  8
Ramales
100
AcDbLine
 10
2124.507940588992
 20
1841.289118163361
 30
-1.0
 11
2124.507940588992
 21
1841.289118163361
 31
0.0
  0
LINE
  5
DD3
330
1F
100
AcDbEntity
  8
Ramales
100
AcDbLine
 10
2134.507940588992
 20
1841.289118163361
 30
-1.0
 11
2134.507940588992
 21
1841.289118163361
 31
0.0
  0
LINE
  5
DD4
330
1F
100
AcDbEntity
  8
Ramales
100
AcDbLine
 10
2144.507940588527
 20
1841.289118163361
 30
-1.0
 11
2144.507940588527
 21
1841.289118163361
 31
0.0
  0
LINE
  5
DD5
330
1F
100
AcDbEntity
  8
Ramales
100
AcDbLine
 10
2154.507940588992
 20
1841.289118163361
 30
-1.0
 11
2154.507940588992
 21
1841.289118163361
 31
0.0
  0
LINE
  5
DD6
330
1F
100
AcDbEntity
  8
Ramales
100
AcDbLine
 10
2044.507940588992
 20
1831.289118161964
 30
-1.0
 11
2044.507940588992
 21
1831.289118161964
 31
0.0
  0
LINE
  5
DD7
330
1F
100
AcDbEntity
  8
Ramales
100
AcDbLine
 10
2054.507940588527
 20
1831.289118161964
 30
-1.0
 11
2054.507940588527
 21
1831.289118161964
 31
0.0
  0
LINE
  5
DD8
330
1F
100
AcDbEntity
  8
Ramales
100
AcDbLine
 10
2064.507940588526
 20
1831.289118161964
 30
-1.0
 11
2064.507940588526
 21
1831.289118161964
 31
0.0
  0
LINE
  5
DD9
330
1F
100
AcDbEntity
  8
Ramales
100
AcDbLine
 10
2074.507940588526
 20
1831.289118161964
 30
-1.0
 11
2074.507940588526
 21
1831.289118161964
 31
0.0
  0
LINE
  5
DDA
330
1F
100
AcDbEntity
  8
Ramales
100
AcDbLine
 10
2084.507940588526
 20
1831.289118161964
 30
-1.0
 11
2084.507940588526
 21
1831.289118161964
 31
0.0
  0
LINE
  5
DDB
330
1F
100
AcDbEntity
  8
Ramales
100
AcDbLine
 10
2094.507940588992
 20
1831.289118161964
 30
-1.0
 11
2094.507940588992
 21
1831.289118161964
 31
0.0
  0
LINE
  5
DDC
330
1F
100
AcDbEntity
  8
Ramales
100
AcDbLine
 10
2104.507940588526
 20
1831.289118161964
 30
-1.0
 11
2104.507940588526
 21
1831.289118161964
 31
0.0
  0
LINE
  5
DDD
330
1F
100
AcDbEntity
  8
Ramales
100
AcDbLine
 10
2114.507940588526
 20
1831.289118161964
 30
-1.0
 11
2114.507940588526
 21
1831.289118161964
 31
0.0
  0
LINE
  5
DDE
330
1F
100
AcDbEntity
  8
Ramales
100
AcDbLine
 10
2124.507940588526
 20
1831.289118161964
 30
-1.0
 11
2124.507940588526
 21
1831.289118161964
 31
0.0
  0
LINE
  5
DDF
330
1F
100
AcDbEntity
  8
Ramales
100
AcDbLine
 10
2134.507940588992
 20
1831.289118161964
 30
-1.0
 11
2134.507940588992
 21
1831.289118161964
 31
0.0
  0
LINE
  5
DE0
330
1F
100
AcDbEntity
  8
Ramales
100
AcDbLine
 10
2144.507940588527
 20
1831.289118161964
 30
-1.0
 11
2144.507940588527
 21
1831.289118161964
 31
0.0
  0
LINE
  5
DE1
330
1F
100
AcDbEntity
  8
Ramales
100
AcDbLine
 10
2154.507940588992
 20
1831.289118161964
 30
-1.0
 11
2154.507940588992
 21
1831.289118161964
 31
0.0
  0
LINE
  5
DE2
330
1F
100
AcDbEntity
  8
Ramales
100
AcDbLine
 10
2044.507940588992
 20
1821.289118161964
 30
-1.0
 11
2044.507940588992
 21
1821.289118161964
 31
0.0
  0
LINE
  5
DE3
330
1F
100
AcDbEntity
  8
Ramales
100
AcDbLine
 10
2054.507940588992
 20
1821.289118161964
 30
-1.0
 11
2054.507940588992
 21
1821.289118161964
 31
0.0
  0
LINE
  5
DE4
330
1F
100
AcDbEntity
  8
Ramales
100
AcDbLine
 10
2064.507940588992
 20
1821.289118161964
 30
-1.0
 11
2064.507940588992
 21
1821.289118161964
 31
0.0
  0
LINE
  5
DE5
330
1F
100
AcDbEntity
  8
Ramales
100
AcDbLine
 10
2074.507940588992
 20
1821.289118161964
 30
-1.0
 11
2074.507940588992
 21
1821.289118161964
 31
0.0
  0
LINE
  5
DE6
330
1F
100
AcDbEntity
  8
Ramales
100
AcDbLine
 10
2084.507940588992
 20
1821.289118161964
 30
-1.0
 11
2084.507940588992
 21
1821.289118161964
 31
0.0
  0
LINE
  5
DE7
330
1F
100
AcDbEntity
  8
Ramales
100
AcDbLine
 10
2094.507940588992
 20
1821.289118161964
 30
-1.0
 11
2094.507940588992
 21
1821.289118161964
 31
0.0
  0
LINE
  5
DE8
330
1F
100
AcDbEntity
  8
Ramales
100
AcDbLine
 10
2104.507940588992
 20
1821.289118161964
 30
-1.0
 11
2104.507940588992
 21
1821.289118161964
 31
0.0
  0
LINE
  5
DE9
330
1F
100
AcDbEntity
  8
Ramales
100
AcDbLine
 10
2114.507940588526
 20
1821.289118161964
 30
-1.0
 11
2114.507940588526
 21
1821.289118161964
 31
0.0
  0
LINE
  5
DEA
330
1F
100
AcDbEntity
  8
Ramales
100
AcDbLine
 10
2124.507940588526
 20
1821.289118161964
 30
-1.0
 11
2124.507940588526
 21
1821.289118161964
 31
0.0
  0
LINE
  5
DEB
330
1F
100
AcDbEntity
  8
Ramales
100
AcDbLine
 10
2134.507940588526
 20
1821.289118161964
 30
-1.0
 11
2134.507940588526
 21
1821.289118161964
 31
0.0
  0
LINE
  5
DEC
330
1F
100
AcDbEntity
  8
Ramales
100
AcDbLine
 10
2144.507940588527
 20
1821.289118161964
 30
-1.0
 11
2144.507940588527
 21
1821.289118161964
 31
0.0
  0
LINE
  5
DED
330
1F
100
AcDbEntity
  8
Ramales
100
AcDbLine
 10
2154.507940588526
 20
1821.289118161964
 30
-1.0
 11
2154.507940588526
 21
1821.289118161964
 31
0.0
  0
LINE
  5
DEE
330
1F
100
AcDbEntity
  8
Ramales
100
AcDbLine
 10
2044.507940588992
 20
1811.289118161964
 30
-1.0
 11
2044.507940588992
 21
1811.289118161964
 31
0.0
  0
LINE
  5
DEF
330
1F
100
AcDbEntity
  8
Ramales
100
AcDbLine
 10
2054.507940588527
 20
1811.289118161964
 30
-1.0
 11
2054.507940588527
 21
1811.289118161964
 31
0.0
  0
LINE
  5
DF0
330
1F
100
AcDbEntity
  8
Ramales
100
AcDbLine
 10
2064.507940588526
 20
1811.289118161964
 30
-1.0
 11
2064.507940588526
 21
1811.289118161964
 31
0.0
  0
LINE
  5
DF1
330
1F
100
AcDbEntity
  8
Ramales
100
AcDbLine
 10
2074.507940588526
 20
1811.289118161964
 30
-1.0
 11
2074.507940588526
 21
1811.289118161964
 31
0.0
  0
LINE
  5
DF2
330
1F
100
AcDbEntity
  8
Ramales
100
AcDbLine
 10
2084.507940588992
 20
1811.289118161964
 30
-1.0
 11
2084.507940588992
 21
1811.289118161964
 31
0.0
  0
LINE
  5
DF3
330
1F
100
AcDbEntity
  8
Ramales
100
AcDbLine
 10
2094.507940588992
 20
1811.289118161964
 30
-1.0
 11
2094.507940588992
 21
1811.289118161964
 31
0.0
  0
LINE
  5
DF4
330
1F
100
AcDbEntity
  8
Ramales
100
AcDbLine
 10
2104.507940588992
 20
1811.289118161964
 30
-1.0
 11
2104.507940588992
 21
1811.289118161964
 31
0.0
  0
LINE
  5
DF5
330
1F
100
AcDbEntity
  8
Ramales
100
AcDbLine
 10
2114.507940588526
 20
1811.289118161964
 30
-1.0
 11
2114.507940588526
 21
1811.289118161964
 31
0.0
  0
LINE
  5
DF6
330
1F
100
AcDbEntity
  8
Ramales
100
AcDbLine
 10
2124.507940588526
 20
1811.289118161964
 30
-1.0
 11
2124.507940588526
 21
1811.289118161964
 31
0.0
  0
LINE
  5
DF7
330
1F
100
AcDbEntity
  8
Ramales
100
AcDbLine
 10
2134.507940588526
 20
1811.289118161964
 30
-1.0
 11
2134.507940588526
 21
1811.289118161964
 31
0.0
  0
LINE
  5
DF8
330
1F
100
AcDbEntity
  8
Ramales
100
AcDbLine
 10
2144.507940588527
 20
1811.289118161964
 30
-1.0
 11
2144.507940588527
 21
1811.289118161964
 31
0.0
  0
LINE
  5
DF9
330
1F
100
AcDbEntity
  8
Ramales
100
AcDbLine
 10
2154.507940588526
 20
1811.289118161964
 30
-1.0
 11
2154.507940588526
 21
1811.289118161964
 31
0.0
  0
LINE
  5
DFA
330
1F
100
AcDbEntity
  8
Ramales
100
AcDbLine
 10
2044.507940588992
 20
1801.289118161964
 30
-1.0
 11
2044.507940588992
 21
1801.289118161964
 31
0.0
  0
LINE
  5
DFB
330
1F
100
AcDbEntity
  8
Ramales
100
AcDbLine
 10
2054.507940588527
 20
1801.289118161964
 30
-1.0
 11
2054.507940588527
 21
1801.289118161964
 31
0.0
  0
LINE
  5
DFC
330
1F
100
AcDbEntity
  8
Ramales
100
AcDbLine
 10
2064.507940588526
 20
1801.289118161964
 30
-1.0
 11
2064.507940588526
 21
1801.289118161964
 31
0.0
  0
LINE
  5
DFD
330
1F
100
AcDbEntity
  8
Ramales
100
AcDbLine
 10
2074.507940588526
 20
1801.289118161964
 30
-1.0
 11
2074.507940588526
 21
1801.289118161964
 31
0.0
  0
LINE
  5
DFE
330
1F
100
AcDbEntity
  8
Ramales
100
AcDbLine
 10
2084.507940588526
 20
1801.289118161964
 30
-1.0
 11
2084.507940588526
 21
1801.289118161964
 31
0.0
  0
LINE
  5
DFF
330
1F
100
AcDbEntity
  8
Ramales
100
AcDbLine
 10
2094.507940588992
 20
1801.289118161964
 30
-1.0
 11
2094.507940588992
 21
1801.289118161964
 31
0.0
  0
LINE
  5
E00
330
1F
100
AcDbEntity
  8
Ramales
100
AcDbLine
 10
2104.507940588992
 20
1801.289118161964
 30
-1.0
 11
2104.507940588992
 21
1801.289118161964
 31
0.0
  0
LINE
  5
E01
330
1F
100
AcDbEntity
  8
Ramales
100
AcDbLine
 10
2114.507940588992
 20
1801.289118161964
 30
-1.0
 11
2114.507940588992
 21
1801.289118161964
 31
0.0
  0
LINE
  5
E02
330
1F
100
AcDbEntity
  8
Ramales
100
AcDbLine
 10
2124.507940588992
 20
1801.289118161964
 30
-1.0
 11
2124.507940588992
 21
1801.289118161964
 31
0.0
  0
LINE
  5
E03
330
1F
100
AcDbEntity
  8
Ramales
100
AcDbLine
 10
2134.507940588992
 20
1801.289118161964
 30
-1.0
 11
2134.507940588992
 21
1801.289118161964
 31
0.0
  0
LINE
  5
E04
330
1F
100
AcDbEntity
  8
Ramales
100
AcDbLine
 10
2144.507940588527
 20
1801.289118161964
 30
-1.0
 11
2144.507940588527
 21
1801.289118161964
 31
0.0
  0
LINE
  5
E05
330
1F
100
AcDbEntity
  8
Ramales
100
AcDbLine
 10
2154.507940588992
 20
1801.289118161964
 30
-1.0
 11
2154.507940588992
 21
1801.289118161964
 31
0.0
  0
LINE
  5
E06
330
1F
100
AcDbEntity
  8
Ramales
100
AcDbLine
 10
2044.507940588992
 20
1791.28911816336
 30
-1.0
 11
2044.507940588992
 21
1791.28911816336
 31
0.0
  0
LINE
  5
E07
330
1F
100
AcDbEntity
  8
Ramales
100
AcDbLine
 10
2054.507940588527
 20
1791.28911816336
 30
-1.0
 11
2054.507940588527
 21
1791.28911816336
 31
0.0
  0
LINE
  5
E08
330
1F
100
AcDbEntity
  8
Ramales
100
AcDbLine
 10
2064.507940588526
 20
1791.28911816336
 30
-1.0
 11
2064.507940588526
 21
1791.28911816336
 31
0.0
  0
LINE
  5
E09
330
1F
100
AcDbEntity
  8
Ramales
100
AcDbLine
 10
2074.507940588526
 20
1791.28911816336
 30
-1.0
 11
2074.507940588526
 21
1791.28911816336
 31
0.0
  0
LINE
  5
E0A
330
1F
100
AcDbEntity
  8
Ramales
100
AcDbLine
 10
2084.507940588992
 20
1791.28911816336
 30
-1.0
 11
2084.507940588992
 21
1791.28911816336
 31
0.0
  0
LINE
  5
E0B
330
1F
100
AcDbEntity
  8
Ramales
100
AcDbLine
 10
2094.507940588992
 20
1791.28911816336
 30
-1.0
 11
2094.507940588992
 21
1791.28911816336
 31
0.0
  0
LINE
  5
E0C
330
1F
100
AcDbEntity
  8
Ramales
100
AcDbLine
 10
2104.507940588992
 20
1791.28911816336
 30
-1.0
 11
2104.507940588992
 21
1791.28911816336
 31
0.0
  0
LINE
  5
E0D
330
1F
100
AcDbEntity
  8
Ramales
100
AcDbLine
 10
2114.507940588992
 20
1791.28911816336
 30
-1.0
 11
2114.507940588992
 21
1791.28911816336
 31
0.0
  0
LINE
  5
E0E
330
1F
100
AcDbEntity
  8
Ramales
100
AcDbLine
 10
2124.507940588992
 20
1791.28911816336
 30
-1.0
 11
2124.507940588992
 21
1791.28911816336
 31
0.0
  0
LINE
  5
E0F
330
1F
100
AcDbEntity
  8
Ramales
100
AcDbLine
 10
2134.507940588992
 20
1791.28911816336
 30
-1.0
 11
2134.507940588992
 21
1791.28911816336
 31
0.0
  0
LINE
  5
E10
330
1F
100
AcDbEntity
  8
Ramales
100
AcDbLine
 10
2144.507940588527
 20
1791.28911816336
 30
-1.0
 11
2144.507940588527
 21
1791.28911816336
 31
0.0
  0
LINE
  5
E11
330
1F
100
AcDbEntity
  8
Ramales
100
AcDbLine
 10
2154.507940588992
 20
1791.28911816336
 30
-1.0
 11
2154.507940588992
 21
1791.28911816336
 31
0.0
  0
LINE
  5
E12
330
1F
100
AcDbEntity
  8
Ramales
100
AcDbLine
 10
2044.507940588992
 20
1781.289118161964
 30
-1.0
 11
2044.507940588992
 21
1781.289118161964
 31
0.0
  0
LINE
  5
E13
330
1F
100
AcDbEntity
  8
Ramales
100
AcDbLine
 10
2054.507940588527
 20
1781.289118161964
 30
-1.0
 11
2054.507940588527
 21
1781.289118161964
 31
0.0
  0
LINE
  5
E14
330
1F
100
AcDbEntity
  8
Ramales
100
AcDbLine
 10
2064.507940588526
 20
1781.289118161964
 30
-1.0
 11
2064.507940588526
 21
1781.289118161964
 31
0.0
  0
LINE
  5
E15
330
1F
100
AcDbEntity
  8
Ramales
100
AcDbLine
 10
2074.507940588526
 20
1781.289118161964
 30
-1.0
 11
2074.507940588526
 21
1781.289118161964
 31
0.0
  0
LINE
  5
E16
330
1F
100
AcDbEntity
  8
Ramales
100
AcDbLine
 10
2084.507940588526
 20
1781.289118161964
 30
-1.0
 11
2084.507940588526
 21
1781.289118161964
 31
0.0
  0
LINE
  5
E17
330
1F
100
AcDbEntity
  8
Ramales
100
AcDbLine
 10
2094.507940588992
 20
1781.289118161964
 30
-1.0
 11
2094.507940588992
 21
1781.289118161964
 31
0.0
  0
LINE
  5
E18
330
1F
100
AcDbEntity
  8
Ramales
100
AcDbLine
 10
2104.507940588526
 20
1781.289118161964
 30
-1.0
 11
2104.507940588526
 21
1781.289118161964
 31
0.0
  0
LINE
  5
E19
330
1F
100
AcDbEntity
  8
Ramales
100
AcDbLine
 10
2114.507940588526
 20
1781.289118161964
 30
-1.0
 11
2114.507940588526
 21
1781.289118161964
 31
0.0
  0
LINE
  5
E1A
330
1F
100
AcDbEntity
  8
Ramales
100
AcDbLine
 10
2124.507940588526
 20
1781.289118161964
 30
-1.0
 11
2124.507940588526
 21
1781.289118161964
 31
0.0
  0
LINE
  5
E1B
330
1F
100
AcDbEntity
  8
Ramales
100
AcDbLine
 10
2134.507940588526
 20
1781.289118161964
 30
-1.0
 11
2134.507940588526
 21
1781.289118161964
 31
0.0
  0
LINE
  5
E1C
330
1F
100
AcDbEntity
  8
Ramales
100
AcDbLine
 10
2144.507940588527
 20
1781.289118161964
 30
-1.0
 11
2144.507940588527
 21
1781.289118161964
 31
0.0
  0
LINE
  5
E1D
330
1F
100
AcDbEntity
  8
Ramales
100
AcDbLine
 10
2154.507940588526
 20
1781.289118161964
 30
-1.0
 11
2154.507940588526
 21
1781.289118161964
 31
0.0
  0
LINE
  5
E1E
330
1F
100
AcDbEntity
  8
Ramales
100
AcDbLine
 10
2044.507940588992
 20
1771.289118161964
 30
-1.0
 11
2044.507940588992
 21
1771.289118161964
 31
0.0
  0
LINE
  5
E1F
330
1F
100
AcDbEntity
  8
Ramales
100
AcDbLine
 10
2054.507940588527
 20
1771.289118161964
 30
-1.0
 11
2054.507940588527
 21
1771.289118161964
 31
0.0
  0
LINE
  5
E20
330
1F
100
AcDbEntity
  8
Ramales
100
AcDbLine
 10
2064.507940588526
 20
1771.289118161964
 30
-1.0
 11
2064.507940588526
 21
1771.289118161964
 31
0.0
  0
LINE
  5
E21
330
1F
100
AcDbEntity
  8
Ramales
100
AcDbLine
 10
2074.507940588526
 20
1771.289118161964
 30
-1.0
 11
2074.507940588526
 21
1771.289118161964
 31
0.0
  0
LINE
  5
E22
330
1F
100
AcDbEntity
  8
Ramales
100
AcDbLine
 10
2084.507940588526
 20
1771.289118161964
 30
-1.0
 11
2084.507940588526
 21
1771.289118161964
 31
0.0
  0
LINE
  5
E23
330
1F
100
AcDbEntity
  8
Ramales
100
AcDbLine
 10
2094.507940588992
 20
1771.289118161964
 30
-1.0
 11
2094.507940588992
 21
1771.289118161964
 31
0.0
  0
LINE
  5
E24
330
1F
100
AcDbEntity
  8
Ramales
100
AcDbLine
 10
2104.507940588526
 20
1771.289118161964
 30
-1.0
 11
2104.507940588526
 21
1771.289118161964
 31
0.0
  0
LINE
  5
E25
330
1F
100
AcDbEntity
  8
Ramales
100
AcDbLine
 10
2114.507940588526
 20
1771.289118161964
 30
-1.0
 11
2114.507940588526
 21
1771.289118161964
 31
0.0
  0
LINE
  5
E26
330
1F
100
AcDbEntity
  8
Ramales
100
AcDbLine
 10
2124.507940588526
 20
1771.289118161964
 30
-1.0
 11
2124.507940588526
 21
1771.289118161964
 31
0.0
  0
LINE
  5
E27
330
1F
100
AcDbEntity
  8
Ramales
100
AcDbLine
 10
2134.507940588526
 20
1771.289118161964
 30
-1.0
 11
2134.507940588526
 21
1771.289118161964
 31
0.0
  0
LINE
  5
E28
330
1F
100
AcDbEntity
  8
Ramales
100
AcDbLine
 10
2144.507940588527
 20
1771.289118161964
 30
-1.0
 11
2144.507940588527
 21
1771.289118161964
 31
0.0
  0
LINE
  5
E29
330
1F
100
AcDbEntity
  8
Ramales
100
AcDbLine
 10
2154.507940588526
 20
1771.289118161964
 30
-1.0
 11
2154.507940588526
 21
1771.289118161964
 31
0.0
  0
LINE
  5
E2A
330
1F
100
AcDbEntity
  8
Ramales
100
AcDbLine
 10
2044.507940588992
 20
1761.289118161964
 30
-1.0
 11
2044.507940588992
 21
1761.289118161964
 31
0.0
  0
LINE
  5
E2B
330
1F
100
AcDbEntity
  8
Ramales
100
AcDbLine
 10
2054.507940588527
 20
1761.289118161964
 30
-1.0
 11
2054.507940588527
 21
1761.289118161964
 31
0.0
  0
LINE
  5
E2C
330
1F
100
AcDbEntity
  8
Ramales
100
AcDbLine
 10
2064.507940588526
 20
1761.289118161964
 30
-1.0
 11
2064.507940588526
 21
1761.289118161964
 31
0.0
  0
LINE
  5
E2D
330
1F
100
AcDbEntity
  8
Ramales
100
AcDbLine
 10
2074.507940588526
 20
1761.289118161964
 30
-1.0
 11
2074.507940588526
 21
1761.289118161964
 31
0.0
  0
LINE
  5
E2E
330
1F
100
AcDbEntity
  8
Ramales
100
AcDbLine
 10
2084.507940588526
 20
1761.289118161964
 30
-1.0
 11
2084.507940588526
 21
1761.289118161964
 31
0.0
  0
LINE
  5
E2F
330
1F
100
AcDbEntity
  8
Ramales
100
AcDbLine
 10
2094.507940588992
 20
1761.289118161964
 30
-1.0
 11
2094.507940588992
 21
1761.289118161964
 31
0.0
  0
LINE
  5
E30
330
1F
100
AcDbEntity
  8
Ramales
100
AcDbLine
 10
2104.507940588526
 20
1761.289118161964
 30
-1.0
 11
2104.507940588526
 21
1761.289118161964
 31
0.0
  0
LINE
  5
E31
330
1F
100
AcDbEntity
  8
Ramales
100
AcDbLine
 10
2114.507940588526
 20
1761.289118161964
 30
-1.0
 11
2114.507940588526
 21
1761.289118161964
 31
0.0
  0
LINE
  5
E32
330
1F
100
AcDbEntity
  8
Ramales
100
AcDbLine
 10
2124.507940588526
 20
1761.289118161964
 30
-1.0
 11
2124.507940588526
 21
1761.289118161964
 31
0.0
  0
LINE
  5
E33
330
1F
100
AcDbEntity
  8
Ramales
100
AcDbLine
 10
2134.507940588526
 20
1761.289118161964
 30
-1.0
 11
2134.507940588526
 21
1761.289118161964
 31
0.0
  0
LINE
  5
E34
330
1F
100
AcDbEntity
  8
Ramales
100
AcDbLine
 10
2144.507940588527
 20
1761.289118161964
 30
-1.0
 11
2144.507940588527
 21
1761.289118161964
 31
0.0
  0
LINE
  5
E35
330
1F
100
AcDbEntity
  8
Ramales
100
AcDbLine
 10
2154.507940588526
 20
1761.289118161964
 30
-1.0
 11
2154.507940588526
 21
1761.289118161964
 31
0.0
  0
LINE
  5
E36
330
1F
100
AcDbEntity
  8
Ramales
100
AcDbLine
 10
2044.507940588992
 20
1751.289118161964
 30
-1.0
 11
2044.507940588992
 21
1751.289118161964
 31
0.0
  0
LINE
  5
E37
330
1F
100
AcDbEntity
  8
Ramales
100
AcDbLine
 10
2054.507940588527
 20
1751.289118161964
 30
-1.0
 11
2054.507940588527
 21
1751.289118161964
 31
0.0
  0
LINE
  5
E38
330
1F
100
AcDbEntity
  8
Ramales
100
AcDbLine
 10
2064.507940588526
 20
1751.289118161964
 30
-1.0
 11
2064.507940588526
 21
1751.289118161964
 31
0.0
  0
LINE
  5
E39
330
1F
100
AcDbEntity
  8
Ramales
100
AcDbLine
 10
2074.507940588526
 20
1751.289118161964
 30
-1.0
 11
2074.507940588526
 21
1751.289118161964
 31
0.0
  0
LINE
  5
E3A
330
1F
100
AcDbEntity
  8
Ramales
100
AcDbLine
 10
2084.507940588526
 20
1751.289118161964
 30
-1.0
 11
2084.507940588526
 21
1751.289118161964
 31
0.0
  0
LINE
  5
E3B
330
1F
100
AcDbEntity
  8
Ramales
100
AcDbLine
 10
2094.507940588992
 20
1751.289118161964
 30
-1.0
 11
2094.507940588992
 21
1751.289118161964
 31
0.0
  0
LINE
  5
E3C
330
1F
100
AcDbEntity
  8
Ramales
100
AcDbLine
 10
2104.507940588526
 20
1751.289118161964
 30
-1.0
 11
2104.507940588526
 21
1751.289118161964
 31
0.0
  0
LINE
  5
E3D
330
1F
100
AcDbEntity
  8
Ramales
100
AcDbLine
 10
2114.507940588526
 20
1751.289118161964
 30
-1.0
 11
2114.507940588526
 21
1751.289118161964
 31
0.0
  0
LINE
  5
E3E
330
1F
100
AcDbEntity
  8
Ramales
100
AcDbLine
 10
2124.507940588526
 20
1751.289118161964
 30
-1.0
 11
2124.507940588526
 21
1751.289118161964
 31
0.0
  0
LINE
  5
E3F
330
1F
100
AcDbEntity
  8
Ramales
100
AcDbLine
 10
2134.507940588526
 20
1751.289118161964
 30
-1.0
 11
2134.507940588526
 21
1751.289118161964
 31
0.0
  0
LINE
  5
E40
330
1F
100
AcDbEntity
  8
Ramales
100
AcDbLine
 10
2144.507940588527
 20
1751.289118161964
 30
-1.0
 11
2144.507940588527
 21
1751.289118161964
 31
0.0
  0
LINE
  5
E41
330
1F
100
AcDbEntity
  8
Ramales
100
AcDbLine
 10
2154.507940588526
 20
1751.289118161964
 30
-1.0
 11
2154.507940588526
 21
1751.289118161964
 31
0.0
  0
LINE
  5
E42
330
1F
100
AcDbEntity
  8
Ramales
100
AcDbLine
 10
2044.507940588992
 20
1741.289118163361
 30
-1.0
 11
2044.507940588992
 21
1741.289118163361
 31
0.0
  0
LINE
  5
E43
330
1F
100
AcDbEntity
  8
Ramales
100
AcDbLine
 10
2054.507940588527
 20
1741.289118163361
 30
-1.0
 11
2054.507940588527
 21
1741.289118163361
 31
0.0
  0
LINE
  5
E44
330
1F
100
AcDbEntity
  8
Ramales
100
AcDbLine
 10
2064.507940588526
 20
1741.289118163361
 30
-1.0
 11
2064.507940588526
 21
1741.289118163361
 31
0.0
  0
LINE
  5
E45
330
1F
100
AcDbEntity
  8
Ramales
100
AcDbLine
 10
2074.507940588526
 20
1741.289118163361
 30
-1.0
 11
2074.507940588526
 21
1741.289118163361
 31
0.0
  0
LINE
  5
E46
330
1F
100
AcDbEntity
  8
Ramales
100
AcDbLine
 10
2084.507940588526
 20
1741.289118163361
 30
-1.0
 11
2084.507940588526
 21
1741.289118163361
 31
0.0
  0
LINE
  5
E47
330
1F
100
AcDbEntity
  8
Ramales
100
AcDbLine
 10
2094.507940588992
 20
1741.289118163361
 30
-1.0
 11
2094.507940588992
 21
1741.289118163361
 31
0.0
  0
LINE
  5
E48
330
1F
100
AcDbEntity
  8
Ramales
100
AcDbLine
 10
2104.507940588526
 20
1741.289118163361
 30
-1.0
 11
2104.507940588526
 21
1741.289118163361
 31
0.0
  0
LINE
  5
E49
330
1F
100
AcDbEntity
  8
Ramales
100
AcDbLine
 10
2114.507940588526
 20
1741.289118163361
 30
-1.0
 11
2114.507940588526
 21
1741.289118163361
 31
0.0
  0
LINE
  5
E4A
330
1F
100
AcDbEntity
  8
Ramales
100
AcDbLine
 10
2124.507940588526
 20
1741.289118163361
 30
-1.0
 11
2124.507940588526
 21
1741.289118163361
 31
0.0
  0
LINE
  5
E4B
330
1F
100
AcDbEntity
  8
Ramales
100
AcDbLine
 10
2134.507940588526
 20
1741.289118163361
 30
-1.0
 11
2134.507940588526
 21
1741.289118163361
 31
0.0
  0
LINE
  5
E4C
330
1F
100
AcDbEntity
  8
Ramales
100
AcDbLine
 10
2144.507940588527
 20
1741.289118163361
 30
-1.0
 11
2144.507940588527
 21
1741.289118163361
 31
0.0
  0
LINE
  5
E4D
330
1F
100
AcDbEntity
  8
Ramales
100
AcDbLine
 10
2154.507940588526
 20
1741.289118163361
 30
-1.0
 11
2154.507940588526
 21
1741.289118163361
 31
0.0
  0
LINE
  5
E4E
330
1F
100
AcDbEntity
  8
Ramales
100
AcDbLine
 10
2044.507940588992
 20
1731.289118161964
 30
-1.0
 11
2044.507940588992
 21
1731.289118161964
 31
0.0
  0
LINE
  5
E4F
330
1F
100
AcDbEntity
  8
Ramales
100
AcDbLine
 10
2054.507940588527
 20
1731.289118161964
 30
-1.0
 11
2054.507940588527
 21
1731.289118161964
 31
0.0
  0
LINE
  5
E50
330
1F
100
AcDbEntity
  8
Ramales
100
AcDbLine
 10
2064.507940588526
 20
1731.289118161964
 30
-1.0
 11
2064.507940588526
 21
1731.289118161964
 31
0.0
  0
LINE
  5
E51
330
1F
100
AcDbEntity
  8
Ramales
100
AcDbLine
 10
2074.507940588526
 20
1731.289118161964
 30
-1.0
 11
2074.507940588526
 21
1731.289118161964
 31
0.0
  0
LINE
  5
E52
330
1F
100
AcDbEntity
  8
Ramales
100
AcDbLine
 10
2084.507940588526
 20
1731.289118161964
 30
-1.0
 11
2084.507940588526
 21
1731.289118161964
 31
0.0
  0
LINE
  5
E53
330
1F
100
AcDbEntity
  8
Ramales
100
AcDbLine
 10
2094.507940588992
 20
1731.289118161964
 30
-1.0
 11
2094.507940588992
 21
1731.289118161964
 31
0.0
  0
LINE
  5
E54
330
1F
100
AcDbEntity
  8
Ramales
100
AcDbLine
 10
2104.507940588526
 20
1731.289118161964
 30
-1.0
 11
2104.507940588526
 21
1731.289118161964
 31
0.0
  0
LINE
  5
E55
330
1F
100
AcDbEntity
  8
Ramales
100
AcDbLine
 10
2114.507940588526
 20
1731.289118161964
 30
-1.0
 11
2114.507940588526
 21
1731.289118161964
 31
0.0
  0
LINE
  5
E56
330
1F
100
AcDbEntity
  8
Ramales
100
AcDbLine
 10
2124.507940588526
 20
1731.289118161964
 30
-1.0
 11
2124.507940588526
 21
1731.289118161964
 31
0.0
  0
LINE
  5
E57
330
1F
100
AcDbEntity
  8
Ramales
100
AcDbLine
 10
2134.507940588526
 20
1731.289118161964
 30
-1.0
 11
2134.507940588526
 21
1731.289118161964
 31
0.0
  0
LINE
  5
E58
330
1F
100
AcDbEntity
  8
Ramales
100
AcDbLine
 10
2144.507940588527
 20
1731.289118161964
 30
-1.0
 11
2144.507940588527
 21
1731.289118161964
 31
0.0
  0
LINE
  5
E59
330
1F
100
AcDbEntity
  8
Ramales
100
AcDbLine
 10
2154.507940588526
 20
1731.289118161964
 30
-1.0
 11
2154.507940588526
 21
1731.289118161964
 31
0.0
  0
LINE
  5
E5A
330
1F
100
AcDbEntity
  8
Ramales
100
AcDbLine
 10
2044.507940588992
 20
1721.289118163361
 30
-1.0
 11
2044.507940588992
 21
1721.289118163361
 31
0.0
  0
LINE
  5
E5B
330
1F
100
AcDbEntity
  8
Ramales
100
AcDbLine
 10
2054.507940588527
 20
1721.289118163361
 30
-1.0
 11
2054.507940588527
 21
1721.289118163361
 31
0.0
  0
LINE
  5
E5C
330
1F
100
AcDbEntity
  8
Ramales
100
AcDbLine
 10
2064.507940588526
 20
1721.289118163361
 30
-1.0
 11
2064.507940588526
 21
1721.289118163361
 31
0.0
  0
LINE
  5
E5D
330
1F
100
AcDbEntity
  8
Ramales
100
AcDbLine
 10
2074.507940588526
 20
1721.289118163361
 30
-1.0
 11
2074.507940588526
 21
1721.289118163361
 31
0.0
  0
LINE
  5
E5E
330
1F
100
AcDbEntity
  8
Ramales
100
AcDbLine
 10
2084.507940588526
 20
1721.289118163361
 30
-1.0
 11
2084.507940588526
 21
1721.289118163361
 31
0.0
  0
LINE
  5
E5F
330
1F
100
AcDbEntity
  8
Ramales
100
AcDbLine
 10
2094.507940588992
 20
1721.289118163361
 30
-1.0
 11
2094.507940588992
 21
1721.289118163361
 31
0.0
  0
LINE
  5
E60
330
1F
100
AcDbEntity
  8
Ramales
100
AcDbLine
 10
2104.507940588526
 20
1721.289118163361
 30
-1.0
 11
2104.507940588526
 21
1721.289118163361
 31
0.0
  0
LINE
  5
E61
330
1F
100
AcDbEntity
  8
Ramales
100
AcDbLine
 10
2114.507940588526
 20
1721.289118163361
 30
-1.0
 11
2114.507940588526
 21
1721.289118163361
 31
0.0
  0
LINE
  5
E62
330
1F
100
AcDbEntity
  8
Ramales
100
AcDbLine
 10
2124.507940588526
 20
1721.289118163361
 30
-1.0
 11
2124.507940588526
 21
1721.289118163361
 31
0.0
  0
LINE
  5
E63
330
1F
100
AcDbEntity
  8
Ramales
100
AcDbLine
 10
2134.507940588526
 20
1721.289118163361
 30
-1.0
 11
2134.507940588526
 21
1721.289118163361
 31
0.0
  0
LINE
  5
E64
330
1F
100
AcDbEntity
  8
Ramales
100
AcDbLine
 10
2144.507940588527
 20
1721.289118163361
 30
-1.0
 11
2144.507940588527
 21
1721.289118163361
 31
0.0
  0
LINE
  5
E65
330
1F
100
AcDbEntity
  8
Ramales
100
AcDbLine
 10
2154.507940588526
 20
1721.289118163361
 30
-1.0
 11
2154.507940588526
 21
1721.289118163361
 31
0.0
  0
LINE
  5
E66
330
1F
100
AcDbEntity
  8
Ramales
100
AcDbLine
 10
2042.007940587129
 20
1721.289118161964
 30
0.0
 11
2042.007940587129
 21
1721.289118161964
 31
-1.0
  0
INSERT
  5
E67
102
{ACAD_REACTORS
330
10AC
102
}
330
1F
100
AcDbEntity
  8
Rociadores
100
AcDbBlockReference
  2
*U5
 10
2042.007940587129
 20
2021.289118161499
 30
0.0
  0
LINE
  5
E68
330
1F
100
AcDbEntity
  8
Ramales
100
AcDbLine
 10
2157.007940588526
 20
1721.289118163361
 30
0.0
 11
2157.007940588526
 21
1721.289118163361
 31
-1.0
  0
INSERT
  5
E69
102
{ACAD_REACTORS
330
10A4
102
}
330
1F
100
AcDbEntity
  8
Rociadores
100
AcDbBlockReference
  2
*U7
 10
2157.007940588526
 20
2021.289118161499
 30
0.0
  0
LINE
  5
E6A
330
1F
100
AcDbEntity
  8
Alimentadores
100
AcDbLine
 10
2157.007940588526
 20
1871.289118161964
 30
-0.9999999999972748
 11
2157.007940588526
 21
1871.289118161964
 31
-50.99999999999727
  0
LINE
  5
E6B
330
1F
100
AcDbEntity
  8
Alimentadores
100
AcDbLine
 10
2157.007940588526
 20
1871.289118161964
 30
-50.99999999999727
 11
3157.007940588526
 21
1871.289118161964
 31
-50.99999999999727
  0
LINE
  5
E6D
330
1F
100
AcDbEntity
  8
Alimentadores
100
AcDbLine
 10
2042.007940587129
 20
2021.289118161499
 30
-1.0
 11
2042.007940587129
 21
2011.289118161965
 31
-1.0
  0
LINE
  5
E6E
330
1F
100
AcDbEntity
  8
Alimentadores
100
AcDbLine
 10
2042.007940587129
 20
2011.289118161965
 30
-1.0
 11
2042.007940587129
 21
2001.2891181615
 31
-1.0
  0
LINE
  5
E6F
330
1F
100
AcDbEntity
  8
Alimentadores
100
AcDbLine
 10
2042.007940587129
 20
2001.2891181615
 30
-1.0
 11
2042.007940587129
 21
1991.289118161964
 31
-1.0
  0
LINE
  5
E70
330
1F
100
AcDbEntity
  8
Alimentadores
100
AcDbLine
 10
2042.007940587129
 20
1991.289118161964
 30
-1.0
 11
2042.007940587129
 21
1981.289118161964
 31
-1.0
  0
LINE
  5
E71
330
1F
100
AcDbEntity
  8
Alimentadores
100
AcDbLine
 10
2042.007940587129
 20
1981.289118161964
 30
-1.0
 11
2042.007940587129
 21
1971.289118161964
 31
-1.0
  0
LINE
  5
E72
330
1F
100
AcDbEntity
  8
Alimentadores
100
AcDbLine
 10
2042.007940587129
 20
1971.289118161964
 30
-1.0
 11
2042.007940587129
 21
1961.289118161964
 31
-1.0
  0
LINE
  5
E73
330
1F
100
AcDbEntity
  8
Alimentadores
100
AcDbLine
 10
2042.007940587129
 20
1961.289118161964
 30
-1.0
 11
2042.007940587129
 21
1951.289118161498
 31
-1.0
  0
LINE
  5
E74
330
1F
100
AcDbEntity
  8
Alimentadores
100
AcDbLine
 10
2042.007940587129
 20
1951.289118161498
 30
-1.0
 11
2042.007940587129
 21
1941.289118161964
 31
-1.0
  0
LINE
  5
E75
330
1F
100
AcDbEntity
  8
Alimentadores
100
AcDbLine
 10
2042.007940587129
 20
1941.289118161964
 30
-1.0
 11
2042.007940587129
 21
1931.289118161964
 31
-1.0
  0
LINE
  5
E76
330
1F
100
AcDbEntity
  8
Alimentadores
100
AcDbLine
 10
2042.007940587129
 20
1931.289118161964
 30
-1.0
 11
2042.007940587129
 21
1921.289118161964
 31
-1.0
  0
LINE
  5
E77
330
1F
100
AcDbEntity
  8
Alimentadores
100
AcDbLine
 10
2042.007940587129
 20
1921.289118161964
 30
-1.0
 11
2042.007940587129
 21
1911.289118161964
 31
-1.0
  0
LINE
  5
E78
330
1F
100
AcDbEntity
  8
Alimentadores
100
AcDbLine
 10
2042.007940587129
 20
1911.289118161964
 30
-1.0
 11
2042.007940587129
 21
1901.289118161964
 31
-1.0
  0
LINE
  5
E79
330
1F
100
AcDbEntity
  8
Alimentadores
100
AcDbLine
 10
2042.007940587129
 20
1901.289118161964
 30
-1.0
 11
2042.007940587129
 21
1891.289118161964
 31
-1.0
  0
LINE
  5
E7A
330
1F
100
AcDbEntity
  8
Alimentadores
100
AcDbLine
 10
2042.007940587129
 20
1891.289118161964
 30
-1.0
 11
2042.007940587129
 21
1881.289118161964
 31
-1.0
  0
LINE
  5
E7B
330
1F
100
AcDbEntity
  8
Alimentadores
100
AcDbLine
 10
2042.007940587129
 20
1881.289118161964
 30
-1.0
 11
2042.007940587129
 21
1871.289118161964
 31
-1.0
  0
LINE
  5
E7C
330
1F
100
AcDbEntity
  8
Alimentadores
100
AcDbLine
 10
2042.007940587129
 20
1871.289118161964
 30
-1.0
 11
2042.007940587129
 21
1861.289118161964
 31
-1.0
  0
LINE
  5
E7D
330
1F
100
AcDbEntity
  8
Alimentadores
100
AcDbLine
 10
2042.007940587129
 20
1861.289118161964
 30
-1.0
 11
2042.007940587129
 21
1851.289118161964
 31
-1.0
  0
LINE
  5
E7E
330
1F
100
AcDbEntity
  8
Alimentadores
100
AcDbLine
 10
2042.007940587129
 20
1851.289118161964
 30
-1.0
 11
2042.007940587129
 21
1841.289118161964
 31
-1.0
  0
LINE
  5
E7F
330
1F
100
AcDbEntity
  8
Alimentadores
100
AcDbLine
 10
2042.007940587129
 20
1841.289118161964
 30
-1.0
 11
2042.007940587129
 21
1831.289118161964
 31
-1.0
  0
LINE
  5
E80
330
1F
100
AcDbEntity
  8
Alimentadores
100
AcDbLine
 10
2042.007940587129
 20
1831.289118161964
 30
-1.0
 11
2042.007940587129
 21
1821.289118161964
 31
-1.0
  0
LINE
  5
E81
330
1F
100
AcDbEntity
  8
Alimentadores
100
AcDbLine
 10
2042.007940587129
 20
1821.289118161964
 30
-1.0
 11
2042.007940587129
 21
1811.289118161964
 31
-1.0
  0
LINE
  5
E82
330
1F
100
AcDbEntity
  8
Alimentadores
100
AcDbLine
 10
2042.007940587129
 20
1811.289118161964
 30
-1.0
 11
2042.007940587129
 21
1801.289118161964
 31
-1.0
  0
LINE
  5
E83
330
1F
100
AcDbEntity
  8
Alimentadores
100
AcDbLine
 10
2042.007940587129
 20
1801.289118161964
 30
-1.0
 11
2042.007940587129
 21
1791.289118161964
 31
-1.0
  0
LINE
  5
E84
330
1F
100
AcDbEntity
  8
Alimentadores
100
AcDbLine
 10
2042.007940587129
 20
1791.289118161964
 30
-1.0
 11
2042.007940587129
 21
1781.289118161964
 31
-1.0
  0
LINE
  5
E85
330
1F
100
AcDbEntity
  8
Alimentadores
100
AcDbLine
 10
2042.007940587129
 20
1781.289118161964
 30
-1.0
 11
2042.007940587129
 21
1771.289118161964
 31
-1.0
  0
LINE
  5
E86
330
1F
100
AcDbEntity
  8
Alimentadores
100
AcDbLine
 10
2042.007940587129
 20
1771.289118161964
 30
-1.0
 11
2042.007940587129
 21
1761.289118161964
 31
-1.0
  0
LINE
  5
E87
330
1F
100
AcDbEntity
  8
Alimentadores
100
AcDbLine
 10
2042.007940587129
 20
1761.289118161964
 30
-1.0
 11
2042.007940587129
 21
1751.289118161964
 31
-1.0
  0
LINE
  5
E88
330
1F
100
AcDbEntity
  8
Alimentadores
100
AcDbLine
 10
2042.007940587129
 20
1751.289118161964
 30
-1.0
 11
2042.007940587129
 21
1741.289118161964
 31
-1.0
  0
LINE
  5
E89
330
1F
100
AcDbEntity
  8
Alimentadores
100
AcDbLine
 10
2042.007940587129
 20
1741.289118161964
 30
-1.0
 11
2042.007940587129
 21
1731.289118161964
 31
-1.0
  0
LINE
  5
E8A
330
1F
100
AcDbEntity
  8
Alimentadores
100
AcDbLine
 10
2042.007940587129
 20
1731.289118161964
 30
-1.0
 11
2042.007940587129
 21
1721.289118161964
 31
-1.0
  0
LINE
  5
E8B
330
1F
100
AcDbEntity
  8
Alimentadores
100
AcDbLine
 10
2157.007940588526
 20
2021.289118161499
 30
-1.0
 11
2157.007940588526
 21
2011.289118161965
 31
-1.0
  0
LINE
  5
E8C
330
1F
100
AcDbEntity
  8
Alimentadores
100
AcDbLine
 10
2157.007940588526
 20
2011.289118161965
 30
-1.0
 11
2157.007940588526
 21
2001.2891181615
 31
-1.0
  0
LINE
  5
E8D
330
1F
100
AcDbEntity
  8
Alimentadores
100
AcDbLine
 10
2157.007940588526
 20
2001.2891181615
 30
-1.0
 11
2157.007940588526
 21
1991.289118161964
 31
-1.0
  0
LINE
  5
E8E
330
1F
100
AcDbEntity
  8
Alimentadores
100
AcDbLine
 10
2157.007940588526
 20
1991.289118161964
 30
-1.0
 11
2157.007940588526
 21
1981.289118161964
 31
-1.0
  0
LINE
  5
E8F
330
1F
100
AcDbEntity
  8
Alimentadores
100
AcDbLine
 10
2157.007940588526
 20
1981.289118161964
 30
-1.0
 11
2157.007940588526
 21
1971.289118161964
 31
-1.0
  0
LINE
  5
E90
330
1F
100
AcDbEntity
  8
Alimentadores
100
AcDbLine
 10
2157.007940588526
 20
1971.289118161964
 30
-1.0
 11
2157.007940588526
 21
1961.289118161964
 31
-1.0
  0
LINE
  5
E91
330
1F
100
AcDbEntity
  8
Alimentadores
100
AcDbLine
 10
2157.007940588526
 20
1961.289118161964
 30
-1.0
 11
2157.007940588526
 21
1951.289118161498
 31
-1.0
  0
LINE
  5
E92
330
1F
100
AcDbEntity
  8
Alimentadores
100
AcDbLine
 10
2157.007940588526
 20
1951.289118161498
 30
-1.0
 11
2157.007940588526
 21
1941.289118161964
 31
-1.0
  0
LINE
  5
E93
330
1F
100
AcDbEntity
  8
Alimentadores
100
AcDbLine
 10
2157.007940588526
 20
1941.289118161964
 30
-1.0
 11
2157.007940588526
 21
1931.289118161964
 31
-1.0
  0
LINE
  5
E94
330
1F
100
AcDbEntity
  8
Alimentadores
100
AcDbLine
 10
2157.007940588526
 20
1931.289118161964
 30
-1.0
 11
2157.007940588526
 21
1921.289118161964
 31
-1.0
  0
LINE
  5
E95
330
1F
100
AcDbEntity
  8
Alimentadores
100
AcDbLine
 10
2157.007940588526
 20
1921.289118161964
 30
-1.0
 11
2157.007940588526
 21
1911.289118161964
 31
-1.0
  0
LINE
  5
E96
330
1F
100
AcDbEntity
  8
Alimentadores
100
AcDbLine
 10
2157.007940588526
 20
1911.289118161964
 30
-1.0
 11
2157.007940588526
 21
1901.289118161964
 31
-1.0
  0
LINE
  5
E97
330
1F
100
AcDbEntity
  8
Alimentadores
100
AcDbLine
 10
2157.007940588526
 20
1901.289118161964
 30
-1.0
 11
2157.007940588526
 21
1891.289118161964
 31
-1.0
  0
LINE
  5
E98
330
1F
100
AcDbEntity
  8
Alimentadores
100
AcDbLine
 10
2157.007940588526
 20
1891.289118161964
 30
-1.0
 11
2157.007940588526
 21
1881.289118161964
 31
-1.0
  0
LINE
  5
E99
330
1F
100
AcDbEntity
  8
Alimentadores
100
AcDbLine
 10
2157.007940588526
 20
1881.289118161964
 30
-1.0
 11
2157.007940588526
 21
1871.289118161964
 31
-0.9999999999972748
  0
LINE
  5
E9A
330
1F
100
AcDbEntity
  8
Alimentadores
100
AcDbLine
 10
2157.007940588526
 20
1871.289118161964
 30
-0.9999999999972748
 11
2157.007940588526
 21
1861.289118161964
 31
-1.0
  0
LINE
  5
E9B
330
1F
100
AcDbEntity
  8
Alimentadores
100
AcDbLine
 10
2157.007940588526
 20
1861.289118161964
 30
-1.0
 11
2157.007940588526
 21
1851.289118161964
 31
-1.0
  0
LINE
  5
E9C
330
1F
100
AcDbEntity
  8
Alimentadores
100
AcDbLine
 10
2157.007940588526
 20
1851.289118161964
 30
-1.0
 11
2157.007940588526
 21
1841.289118161964
 31
-1.0
  0
LINE
  5
E9D
330
1F
100
AcDbEntity
  8
Alimentadores
100
AcDbLine
 10
2157.007940588526
 20
1841.289118161964
 30
-1.0
 11
2157.007940588526
 21
1831.289118161964
 31
-1.0
  0
LINE
  5
E9E
330
1F
100
AcDbEntity
  8
Alimentadores
100
AcDbLine
 10
2157.007940588526
 20
1831.289118161964
 30
-1.0
 11
2157.007940588526
 21
1821.289118161964
 31
-1.0
  0
LINE
  5
E9F
330
1F
100
AcDbEntity
  8
Alimentadores
100
AcDbLine
 10
2157.007940588526
 20
1821.289118161964
 30
-1.0
 11
2157.007940588526
 21
1811.289118161964
 31
-1.0
  0
LINE
  5
EA0
330
1F
100
AcDbEntity
  8
Alimentadores
100
AcDbLine
 10
2157.007940588526
 20
1811.289118161964
 30
-1.0
 11
2157.007940588526
 21
1801.289118161964
 31
-1.0
  0
LINE
  5
EA1
330
1F
100
AcDbEntity
  8
Alimentadores
100
AcDbLine
 10
2157.007940588526
 20
1801.289118161964
 30
-1.0
 11
2157.007940588526
 21
1791.289118161964
 31
-1.0
  0
LINE
  5
EA2
330
1F
100
AcDbEntity
  8
Alimentadores
100
AcDbLine
 10
2157.007940588526
 20
1791.289118161964
 30
-1.0
 11
2157.007940588526
 21
1781.289118161964
 31
-1.0
  0
LINE
  5
EA3
330
1F
100
AcDbEntity
  8
Alimentadores
100
AcDbLine
 10
2157.007940588526
 20
1781.289118161964
 30
-1.0
 11
2157.007940588526
 21
1771.289118161964
 31
-1.0
  0
LINE
  5
EA4
330
1F
100
AcDbEntity
  8
Alimentadores
100
AcDbLine
 10
2157.007940588526
 20
1771.289118161964
 30
-1.0
 11
2157.007940588526
 21
1761.289118161964
 31
-1.0
  0
LINE
  5
EA5
330
1F
100
AcDbEntity
  8
Alimentadores
100
AcDbLine
 10
2157.007940588526
 20
1761.289118161964
 30
-1.0
 11
2157.007940588526
 21
1751.289118161964
 31
-1.0
  0
LINE
  5
EA6
330
1F
100
AcDbEntity
  8
Alimentadores
100
AcDbLine
 10
2157.007940588526
 20
1751.289118161964
 30
-1.0
 11
2157.007940588526
 21
1741.289118161964
 31
-1.0
  0
LINE
  5
EA7
330
1F
100
AcDbEntity
  8
Alimentadores
100
AcDbLine
 10
2157.007940588526
 20
1741.289118161964
 30
-1.0
 11
2157.007940588526
 21
1731.289118161964
 31
-1.0
  0
LINE
  5
EA8
330
1F
100
AcDbEntity
  8
Alimentadores
100
AcDbLine
 10
2157.007940588526
 20
1731.289118161964
 30
-1.0
 11
2157.007940588526
 21
1721.289118163361
 31
-1.0
  0
TEXT
  5
EA9
330
1F
100
AcDbEntity
  8
Diámetros
100
AcDbText
 10
2047.860308579176
 20
2020.420669562257
 30
0.0
 40
0.65
  1
2.5
100
AcDbText
  0
TEXT
  5
EAA
330
1F
100
AcDbEntity
  8
Diámetros
100
AcDbText
 10
2057.52325759596
 20
2020.420669562257
 30
0.0
 40
0.65
  1
2.5
100
AcDbText
  0
TEXT
  5
EAB
330
1F
100
AcDbEntity
  8
Diámetros
100
AcDbText
 10
2067.507248995367
 20
2020.420669562257
 30
0.0
 40
0.65
  1
2.5
100
AcDbText
  0
TEXT
  5
EAC
330
1F
100
AcDbEntity
  8
Diámetros
100
AcDbText
 10
2077.089101192083
 20
2020.420669562257
 30
0.0
 40
0.65
  1
2.5
100
AcDbText
  0
TEXT
  5
EAD
330
1F
100
AcDbEntity
  8
Diámetros
100
AcDbText
 10
2088.509458593566
 20
2020.420669562257
 30
0.0
 40
0.65
  1
2.5
100
AcDbText
  0
TEXT
  5
EAE
330
1F
100
AcDbEntity
  8
Diámetros
100
AcDbText
 10
2097.50437254832
 20
2020.420669562257
 30
0.0
 40
0.65
  1
2.5
100
AcDbText
  0
TEXT
  5
EAF
330
1F
100
AcDbEntity
  8
Diámetros
100
AcDbText
 10
2108.891338947236
 20
2020.420669562257
 30
0.0
 40
0.65
  1
2.5
100
AcDbText
  0
TEXT
  5
EB0
330
1F
100
AcDbEntity
  8
Diámetros
100
AcDbText
 10
2118.591194527231
 20
2020.420669562257
 30
0.0
 40
0.65
  1
2.5
100
AcDbText
  0
TEXT
  5
EB1
330
1F
100
AcDbEntity
  8
Diámetros
100
AcDbText
 10
2128.744509670891
 20
2020.420669562257
 30
0.0
 40
0.65
  1
2.5
100
AcDbText
  0
TEXT
  5
EB2
330
1F
100
AcDbEntity
  8
Diámetros
100
AcDbText
 10
2139.204579683493
 20
2020.420669562257
 30
0.0
 40
0.65
  1
2.5
100
AcDbText
  0
TEXT
  5
EB3
330
1F
100
AcDbEntity
  8
Diámetros
100
AcDbText
 10
2149.087479935035
 20
2020.420669562257
 30
0.0
 40
0.65
  1
2.5
100
AcDbText
  0
TEXT
  5
EB4
330
1F
100
AcDbEntity
  8
Diámetros
100
AcDbText
 10
2154.642506355427
 20
2020.420669562257
 30
0.0
 40
0.65
  1
2.5
100
AcDbText
  0
TEXT
  5
EB5
330
1F
100
AcDbEntity
  8
Diámetros
100
AcDbText
 10
2042.263450399047
 20
2020.420669562257
 30
0.0
 40
0.65
  1
2.5
100
AcDbText
  0
TEXT
  5
EB6
330
1F
100
AcDbEntity
  8
Diámetros
100
AcDbText
 10
2047.860308579176
 20
2010.332916344589
 30
0.0
 40
0.65
  1
2.5
100
AcDbText
  0
TEXT
  5
EB7
330
1F
100
AcDbEntity
  8
Diámetros
100
AcDbText
 10
2057.52325759596
 20
2010.332916344589
 30
0.0
 40
0.65
  1
2.5
100
AcDbText
  0
TEXT
  5
EB8
330
1F
100
AcDbEntity
  8
Diámetros
100
AcDbText
 10
2067.507248995367
 20
2010.332916344589
 30
0.0
 40
0.65
  1
2.5
100
AcDbText
  0
TEXT
  5
EB9
330
1F
100
AcDbEntity
  8
Diámetros
100
AcDbText
 10
2077.089101192083
 20
2010.332916344589
 30
0.0
 40
0.65
  1
2.5
100
AcDbText
  0
TEXT
  5
EBA
330
1F
100
AcDbEntity
  8
Diámetros
100
AcDbText
 10
2088.509458593566
 20
2010.332916344589
 30
0.0
 40
0.65
  1
2.5
100
AcDbText
  0
TEXT
  5
EBB
330
1F
100
AcDbEntity
  8
Diámetros
100
AcDbText
 10
2097.50437254832
 20
2010.332916344589
 30
0.0
 40
0.65
  1
2.5
100
AcDbText
  0
TEXT
  5
EBC
330
1F
100
AcDbEntity
  8
Diámetros
100
AcDbText
 10
2108.891338947236
 20
2010.332916344589
 30
0.0
 40
0.65
  1
2.5
100
AcDbText
  0
TEXT
  5
EBD
330
1F
100
AcDbEntity
  8
Diámetros
100
AcDbText
 10
2118.591194527231
 20
2010.332916344589
 30
0.0
 40
0.65
  1
2.5
100
AcDbText
  0
TEXT
  5
EBE
330
1F
100
AcDbEntity
  8
Diámetros
100
AcDbText
 10
2128.744509670891
 20
2010.332916344589
 30
0.0
 40
0.65
  1
2.5
100
AcDbText
  0
TEXT
  5
EBF
330
1F
100
AcDbEntity
  8
Diámetros
100
AcDbText
 10
2139.204579683493
 20
2010.332916344589
 30
0.0
 40
0.65
  1
2.5
100
AcDbText
  0
TEXT
  5
EC0
330
1F
100
AcDbEntity
  8
Diámetros
100
AcDbText
 10
2149.087479935035
 20
2010.332916344589
 30
0.0
 40
0.65
  1
2.5
100
AcDbText
  0
TEXT
  5
EC1
330
1F
100
AcDbEntity
  8
Diámetros
100
AcDbText
 10
2154.642506355427
 20
2010.332916344589
 30
0.0
 40
0.65
  1
2.5
100
AcDbText
  0
TEXT
  5
EC2
330
1F
100
AcDbEntity
  8
Diámetros
100
AcDbText
 10
2042.263450399047
 20
2010.332916344589
 30
0.0
 40
0.65
  1
2.5
100
AcDbText
  0
TEXT
  5
EC3
330
1F
100
AcDbEntity
  8
Diámetros
100
AcDbText
 10
2047.860308579176
 20
2000.431570686939
 30
0.0
 40
0.65
  1
2.5
100
AcDbText
  0
TEXT
  5
EC4
330
1F
100
AcDbEntity
  8
Diámetros
100
AcDbText
 10
2057.52325759596
 20
2000.431570686939
 30
0.0
 40
0.65
  1
2.5
100
AcDbText
  0
TEXT
  5
EC5
330
1F
100
AcDbEntity
  8
Diámetros
100
AcDbText
 10
2067.507248995367
 20
2000.431570686939
 30
0.0
 40
0.65
  1
2.5
100
AcDbText
  0
TEXT
  5
EC6
330
1F
100
AcDbEntity
  8
Diámetros
100
AcDbText
 10
2077.089101192083
 20
2000.431570686939
 30
0.0
 40
0.65
  1
2.5
100
AcDbText
  0
TEXT
  5
EC7
330
1F
100
AcDbEntity
  8
Diámetros
100
AcDbText
 10
2088.509458593566
 20
2000.431570686939
 30
0.0
 40
0.65
  1
2.5
100
AcDbText
  0
TEXT
  5
EC8
330
1F
100
AcDbEntity
  8
Diámetros
100
AcDbText
 10
2097.50437254832
 20
2000.431570686939
 30
0.0
 40
0.65
  1
2.5
100
AcDbText
  0
TEXT
  5
EC9
330
1F
100
AcDbEntity
  8
Diámetros
100
AcDbText
 10
2108.891338947236
 20
2000.431570686939
 30
0.0
 40
0.65
  1
2.5
100
AcDbText
  0
TEXT
  5
ECA
330
1F
100
AcDbEntity
  8
Diámetros
100
AcDbText
 10
2118.591194527231
 20
2000.431570686939
 30
0.0
 40
0.65
  1
2.5
100
AcDbText
  0
TEXT
  5
ECB
330
1F
100
AcDbEntity
  8
Diámetros
100
AcDbText
 10
2128.744509670891
 20
2000.431570686939
 30
0.0
 40
0.65
  1
2.5
100
AcDbText
  0
TEXT
  5
ECC
330
1F
100
AcDbEntity
  8
Diámetros
100
AcDbText
 10
2139.204579683493
 20
2000.431570686939
 30
0.0
 40
0.65
  1
2.5
100
AcDbText
  0
TEXT
  5
ECD
330
1F
100
AcDbEntity
  8
Diámetros
100
AcDbText
 10
2149.087479935035
 20
2000.431570686939
 30
0.0
 40
0.65
  1
2.5
100
AcDbText
  0
TEXT
  5
ECE
330
1F
100
AcDbEntity
  8
Diámetros
100
AcDbText
 10
2154.642506355427
 20
2000.431570686939
 30
0.0
 40
0.65
  1
2.5
100
AcDbText
  0
TEXT
  5
ECF
330
1F
100
AcDbEntity
  8
Diámetros
100
AcDbText
 10
2042.263450399047
 20
2000.431570686939
 30
0.0
 40
0.65
  1
2.5
100
AcDbText
  0
TEXT
  5
ED0
330
1F
100
AcDbEntity
  8
Diámetros
100
AcDbText
 10
2047.860308579176
 20
1990.347865881938
 30
0.0
 40
0.65
  1
2.5
100
AcDbText
  0
TEXT
  5
ED1
330
1F
100
AcDbEntity
  8
Diámetros
100
AcDbText
 10
2057.52325759596
 20
1990.347865881938
 30
0.0
 40
0.65
  1
2.5
100
AcDbText
  0
TEXT
  5
ED2
330
1F
100
AcDbEntity
  8
Diámetros
100
AcDbText
 10
2067.507248995367
 20
1990.347865881938
 30
0.0
 40
0.65
  1
2.5
100
AcDbText
  0
TEXT
  5
ED3
330
1F
100
AcDbEntity
  8
Diámetros
100
AcDbText
 10
2077.089101192083
 20
1990.347865881938
 30
0.0
 40
0.65
  1
2.5
100
AcDbText
  0
TEXT
  5
ED4
330
1F
100
AcDbEntity
  8
Diámetros
100
AcDbText
 10
2088.509458593566
 20
1990.347865881938
 30
0.0
 40
0.65
  1
2.5
100
AcDbText
  0
TEXT
  5
ED5
330
1F
100
AcDbEntity
  8
Diámetros
100
AcDbText
 10
2097.50437254832
 20
1990.347865881938
 30
0.0
 40
0.65
  1
2.5
100
AcDbText
  0
TEXT
  5
ED6
330
1F
100
AcDbEntity
  8
Diámetros
100
AcDbText
 10
2108.891338947236
 20
1990.347865881938
 30
0.0
 40
0.65
  1
2.5
100
AcDbText
  0
TEXT
  5
ED7
330
1F
100
AcDbEntity
  8
Diámetros
100
AcDbText
 10
2118.591194527231
 20
1990.347865881938
 30
0.0
 40
0.65
  1
2.5
100
AcDbText
  0
TEXT
  5
ED8
330
1F
100
AcDbEntity
  8
Diámetros
100
AcDbText
 10
2128.744509670891
 20
1990.347865881938
 30
0.0
 40
0.65
  1
2.5
100
AcDbText
  0
TEXT
  5
ED9
330
1F
100
AcDbEntity
  8
Diámetros
100
AcDbText
 10
2139.204579683493
 20
1990.347865881938
 30
0.0
 40
0.65
  1
2.5
100
AcDbText
  0
TEXT
  5
EDA
330
1F
100
AcDbEntity
  8
Diámetros
100
AcDbText
 10
2149.087479935035
 20
1990.347865881938
 30
0.0
 40
0.65
  1
2.5
100
AcDbText
  0
TEXT
  5
EDB
330
1F
100
AcDbEntity
  8
Diámetros
100
AcDbText
 10
2154.642506355427
 20
1990.347865881938
 30
0.0
 40
0.65
  1
2.5
100
AcDbText
  0
TEXT
  5
EDC
330
1F
100
AcDbEntity
  8
Diámetros
100
AcDbText
 10
2042.263450399047
 20
1990.347865881938
 30
0.0
 40
0.65
  1
2.5
100
AcDbText
  0
TEXT
  5
EDD
330
1F
100
AcDbEntity
  8
Diámetros
100
AcDbText
 10
2047.860308579176
 20
1980.433952669686
 30
0.0
 40
0.65
  1
2.5
100
AcDbText
  0
TEXT
  5
EDE
330
1F
100
AcDbEntity
  8
Diámetros
100
AcDbText
 10
2057.52325759596
 20
1980.433952669686
 30
0.0
 40
0.65
  1
2.5
100
AcDbText
  0
TEXT
  5
EDF
330
1F
100
AcDbEntity
  8
Diámetros
100
AcDbText
 10
2067.507248995367
 20
1980.433952669686
 30
0.0
 40
0.65
  1
2.5
100
AcDbText
  0
TEXT
  5
EE0
330
1F
100
AcDbEntity
  8
Diámetros
100
AcDbText
 10
2077.089101192083
 20
1980.433952669686
 30
0.0
 40
0.65
  1
2.5
100
AcDbText
  0
TEXT
  5
EE1
330
1F
100
AcDbEntity
  8
Diámetros
100
AcDbText
 10
2088.509458593566
 20
1980.433952669686
 30
0.0
 40
0.65
  1
2.5
100
AcDbText
  0
TEXT
  5
EE2
330
1F
100
AcDbEntity
  8
Diámetros
100
AcDbText
 10
2097.50437254832
 20
1980.433952669686
 30
0.0
 40
0.65
  1
2.5
100
AcDbText
  0
TEXT
  5
EE3
330
1F
100
AcDbEntity
  8
Diámetros
100
AcDbText
 10
2108.891338947236
 20
1980.433952669686
 30
0.0
 40
0.65
  1
2.5
100
AcDbText
  0
TEXT
  5
EE4
330
1F
100
AcDbEntity
  8
Diámetros
100
AcDbText
 10
2118.591194527231
 20
1980.433952669686
 30
0.0
 40
0.65
  1
2.5
100
AcDbText
  0
TEXT
  5
EE5
330
1F
100
AcDbEntity
  8
Diámetros
100
AcDbText
 10
2128.744509670891
 20
1980.433952669686
 30
0.0
 40
0.65
  1
2.5
100
AcDbText
  0
TEXT
  5
EE6
330
1F
100
AcDbEntity
  8
Diámetros
100
AcDbText
 10
2139.204579683493
 20
1980.433952669686
 30
0.0
 40
0.65
  1
2.5
100
AcDbText
  0
TEXT
  5
EE7
330
1F
100
AcDbEntity
  8
Diámetros
100
AcDbText
 10
2149.087479935035
 20
1980.433952669686
 30
0.0
 40
0.65
  1
2.5
100
AcDbText
  0
TEXT
  5
EE8
330
1F
100
AcDbEntity
  8
Diámetros
100
AcDbText
 10
2154.642506355427
 20
1980.433952669686
 30
0.0
 40
0.65
  1
2.5
100
AcDbText
  0
TEXT
  5
EE9
330
1F
100
AcDbEntity
  8
Diámetros
100
AcDbText
 10
2042.263450399047
 20
1980.433952669686
 30
0.0
 40
0.65
  1
2.5
100
AcDbText
  0
TEXT
  5
EEA
330
1F
100
AcDbEntity
  8
Diámetros
100
AcDbText
 10
2047.860308579176
 20
1970.406800401936
 30
0.0
 40
0.65
  1
2.5
100
AcDbText
  0
TEXT
  5
EEB
330
1F
100
AcDbEntity
  8
Diámetros
100
AcDbText
 10
2057.52325759596
 20
1970.406800401936
 30
0.0
 40
0.65
  1
2.5
100
AcDbText
  0
TEXT
  5
EEC
330
1F
100
AcDbEntity
  8
Diámetros
100
AcDbText
 10
2067.507248995367
 20
1970.406800401936
 30
0.0
 40
0.65
  1
2.5
100
AcDbText
  0
TEXT
  5
EED
330
1F
100
AcDbEntity
  8
Diámetros
100
AcDbText
 10
2077.089101192083
 20
1970.406800401936
 30
0.0
 40
0.65
  1
2.5
100
AcDbText
  0
TEXT
  5
EEE
330
1F
100
AcDbEntity
  8
Diámetros
100
AcDbText
 10
2088.509458593566
 20
1970.406800401936
 30
0.0
 40
0.65
  1
2.5
100
AcDbText
  0
TEXT
  5
EEF
330
1F
100
AcDbEntity
  8
Diámetros
100
AcDbText
 10
2097.50437254832
 20
1970.406800401936
 30
0.0
 40
0.65
  1
2.5
100
AcDbText
  0
TEXT
  5
EF0
330
1F
100
AcDbEntity
  8
Diámetros
100
AcDbText
 10
2108.891338947236
 20
1970.406800401936
 30
0.0
 40
0.65
  1
2.5
100
AcDbText
  0
TEXT
  5
EF1
330
1F
100
AcDbEntity
  8
Diámetros
100
AcDbText
 10
2118.591194527231
 20
1970.406800401936
 30
0.0
 40
0.65
  1
2.5
100
AcDbText
  0
TEXT
  5
EF2
330
1F
100
AcDbEntity
  8
Diámetros
100
AcDbText
 10
2128.744509670891
 20
1970.406800401936
 30
0.0
 40
0.65
  1
2.5
100
AcDbText
  0
TEXT
  5
EF3
330
1F
100
AcDbEntity
  8
Diámetros
100
AcDbText
 10
2139.204579683493
 20
1970.406800401936
 30
0.0
 40
0.65
  1
2.5
100
AcDbText
  0
TEXT
  5
EF4
330
1F
100
AcDbEntity
  8
Diámetros
100
AcDbText
 10
2149.087479935035
 20
1970.406800401936
 30
0.0
 40
0.65
  1
2.5
100
AcDbText
  0
TEXT
  5
EF5
330
1F
100
AcDbEntity
  8
Diámetros
100
AcDbText
 10
2154.642506355427
 20
1970.406800401936
 30
0.0
 40
0.65
  1
2.5
100
AcDbText
  0
TEXT
  5
EF6
330
1F
100
AcDbEntity
  8
Diámetros
100
AcDbText
 10
2042.263450399047
 20
1970.406800401936
 30
0.0
 40
0.65
  1
2.5
100
AcDbText
  0
TEXT
  5
EF7
330
1F
100
AcDbEntity
  8
Diámetros
100
AcDbText
 10
2047.860308579176
 20
1960.446511021889
 30
0.0
 40
0.65
  1
2.5
100
AcDbText
  0
TEXT
  5
EF8
330
1F
100
AcDbEntity
  8
Diámetros
100
AcDbText
 10
2057.52325759596
 20
1960.446511021889
 30
0.0
 40
0.65
  1
2.5
100
AcDbText
  0
TEXT
  5
EF9
330
1F
100
AcDbEntity
  8
Diámetros
100
AcDbText
 10
2067.507248995367
 20
1960.446511021889
 30
0.0
 40
0.65
  1
2.5
100
AcDbText
  0
TEXT
  5
EFA
330
1F
100
AcDbEntity
  8
Diámetros
100
AcDbText
 10
2077.089101192083
 20
1960.446511021889
 30
0.0
 40
0.65
  1
2.5
100
AcDbText
  0
TEXT
  5
EFB
330
1F
100
AcDbEntity
  8
Diámetros
100
AcDbText
 10
2088.509458593566
 20
1960.446511021889
 30
0.0
 40
0.65
  1
2.5
100
AcDbText
  0
TEXT
  5
EFC
330
1F
100
AcDbEntity
  8
Diámetros
100
AcDbText
 10
2097.50437254832
 20
1960.446511021889
 30
0.0
 40
0.65
  1
2.5
100
AcDbText
  0
TEXT
  5
EFD
330
1F
100
AcDbEntity
  8
Diámetros
100
AcDbText
 10
2108.891338947236
 20
1960.446511021889
 30
0.0
 40
0.65
  1
2.5
100
AcDbText
  0
TEXT
  5
EFE
330
1F
100
AcDbEntity
  8
Diámetros
100
AcDbText
 10
2118.591194527231
 20
1960.446511021889
 30
0.0
 40
0.65
  1
2.5
100
AcDbText
  0
TEXT
  5
EFF
330
1F
100
AcDbEntity
  8
Diámetros
100
AcDbText
 10
2128.744509670891
 20
1960.446511021889
 30
0.0
 40
0.65
  1
2.5
100
AcDbText
  0
TEXT
  5
F00
330
1F
100
AcDbEntity
  8
Diámetros
100
AcDbText
 10
2139.204579683493
 20
1960.446511021889
 30
0.0
 40
0.65
  1
2.5
100
AcDbText
  0
TEXT
  5
F01
330
1F
100
AcDbEntity
  8
Diámetros
100
AcDbText
 10
2149.087479935035
 20
1960.446511021889
 30
0.0
 40
0.65
  1
2.5
100
AcDbText
  0
TEXT
  5
F02
330
1F
100
AcDbEntity
  8
Diámetros
100
AcDbText
 10
2154.642506355427
 20
1960.446511021889
 30
0.0
 40
0.65
  1
2.5
100
AcDbText
  0
TEXT
  5
F03
330
1F
100
AcDbEntity
  8
Diámetros
100
AcDbText
 10
2042.263450399047
 20
1960.446511021889
 30
0.0
 40
0.65
  1
2.5
100
AcDbText
  0
TEXT
  5
F04
330
1F
100
AcDbEntity
  8
Diámetros
100
AcDbText
 10
2047.860308579176
 20
1950.481247044708
 30
0.0
 40
0.65
  1
2.5
100
AcDbText
  0
TEXT
  5
F05
330
1F
100
AcDbEntity
  8
Diámetros
100
AcDbText
 10
2057.52325759596
 20
1950.481247044708
 30
0.0
 40
0.65
  1
2.5
100
AcDbText
  0
TEXT
  5
F06
330
1F
100
AcDbEntity
  8
Diámetros
100
AcDbText
 10
2067.507248995367
 20
1950.481247044708
 30
0.0
 40
0.65
  1
2.5
100
AcDbText
  0
TEXT
  5
F07
330
1F
100
AcDbEntity
  8
Diámetros
100
AcDbText
 10
2077.089101192083
 20
1950.481247044708
 30
0.0
 40
0.65
  1
2.5
100
AcDbText
  0
TEXT
  5
F08
330
1F
100
AcDbEntity
  8
Diámetros
100
AcDbText
 10
2088.509458593566
 20
1950.481247044708
 30
0.0
 40
0.65
  1
2.5
100
AcDbText
  0
TEXT
  5
F09
330
1F
100
AcDbEntity
  8
Diámetros
100
AcDbText
 10
2097.50437254832
 20
1950.481247044708
 30
0.0
 40
0.65
  1
2.5
100
AcDbText
  0
TEXT
  5
F0A
330
1F
100
AcDbEntity
  8
Diámetros
100
AcDbText
 10
2108.891338947236
 20
1950.481247044708
 30
0.0
 40
0.65
  1
2.5
100
AcDbText
  0
TEXT
  5
F0B
330
1F
100
AcDbEntity
  8
Diámetros
100
AcDbText
 10
2118.591194527231
 20
1950.481247044708
 30
0.0
 40
0.65
  1
2.5
100
AcDbText
  0
TEXT
  5
F0C
330
1F
100
AcDbEntity
  8
Diámetros
100
AcDbText
 10
2128.744509670891
 20
1950.481247044708
 30
0.0
 40
0.65
  1
2.5
100
AcDbText
  0
TEXT
  5
F0D
330
1F
100
AcDbEntity
  8
Diámetros
100
AcDbText
 10
2139.204579683493
 20
1950.481247044708
 30
0.0
 40
0.65
  1
2.5
100
AcDbText
  0
TEXT
  5
F0E
330
1F
100
AcDbEntity
  8
Diámetros
100
AcDbText
 10
2149.087479935035
 20
1950.481247044708
 30
0.0
 40
0.65
  1
2.5
100
AcDbText
  0
TEXT
  5
F0F
330
1F
100
AcDbEntity
  8
Diámetros
100
AcDbText
 10
2154.642506355427
 20
1950.481247044708
 30
0.0
 40
0.65
  1
2.5
100
AcDbText
  0
TEXT
  5
F10
330
1F
100
AcDbEntity
  8
Diámetros
100
AcDbText
 10
2042.263450399047
 20
1950.481247044708
 30
0.0
 40
0.65
  1
2.5
100
AcDbText
  0
TEXT
  5
F11
330
1F
100
AcDbEntity
  8
Diámetros
100
AcDbText
 10
2047.860308579176
 20
1940.401424637138
 30
0.0
 40
0.65
  1
2.5
100
AcDbText
  0
TEXT
  5
F12
330
1F
100
AcDbEntity
  8
Diámetros
100
AcDbText
 10
2057.52325759596
 20
1940.401424637138
 30
0.0
 40
0.65
  1
2.5
100
AcDbText
  0
TEXT
  5
F13
330
1F
100
AcDbEntity
  8
Diámetros
100
AcDbText
 10
2067.507248995367
 20
1940.401424637138
 30
0.0
 40
0.65
  1
2.5
100
AcDbText
  0
TEXT
  5
F14
330
1F
100
AcDbEntity
  8
Diámetros
100
AcDbText
 10
2077.089101192083
 20
1940.401424637138
 30
0.0
 40
0.65
  1
2.5
100
AcDbText
  0
TEXT
  5
F15
330
1F
100
AcDbEntity
  8
Diámetros
100
AcDbText
 10
2088.509458593566
 20
1940.401424637138
 30
0.0
 40
0.65
  1
2.5
100
AcDbText
  0
TEXT
  5
F16
330
1F
100
AcDbEntity
  8
Diámetros
100
AcDbText
 10
2097.50437254832
 20
1940.401424637138
 30
0.0
 40
0.65
  1
2.5
100
AcDbText
  0
TEXT
  5
F17
330
1F
100
AcDbEntity
  8
Diámetros
100
AcDbText
 10
2108.891338947236
 20
1940.401424637138
 30
0.0
 40
0.65
  1
2.5
100
AcDbText
  0
TEXT
  5
F18
330
1F
100
AcDbEntity
  8
Diámetros
100
AcDbText
 10
2118.591194527231
 20
1940.401424637138
 30
0.0
 40
0.65
  1
2.5
100
AcDbText
  0
TEXT
  5
F19
330
1F
100
AcDbEntity
  8
Diámetros
100
AcDbText
 10
2128.744509670891
 20
1940.401424637138
 30
0.0
 40
0.65
  1
2.5
100
AcDbText
  0
TEXT
  5
F1A
330
1F
100
AcDbEntity
  8
Diámetros
100
AcDbText
 10
2139.204579683493
 20
1940.401424637138
 30
0.0
 40
0.65
  1
2.5
100
AcDbText
  0
TEXT
  5
F1B
330
1F
100
AcDbEntity
  8
Diámetros
100
AcDbText
 10
2149.087479935035
 20
1940.401424637138
 30
0.0
 40
0.65
  1
2.5
100
AcDbText
  0
TEXT
  5
F1C
330
1F
100
AcDbEntity
  8
Diámetros
100
AcDbText
 10
2154.642506355427
 20
1940.401424637138
 30
0.0
 40
0.65
  1
2.5
100
AcDbText
  0
TEXT
  5
F1D
330
1F
100
AcDbEntity
  8
Diámetros
100
AcDbText
 10
2042.263450399047
 20
1940.401424637138
 30
0.0
 40
0.65
  1
2.5
100
AcDbText
  0
TEXT
  5
F1E
330
1F
100
AcDbEntity
  8
Diámetros
100
AcDbText
 10
2047.860308579176
 20
1930.274914420283
 30
0.0
 40
0.65
  1
2.5
100
AcDbText
  0
TEXT
  5
F1F
330
1F
100
AcDbEntity
  8
Diámetros
100
AcDbText
 10
2057.52325759596
 20
1930.274914420283
 30
0.0
 40
0.65
  1
2.5
100
AcDbText
  0
TEXT
  5
F20
330
1F
100
AcDbEntity
  8
Diámetros
100
AcDbText
 10
2067.507248995367
 20
1930.274914420283
 30
0.0
 40
0.65
  1
2.5
100
AcDbText
  0
TEXT
  5
F21
330
1F
100
AcDbEntity
  8
Diámetros
100
AcDbText
 10
2077.089101192083
 20
1930.274914420283
 30
0.0
 40
0.65
  1
2.5
100
AcDbText
  0
TEXT
  5
F22
330
1F
100
AcDbEntity
  8
Diámetros
100
AcDbText
 10
2088.509458593566
 20
1930.274914420283
 30
0.0
 40
0.65
  1
2.5
100
AcDbText
  0
TEXT
  5
F23
330
1F
100
AcDbEntity
  8
Diámetros
100
AcDbText
 10
2097.50437254832
 20
1930.274914420283
 30
0.0
 40
0.65
  1
2.5
100
AcDbText
  0
TEXT
  5
F24
330
1F
100
AcDbEntity
  8
Diámetros
100
AcDbText
 10
2108.891338947236
 20
1930.274914420283
 30
0.0
 40
0.65
  1
2.5
100
AcDbText
  0
TEXT
  5
F25
330
1F
100
AcDbEntity
  8
Diámetros
100
AcDbText
 10
2118.591194527231
 20
1930.274914420283
 30
0.0
 40
0.65
  1
2.5
100
AcDbText
  0
TEXT
  5
F26
330
1F
100
AcDbEntity
  8
Diámetros
100
AcDbText
 10
2128.744509670891
 20
1930.274914420283
 30
0.0
 40
0.65
  1
2.5
100
AcDbText
  0
TEXT
  5
F27
330
1F
100
AcDbEntity
  8
Diámetros
100
AcDbText
 10
2139.204579683493
 20
1930.274914420283
 30
0.0
 40
0.65
  1
2.5
100
AcDbText
  0
TEXT
  5
F28
330
1F
100
AcDbEntity
  8
Diámetros
100
AcDbText
 10
2149.087479935035
 20
1930.274914420283
 30
0.0
 40
0.65
  1
2.5
100
AcDbText
  0
TEXT
  5
F29
330
1F
100
AcDbEntity
  8
Diámetros
100
AcDbText
 10
2154.642506355427
 20
1930.274914420283
 30
0.0
 40
0.65
  1
2.5
100
AcDbText
  0
TEXT
  5
F2A
330
1F
100
AcDbEntity
  8
Diámetros
100
AcDbText
 10
2042.263450399047
 20
1930.274914420283
 30
0.0
 40
0.65
  1
2.5
100
AcDbText
  0
TEXT
  5
F2B
330
1F
100
AcDbEntity
  8
Diámetros
100
AcDbText
 10
2047.860308579176
 20
1920.459523264392
 30
0.0
 40
0.65
  1
2.5
100
AcDbText
  0
TEXT
  5
F2C
330
1F
100
AcDbEntity
  8
Diámetros
100
AcDbText
 10
2057.52325759596
 20
1920.459523264392
 30
0.0
 40
0.65
  1
2.5
100
AcDbText
  0
TEXT
  5
F2D
330
1F
100
AcDbEntity
  8
Diámetros
100
AcDbText
 10
2067.507248995367
 20
1920.459523264392
 30
0.0
 40
0.65
  1
2.5
100
AcDbText
  0
TEXT
  5
F2E
330
1F
100
AcDbEntity
  8
Diámetros
100
AcDbText
 10
2077.089101192083
 20
1920.459523264392
 30
0.0
 40
0.65
  1
2.5
100
AcDbText
  0
TEXT
  5
F2F
330
1F
100
AcDbEntity
  8
Diámetros
100
AcDbText
 10
2088.509458593566
 20
1920.459523264392
 30
0.0
 40
0.65
  1
2.5
100
AcDbText
  0
TEXT
  5
F30
330
1F
100
AcDbEntity
  8
Diámetros
100
AcDbText
 10
2097.50437254832
 20
1920.459523264392
 30
0.0
 40
0.65
  1
2.5
100
AcDbText
  0
TEXT
  5
F31
330
1F
100
AcDbEntity
  8
Diámetros
100
AcDbText
 10
2108.891338947236
 20
1920.459523264392
 30
0.0
 40
0.65
  1
2.5
100
AcDbText
  0
TEXT
  5
F32
330
1F
100
AcDbEntity
  8
Diámetros
100
AcDbText
 10
2118.591194527231
 20
1920.459523264392
 30
0.0
 40
0.65
  1
2.5
100
AcDbText
  0
TEXT
  5
F33
330
1F
100
AcDbEntity
  8
Diámetros
100
AcDbText
 10
2128.744509670891
 20
1920.459523264392
 30
0.0
 40
0.65
  1
2.5
100
AcDbText
  0
TEXT
  5
F34
330
1F
100
AcDbEntity
  8
Diámetros
100
AcDbText
 10
2139.204579683493
 20
1920.459523264392
 30
0.0
 40
0.65
  1
2.5
100
AcDbText
  0
TEXT
  5
F35
330
1F
100
AcDbEntity
  8
Diámetros
100
AcDbText
 10
2149.087479935035
 20
1920.459523264392
 30
0.0
 40
0.65
  1
2.5
100
AcDbText
  0
TEXT
  5
F36
330
1F
100
AcDbEntity
  8
Diámetros
100
AcDbText
 10
2154.642506355427
 20
1920.459523264392
 30
0.0
 40
0.65
  1
2.5
100
AcDbText
  0
TEXT
  5
F37
330
1F
100
AcDbEntity
  8
Diámetros
100
AcDbText
 10
2042.263450399047
 20
1920.459523264392
 30
0.0
 40
0.65
  1
2.5
100
AcDbText
  0
TEXT
  5
F38
330
1F
100
AcDbEntity
  8
Diámetros
100
AcDbText
 10
2047.860308579176
 20
1910.452522773369
 30
0.0
 40
0.65
  1
2.5
100
AcDbText
  0
TEXT
  5
F39
330
1F
100
AcDbEntity
  8
Diámetros
100
AcDbText
 10
2057.52325759596
 20
1910.452522773369
 30
0.0
 40
0.65
  1
2.5
100
AcDbText
  0
TEXT
  5
F3A
330
1F
100
AcDbEntity
  8
Diámetros
100
AcDbText
 10
2067.507248995367
 20
1910.452522773369
 30
0.0
 40
0.65
  1
2.5
100
AcDbText
  0
TEXT
  5
F3B
330
1F
100
AcDbEntity
  8
Diámetros
100
AcDbText
 10
2077.089101192083
 20
1910.452522773369
 30
0.0
 40
0.65
  1
2.5
100
AcDbText
  0
TEXT
  5
F3C
330
1F
100
AcDbEntity
  8
Diámetros
100
AcDbText
 10
2088.509458593566
 20
1910.452522773369
 30
0.0
 40
0.65
  1
2.5
100
AcDbText
  0
TEXT
  5
F3D
330
1F
100
AcDbEntity
  8
Diámetros
100
AcDbText
 10
2097.50437254832
 20
1910.452522773369
 30
0.0
 40
0.65
  1
2.5
100
AcDbText
  0
TEXT
  5
F3E
330
1F
100
AcDbEntity
  8
Diámetros
100
AcDbText
 10
2108.891338947236
 20
1910.452522773369
 30
0.0
 40
0.65
  1
2.5
100
AcDbText
  0
TEXT
  5
F3F
330
1F
100
AcDbEntity
  8
Diámetros
100
AcDbText
 10
2118.591194527231
 20
1910.452522773369
 30
0.0
 40
0.65
  1
2.5
100
AcDbText
  0
TEXT
  5
F40
330
1F
100
AcDbEntity
  8
Diámetros
100
AcDbText
 10
2128.744509670891
 20
1910.452522773369
 30
0.0
 40
0.65
  1
2.5
100
AcDbText
  0
TEXT
  5
F41
330
1F
100
AcDbEntity
  8
Diámetros
100
AcDbText
 10
2139.204579683493
 20
1910.452522773369
 30
0.0
 40
0.65
  1
2.5
100
AcDbText
  0
TEXT
  5
F42
330
1F
100
AcDbEntity
  8
Diámetros
100
AcDbText
 10
2149.087479935035
 20
1910.452522773369
 30
0.0
 40
0.65
  1
2.5
100
AcDbText
  0
TEXT
  5
F43
330
1F
100
AcDbEntity
  8
Diámetros
100
AcDbText
 10
2154.642506355427
 20
1910.452522773369
 30
0.0
 40
0.65
  1
2.5
100
AcDbText
  0
TEXT
  5
F44
330
1F
100
AcDbEntity
  8
Diámetros
100
AcDbText
 10
2042.263450399047
 20
1910.452522773369
 30
0.0
 40
0.65
  1
2.5
100
AcDbText
  0
TEXT
  5
F45
330
1F
100
AcDbEntity
  8
Diámetros
100
AcDbText
 10
2047.860308579176
 20
1900.452087116967
 30
0.0
 40
0.65
  1
2.5
100
AcDbText
  0
TEXT
  5
F46
330
1F
100
AcDbEntity
  8
Diámetros
100
AcDbText
 10
2057.52325759596
 20
1900.452087116967
 30
0.0
 40
0.65
  1
2.5
100
AcDbText
  0
TEXT
  5
F47
330
1F
100
AcDbEntity
  8
Diámetros
100
AcDbText
 10
2067.507248995367
 20
1900.452087116967
 30
0.0
 40
0.65
  1
2.5
100
AcDbText
  0
TEXT
  5
F48
330
1F
100
AcDbEntity
  8
Diámetros
100
AcDbText
 10
2077.089101192083
 20
1900.452087116967
 30
0.0
 40
0.65
  1
2.5
100
AcDbText
  0
TEXT
  5
F49
330
1F
100
AcDbEntity
  8
Diámetros
100
AcDbText
 10
2088.509458593566
 20
1900.452087116967
 30
0.0
 40
0.65
  1
2.5
100
AcDbText
  0
TEXT
  5
F4A
330
1F
100
AcDbEntity
  8
Diámetros
100
AcDbText
 10
2097.50437254832
 20
1900.452087116967
 30
0.0
 40
0.65
  1
2.5
100
AcDbText
  0
TEXT
  5
F4B
330
1F
100
AcDbEntity
  8
Diámetros
100
AcDbText
 10
2108.891338947236
 20
1900.452087116967
 30
0.0
 40
0.65
  1
2.5
100
AcDbText
  0
TEXT
  5
F4C
330
1F
100
AcDbEntity
  8
Diámetros
100
AcDbText
 10
2118.591194527231
 20
1900.452087116967
 30
0.0
 40
0.65
  1
2.5
100
AcDbText
  0
TEXT
  5
F4D
330
1F
100
AcDbEntity
  8
Diámetros
100
AcDbText
 10
2128.744509670891
 20
1900.452087116967
 30
0.0
 40
0.65
  1
2.5
100
AcDbText
  0
TEXT
  5
F4E
330
1F
100
AcDbEntity
  8
Diámetros
100
AcDbText
 10
2139.204579683493
 20
1900.452087116967
 30
0.0
 40
0.65
  1
2.5
100
AcDbText
  0
TEXT
  5
F4F
330
1F
100
AcDbEntity
  8
Diámetros
100
AcDbText
 10
2149.087479935035
 20
1900.452087116967
 30
0.0
 40
0.65
  1
2.5
100
AcDbText
  0
TEXT
  5
F50
330
1F
100
AcDbEntity
  8
Diámetros
100
AcDbText
 10
2154.642506355427
 20
1900.452087116967
 30
0.0
 40
0.65
  1
2.5
100
AcDbText
  0
TEXT
  5
F51
330
1F
100
AcDbEntity
  8
Diámetros
100
AcDbText
 10
2042.263450399047
 20
1900.452087116967
 30
0.0
 40
0.65
  1
2.5
100
AcDbText
  0
TEXT
  5
F52
330
1F
100
AcDbEntity
  8
Diámetros
100
AcDbText
 10
2047.860308579176
 20
1890.280514282248
 30
0.0
 40
0.65
  1
2.5
100
AcDbText
  0
TEXT
  5
F53
330
1F
100
AcDbEntity
  8
Diámetros
100
AcDbText
 10
2057.52325759596
 20
1890.280514282248
 30
0.0
 40
0.65
  1
2.5
100
AcDbText
  0
TEXT
  5
F54
330
1F
100
AcDbEntity
  8
Diámetros
100
AcDbText
 10
2067.507248995367
 20
1890.280514282248
 30
0.0
 40
0.65
  1
2.5
100
AcDbText
  0
TEXT
  5
F55
330
1F
100
AcDbEntity
  8
Diámetros
100
AcDbText
 10
2077.089101192083
 20
1890.280514282248
 30
0.0
 40
0.65
  1
2.5
100
AcDbText
  0
TEXT
  5
F56
330
1F
100
AcDbEntity
  8
Diámetros
100
AcDbText
 10
2088.509458593566
 20
1890.280514282248
 30
0.0
 40
0.65
  1
2.5
100
AcDbText
  0
TEXT
  5
F57
330
1F
100
AcDbEntity
  8
Diámetros
100
AcDbText
 10
2097.50437254832
 20
1890.280514282248
 30
0.0
 40
0.65
  1
2.5
100
AcDbText
  0
TEXT
  5
F58
330
1F
100
AcDbEntity
  8
Diámetros
100
AcDbText
 10
2108.891338947236
 20
1890.280514282248
 30
0.0
 40
0.65
  1
2.5
100
AcDbText
  0
TEXT
  5
F59
330
1F
100
AcDbEntity
  8
Diámetros
100
AcDbText
 10
2118.591194527231
 20
1890.280514282248
 30
0.0
 40
0.65
  1
2.5
100
AcDbText
  0
TEXT
  5
F5A
330
1F
100
AcDbEntity
  8
Diámetros
100
AcDbText
 10
2128.744509670891
 20
1890.280514282248
 30
0.0
 40
0.65
  1
2.5
100
AcDbText
  0
TEXT
  5
F5B
330
1F
100
AcDbEntity
  8
Diámetros
100
AcDbText
 10
2139.204579683493
 20
1890.280514282248
 30
0.0
 40
0.65
  1
2.5
100
AcDbText
  0
TEXT
  5
F5C
330
1F
100
AcDbEntity
  8
Diámetros
100
AcDbText
 10
2149.087479935035
 20
1890.280514282248
 30
0.0
 40
0.65
  1
2.5
100
AcDbText
  0
TEXT
  5
F5D
330
1F
100
AcDbEntity
  8
Diámetros
100
AcDbText
 10
2154.642506355427
 20
1890.280514282248
 30
0.0
 40
0.65
  1
2.5
100
AcDbText
  0
TEXT
  5
F5E
330
1F
100
AcDbEntity
  8
Diámetros
100
AcDbText
 10
2042.263450399047
 20
1890.280514282248
 30
0.0
 40
0.65
  1
2.5
100
AcDbText
  0
TEXT
  5
F5F
330
1F
100
AcDbEntity
  8
Diámetros
100
AcDbText
 10
2047.860308579176
 20
1880.54404969707
 30
0.0
 40
0.65
  1
2.5
100
AcDbText
  0
TEXT
  5
F60
330
1F
100
AcDbEntity
  8
Diámetros
100
AcDbText
 10
2057.52325759596
 20
1880.54404969707
 30
0.0
 40
0.65
  1
2.5
100
AcDbText
  0
TEXT
  5
F61
330
1F
100
AcDbEntity
  8
Diámetros
100
AcDbText
 10
2067.507248995367
 20
1880.54404969707
 30
0.0
 40
0.65
  1
2.5
100
AcDbText
  0
TEXT
  5
F62
330
1F
100
AcDbEntity
  8
Diámetros
100
AcDbText
 10
2077.089101192083
 20
1880.54404969707
 30
0.0
 40
0.65
  1
2.5
100
AcDbText
  0
TEXT
  5
F63
330
1F
100
AcDbEntity
  8
Diámetros
100
AcDbText
 10
2088.509458593566
 20
1880.54404969707
 30
0.0
 40
0.65
  1
2.5
100
AcDbText
  0
TEXT
  5
F64
330
1F
100
AcDbEntity
  8
Diámetros
100
AcDbText
 10
2097.50437254832
 20
1880.54404969707
 30
0.0
 40
0.65
  1
2.5
100
AcDbText
  0
TEXT
  5
F65
330
1F
100
AcDbEntity
  8
Diámetros
100
AcDbText
 10
2108.891338947236
 20
1880.54404969707
 30
0.0
 40
0.65
  1
2.5
100
AcDbText
  0
TEXT
  5
F66
330
1F
100
AcDbEntity
  8
Diámetros
100
AcDbText
 10
2118.591194527231
 20
1880.54404969707
 30
0.0
 40
0.65
  1
2.5
100
AcDbText
  0
TEXT
  5
F67
330
1F
100
AcDbEntity
  8
Diámetros
100
AcDbText
 10
2128.744509670891
 20
1880.54404969707
 30
0.0
 40
0.65
  1
2.5
100
AcDbText
  0
TEXT
  5
F68
330
1F
100
AcDbEntity
  8
Diámetros
100
AcDbText
 10
2139.204579683493
 20
1880.54404969707
 30
0.0
 40
0.65
  1
2.5
100
AcDbText
  0
TEXT
  5
F69
330
1F
100
AcDbEntity
  8
Diámetros
100
AcDbText
 10
2149.087479935035
 20
1880.54404969707
 30
0.0
 40
0.65
  1
2.5
100
AcDbText
  0
TEXT
  5
F6A
330
1F
100
AcDbEntity
  8
Diámetros
100
AcDbText
 10
2154.642506355427
 20
1880.54404969707
 30
0.0
 40
0.65
  1
2.5
100
AcDbText
  0
TEXT
  5
F6B
330
1F
100
AcDbEntity
  8
Diámetros
100
AcDbText
 10
2042.263450399047
 20
1880.54404969707
 30
0.0
 40
0.65
  1
2.5
100
AcDbText
  0
TEXT
  5
F6C
330
1F
100
AcDbEntity
  8
Diámetros
100
AcDbText
 10
2047.860308579176
 20
1870.336978980414
 30
0.0
 40
0.65
  1
2.5
100
AcDbText
  0
TEXT
  5
F6D
330
1F
100
AcDbEntity
  8
Diámetros
100
AcDbText
 10
2057.52325759596
 20
1870.336978980414
 30
0.0
 40
0.65
  1
2.5
100
AcDbText
  0
TEXT
  5
F6E
330
1F
100
AcDbEntity
  8
Diámetros
100
AcDbText
 10
2067.507248995367
 20
1870.336978980414
 30
0.0
 40
0.65
  1
2.5
100
AcDbText
  0
TEXT
  5
F6F
330
1F
100
AcDbEntity
  8
Diámetros
100
AcDbText
 10
2077.089101192083
 20
1870.336978980414
 30
0.0
 40
0.65
  1
2.5
100
AcDbText
  0
TEXT
  5
F70
330
1F
100
AcDbEntity
  8
Diámetros
100
AcDbText
 10
2088.509458593566
 20
1870.336978980414
 30
0.0
 40
0.65
  1
2.5
100
AcDbText
  0
TEXT
  5
F71
330
1F
100
AcDbEntity
  8
Diámetros
100
AcDbText
 10
2097.50437254832
 20
1870.336978980414
 30
0.0
 40
0.65
  1
2.5
100
AcDbText
  0
TEXT
  5
F72
330
1F
100
AcDbEntity
  8
Diámetros
100
AcDbText
 10
2108.891338947236
 20
1870.336978980414
 30
0.0
 40
0.65
  1
2.5
100
AcDbText
  0
TEXT
  5
F73
330
1F
100
AcDbEntity
  8
Diámetros
100
AcDbText
 10
2118.591194527231
 20
1870.336978980414
 30
0.0
 40
0.65
  1
2.5
100
AcDbText
  0
TEXT
  5
F74
330
1F
100
AcDbEntity
  8
Diámetros
100
AcDbText
 10
2128.744509670891
 20
1870.336978980414
 30
0.0
 40
0.65
  1
2.5
100
AcDbText
  0
TEXT
  5
F75
330
1F
100
AcDbEntity
  8
Diámetros
100
AcDbText
 10
2139.204579683493
 20
1870.336978980414
 30
0.0
 40
0.65
  1
2.5
100
AcDbText
  0
TEXT
  5
F76
330
1F
100
AcDbEntity
  8
Diámetros
100
AcDbText
 10
2149.087479935035
 20
1870.336978980414
 30
0.0
 40
0.65
  1
2.5
100
AcDbText
  0
TEXT
  5
F77
330
1F
100
AcDbEntity
  8
Diámetros
100
AcDbText
 10
2154.642506355427
 20
1870.336978980414
 30
0.0
 40
0.65
  1
2.5
100
AcDbText
  0
TEXT
  5
F78
330
1F
100
AcDbEntity
  8
Diámetros
100
AcDbText
 10
2042.263450399047
 20
1870.336978980414
 30
0.0
 40
0.65
  1
2.5
100
AcDbText
  0
TEXT
  5
F79
330
1F
100
AcDbEntity
  8
Diámetros
100
AcDbText
 10
2047.860308579176
 20
1860.386175699606
 30
0.0
 40
0.65
  1
2.5
100
AcDbText
  0
TEXT
  5
F7A
330
1F
100
AcDbEntity
  8
Diámetros
100
AcDbText
 10
2057.52325759596
 20
1860.386175699606
 30
0.0
 40
0.65
  1
2.5
100
AcDbText
  0
TEXT
  5
F7B
330
1F
100
AcDbEntity
  8
Diámetros
100
AcDbText
 10
2067.507248995367
 20
1860.386175699606
 30
0.0
 40
0.65
  1
2.5
100
AcDbText
  0
TEXT
  5
F7C
330
1F
100
AcDbEntity
  8
Diámetros
100
AcDbText
 10
2077.089101192083
 20
1860.386175699606
 30
0.0
 40
0.65
  1
2.5
100
AcDbText
  0
TEXT
  5
F7D
330
1F
100
AcDbEntity
  8
Diámetros
100
AcDbText
 10
2088.509458593566
 20
1860.386175699606
 30
0.0
 40
0.65
  1
2.5
100
AcDbText
  0
TEXT
  5
F7E
330
1F
100
AcDbEntity
  8
Diámetros
100
AcDbText
 10
2097.50437254832
 20
1860.386175699606
 30
0.0
 40
0.65
  1
2.5
100
AcDbText
  0
TEXT
  5
F7F
330
1F
100
AcDbEntity
  8
Diámetros
100
AcDbText
 10
2108.891338947236
 20
1860.386175699606
 30
0.0
 40
0.65
  1
2.5
100
AcDbText
  0
TEXT
  5
F80
330
1F
100
AcDbEntity
  8
Diámetros
100
AcDbText
 10
2118.591194527231
 20
1860.386175699606
 30
0.0
 40
0.65
  1
2.5
100
AcDbText
  0
TEXT
  5
F81
330
1F
100
AcDbEntity
  8
Diámetros
100
AcDbText
 10
2128.744509670891
 20
1860.386175699606
 30
0.0
 40
0.65
  1
2.5
100
AcDbText
  0
TEXT
  5
F82
330
1F
100
AcDbEntity
  8
Diámetros
100
AcDbText
 10
2139.204579683493
 20
1860.386175699606
 30
0.0
 40
0.65
  1
2.5
100
AcDbText
  0
TEXT
  5
F83
330
1F
100
AcDbEntity
  8
Diámetros
100
AcDbText
 10
2149.087479935035
 20
1860.386175699606
 30
0.0
 40
0.65
  1
2.5
100
AcDbText
  0
TEXT
  5
F84
330
1F
100
AcDbEntity
  8
Diámetros
100
AcDbText
 10
2154.642506355427
 20
1860.386175699606
 30
0.0
 40
0.65
  1
2.5
100
AcDbText
  0
TEXT
  5
F85
330
1F
100
AcDbEntity
  8
Diámetros
100
AcDbText
 10
2042.263450399047
 20
1860.386175699606
 30
0.0
 40
0.65
  1
2.5
100
AcDbText
  0
TEXT
  5
F86
330
1F
100
AcDbEntity
  8
Diámetros
100
AcDbText
 10
2047.860308579176
 20
1850.41949914636
 30
0.0
 40
0.65
  1
2.5
100
AcDbText
  0
TEXT
  5
F87
330
1F
100
AcDbEntity
  8
Diámetros
100
AcDbText
 10
2057.52325759596
 20
1850.41949914636
 30
0.0
 40
0.65
  1
2.5
100
AcDbText
  0
TEXT
  5
F88
330
1F
100
AcDbEntity
  8
Diámetros
100
AcDbText
 10
2067.507248995367
 20
1850.41949914636
 30
0.0
 40
0.65
  1
2.5
100
AcDbText
  0
TEXT
  5
F89
330
1F
100
AcDbEntity
  8
Diámetros
100
AcDbText
 10
2077.089101192083
 20
1850.41949914636
 30
0.0
 40
0.65
  1
2.5
100
AcDbText
  0
TEXT
  5
F8A
330
1F
100
AcDbEntity
  8
Diámetros
100
AcDbText
 10
2088.509458593566
 20
1850.41949914636
 30
0.0
 40
0.65
  1
2.5
100
AcDbText
  0
TEXT
  5
F8B
330
1F
100
AcDbEntity
  8
Diámetros
100
AcDbText
 10
2097.50437254832
 20
1850.41949914636
 30
0.0
 40
0.65
  1
2.5
100
AcDbText
  0
TEXT
  5
F8C
330
1F
100
AcDbEntity
  8
Diámetros
100
AcDbText
 10
2108.891338947236
 20
1850.41949914636
 30
0.0
 40
0.65
  1
2.5
100
AcDbText
  0
TEXT
  5
F8D
330
1F
100
AcDbEntity
  8
Diámetros
100
AcDbText
 10
2118.591194527231
 20
1850.41949914636
 30
0.0
 40
0.65
  1
2.5
100
AcDbText
  0
TEXT
  5
F8E
330
1F
100
AcDbEntity
  8
Diámetros
100
AcDbText
 10
2128.744509670891
 20
1850.41949914636
 30
0.0
 40
0.65
  1
2.5
100
AcDbText
  0
TEXT
  5
F8F
330
1F
100
AcDbEntity
  8
Diámetros
100
AcDbText
 10
2139.204579683493
 20
1850.41949914636
 30
0.0
 40
0.65
  1
2.5
100
AcDbText
  0
TEXT
  5
F90
330
1F
100
AcDbEntity
  8
Diámetros
100
AcDbText
 10
2149.087479935035
 20
1850.41949914636
 30
0.0
 40
0.65
  1
2.5
100
AcDbText
  0
TEXT
  5
F91
330
1F
100
AcDbEntity
  8
Diámetros
100
AcDbText
 10
2154.642506355427
 20
1850.41949914636
 30
0.0
 40
0.65
  1
2.5
100
AcDbText
  0
TEXT
  5
F92
330
1F
100
AcDbEntity
  8
Diámetros
100
AcDbText
 10
2042.263450399047
 20
1850.41949914636
 30
0.0
 40
0.65
  1
2.5
100
AcDbText
  0
TEXT
  5
F93
330
1F
100
AcDbEntity
  8
Diámetros
100
AcDbText
 10
2047.860308579176
 20
1840.53340348143
 30
0.0
 40
0.65
  1
2.5
100
AcDbText
  0
TEXT
  5
F94
330
1F
100
AcDbEntity
  8
Diámetros
100
AcDbText
 10
2057.52325759596
 20
1840.53340348143
 30
0.0
 40
0.65
  1
2.5
100
AcDbText
  0
TEXT
  5
F95
330
1F
100
AcDbEntity
  8
Diámetros
100
AcDbText
 10
2067.507248995367
 20
1840.53340348143
 30
0.0
 40
0.65
  1
2.5
100
AcDbText
  0
TEXT
  5
F96
330
1F
100
AcDbEntity
  8
Diámetros
100
AcDbText
 10
2077.089101192083
 20
1840.53340348143
 30
0.0
 40
0.65
  1
2.5
100
AcDbText
  0
TEXT
  5
F97
330
1F
100
AcDbEntity
  8
Diámetros
100
AcDbText
 10
2088.509458593566
 20
1840.53340348143
 30
0.0
 40
0.65
  1
2.5
100
AcDbText
  0
TEXT
  5
F98
330
1F
100
AcDbEntity
  8
Diámetros
100
AcDbText
 10
2097.50437254832
 20
1840.53340348143
 30
0.0
 40
0.65
  1
2.5
100
AcDbText
  0
TEXT
  5
F99
330
1F
100
AcDbEntity
  8
Diámetros
100
AcDbText
 10
2108.891338947236
 20
1840.53340348143
 30
0.0
 40
0.65
  1
2.5
100
AcDbText
  0
TEXT
  5
F9A
330
1F
100
AcDbEntity
  8
Diámetros
100
AcDbText
 10
2118.591194527231
 20
1840.53340348143
 30
0.0
 40
0.65
  1
2.5
100
AcDbText
  0
TEXT
  5
F9B
330
1F
100
AcDbEntity
  8
Diámetros
100
AcDbText
 10
2128.744509670891
 20
1840.53340348143
 30
0.0
 40
0.65
  1
2.5
100
AcDbText
  0
TEXT
  5
F9C
330
1F
100
AcDbEntity
  8
Diámetros
100
AcDbText
 10
2139.204579683493
 20
1840.53340348143
 30
0.0
 40
0.65
  1
2.5
100
AcDbText
  0
TEXT
  5
F9D
330
1F
100
AcDbEntity
  8
Diámetros
100
AcDbText
 10
2149.087479935035
 20
1840.53340348143
 30
0.0
 40
0.65
  1
2.5
100
AcDbText
  0
TEXT
  5
F9E
330
1F
100
AcDbEntity
  8
Diámetros
100
AcDbText
 10
2154.642506355427
 20
1840.53340348143
 30
0.0
 40
0.65
  1
2.5
100
AcDbText
  0
TEXT
  5
F9F
330
1F
100
AcDbEntity
  8
Diámetros
100
AcDbText
 10
2042.263450399047
 20
1840.53340348143
 30
0.0
 40
0.65
  1
2.5
100
AcDbText
  0
TEXT
  5
FA0
330
1F
100
AcDbEntity
  8
Diámetros
100
AcDbText
 10
2047.860308579176
 20
1830.306810095049
 30
0.0
 40
0.65
  1
2.5
100
AcDbText
  0
TEXT
  5
FA1
330
1F
100
AcDbEntity
  8
Diámetros
100
AcDbText
 10
2057.52325759596
 20
1830.306810095049
 30
0.0
 40
0.65
  1
2.5
100
AcDbText
  0
TEXT
  5
FA2
330
1F
100
AcDbEntity
  8
Diámetros
100
AcDbText
 10
2067.507248995367
 20
1830.306810095049
 30
0.0
 40
0.65
  1
2.5
100
AcDbText
  0
TEXT
  5
FA3
330
1F
100
AcDbEntity
  8
Diámetros
100
AcDbText
 10
2077.089101192083
 20
1830.306810095049
 30
0.0
 40
0.65
  1
2.5
100
AcDbText
  0
TEXT
  5
FA4
330
1F
100
AcDbEntity
  8
Diámetros
100
AcDbText
 10
2088.509458593566
 20
1830.306810095049
 30
0.0
 40
0.65
  1
2.5
100
AcDbText
  0
TEXT
  5
FA5
330
1F
100
AcDbEntity
  8
Diámetros
100
AcDbText
 10
2097.50437254832
 20
1830.306810095049
 30
0.0
 40
0.65
  1
2.5
100
AcDbText
  0
TEXT
  5
FA6
330
1F
100
AcDbEntity
  8
Diámetros
100
AcDbText
 10
2108.891338947236
 20
1830.306810095049
 30
0.0
 40
0.65
  1
2.5
100
AcDbText
  0
TEXT
  5
FA7
330
1F
100
AcDbEntity
  8
Diámetros
100
AcDbText
 10
2118.591194527231
 20
1830.306810095049
 30
0.0
 40
0.65
  1
2.5
100
AcDbText
  0
TEXT
  5
FA8
330
1F
100
AcDbEntity
  8
Diámetros
100
AcDbText
 10
2128.744509670891
 20
1830.306810095049
 30
0.0
 40
0.65
  1
2.5
100
AcDbText
  0
TEXT
  5
FA9
330
1F
100
AcDbEntity
  8
Diámetros
100
AcDbText
 10
2139.204579683493
 20
1830.306810095049
 30
0.0
 40
0.65
  1
2.5
100
AcDbText
  0
TEXT
  5
FAA
330
1F
100
AcDbEntity
  8
Diámetros
100
AcDbText
 10
2149.087479935035
 20
1830.306810095049
 30
0.0
 40
0.65
  1
2.5
100
AcDbText
  0
TEXT
  5
FAB
330
1F
100
AcDbEntity
  8
Diámetros
100
AcDbText
 10
2154.642506355427
 20
1830.306810095049
 30
0.0
 40
0.65
  1
2.5
100
AcDbText
  0
TEXT
  5
FAC
330
1F
100
AcDbEntity
  8
Diámetros
100
AcDbText
 10
2042.263450399047
 20
1830.306810095049
 30
0.0
 40
0.65
  1
2.5
100
AcDbText
  0
TEXT
  5
FAD
330
1F
100
AcDbEntity
  8
Diámetros
100
AcDbText
 10
2047.860308579176
 20
1820.341607281546
 30
0.0
 40
0.65
  1
2.5
100
AcDbText
  0
TEXT
  5
FAE
330
1F
100
AcDbEntity
  8
Diámetros
100
AcDbText
 10
2057.52325759596
 20
1820.341607281546
 30
0.0
 40
0.65
  1
2.5
100
AcDbText
  0
TEXT
  5
FAF
330
1F
100
AcDbEntity
  8
Diámetros
100
AcDbText
 10
2067.507248995367
 20
1820.341607281546
 30
0.0
 40
0.65
  1
2.5
100
AcDbText
  0
TEXT
  5
FB0
330
1F
100
AcDbEntity
  8
Diámetros
100
AcDbText
 10
2077.089101192083
 20
1820.341607281546
 30
0.0
 40
0.65
  1
2.5
100
AcDbText
  0
TEXT
  5
FB1
330
1F
100
AcDbEntity
  8
Diámetros
100
AcDbText
 10
2088.509458593566
 20
1820.341607281546
 30
0.0
 40
0.65
  1
2.5
100
AcDbText
  0
TEXT
  5
FB2
330
1F
100
AcDbEntity
  8
Diámetros
100
AcDbText
 10
2097.50437254832
 20
1820.341607281546
 30
0.0
 40
0.65
  1
2.5
100
AcDbText
  0
TEXT
  5
FB3
330
1F
100
AcDbEntity
  8
Diámetros
100
AcDbText
 10
2108.891338947236
 20
1820.341607281546
 30
0.0
 40
0.65
  1
2.5
100
AcDbText
  0
TEXT
  5
FB4
330
1F
100
AcDbEntity
  8
Diámetros
100
AcDbText
 10
2118.591194527231
 20
1820.341607281546
 30
0.0
 40
0.65
  1
2.5
100
AcDbText
  0
TEXT
  5
FB5
330
1F
100
AcDbEntity
  8
Diámetros
100
AcDbText
 10
2128.744509670891
 20
1820.341607281546
 30
0.0
 40
0.65
  1
2.5
100
AcDbText
  0
TEXT
  5
FB6
330
1F
100
AcDbEntity
  8
Diámetros
100
AcDbText
 10
2139.204579683493
 20
1820.341607281546
 30
0.0
 40
0.65
  1
2.5
100
AcDbText
  0
TEXT
  5
FB7
330
1F
100
AcDbEntity
  8
Diámetros
100
AcDbText
 10
2149.087479935035
 20
1820.341607281546
 30
0.0
 40
0.65
  1
2.5
100
AcDbText
  0
TEXT
  5
FB8
330
1F
100
AcDbEntity
  8
Diámetros
100
AcDbText
 10
2154.642506355427
 20
1820.341607281546
 30
0.0
 40
0.65
  1
2.5
100
AcDbText
  0
TEXT
  5
FB9
330
1F
100
AcDbEntity
  8
Diámetros
100
AcDbText
 10
2042.263450399047
 20
1820.341607281546
 30
0.0
 40
0.65
  1
2.5
100
AcDbText
  0
TEXT
  5
FBA
330
1F
100
AcDbEntity
  8
Diámetros
100
AcDbText
 10
2047.860308579176
 20
1810.265320681575
 30
0.0
 40
0.65
  1
2.5
100
AcDbText
  0
TEXT
  5
FBB
330
1F
100
AcDbEntity
  8
Diámetros
100
AcDbText
 10
2057.52325759596
 20
1810.265320681575
 30
0.0
 40
0.65
  1
2.5
100
AcDbText
  0
TEXT
  5
FBC
330
1F
100
AcDbEntity
  8
Diámetros
100
AcDbText
 10
2067.507248995367
 20
1810.265320681575
 30
0.0
 40
0.65
  1
2.5
100
AcDbText
  0
TEXT
  5
FBD
330
1F
100
AcDbEntity
  8
Diámetros
100
AcDbText
 10
2077.089101192083
 20
1810.265320681575
 30
0.0
 40
0.65
  1
2.5
100
AcDbText
  0
TEXT
  5
FBE
330
1F
100
AcDbEntity
  8
Diámetros
100
AcDbText
 10
2088.509458593566
 20
1810.265320681575
 30
0.0
 40
0.65
  1
2.5
100
AcDbText
  0
TEXT
  5
FBF
330
1F
100
AcDbEntity
  8
Diámetros
100
AcDbText
 10
2097.50437254832
 20
1810.265320681575
 30
0.0
 40
0.65
  1
2.5
100
AcDbText
  0
TEXT
  5
FC0
330
1F
100
AcDbEntity
  8
Diámetros
100
AcDbText
 10
2108.891338947236
 20
1810.265320681575
 30
0.0
 40
0.65
  1
2.5
100
AcDbText
  0
TEXT
  5
FC1
330
1F
100
AcDbEntity
  8
Diámetros
100
AcDbText
 10
2118.591194527231
 20
1810.265320681575
 30
0.0
 40
0.65
  1
2.5
100
AcDbText
  0
TEXT
  5
FC2
330
1F
100
AcDbEntity
  8
Diámetros
100
AcDbText
 10
2128.744509670891
 20
1810.265320681575
 30
0.0
 40
0.65
  1
2.5
100
AcDbText
  0
TEXT
  5
FC3
330
1F
100
AcDbEntity
  8
Diámetros
100
AcDbText
 10
2139.204579683493
 20
1810.265320681575
 30
0.0
 40
0.65
  1
2.5
100
AcDbText
  0
TEXT
  5
FC4
330
1F
100
AcDbEntity
  8
Diámetros
100
AcDbText
 10
2149.087479935035
 20
1810.265320681575
 30
0.0
 40
0.65
  1
2.5
100
AcDbText
  0
TEXT
  5
FC5
330
1F
100
AcDbEntity
  8
Diámetros
100
AcDbText
 10
2154.642506355427
 20
1810.265320681575
 30
0.0
 40
0.65
  1
2.5
100
AcDbText
  0
TEXT
  5
FC6
330
1F
100
AcDbEntity
  8
Diámetros
100
AcDbText
 10
2042.263450399047
 20
1810.265320681575
 30
0.0
 40
0.65
  1
2.5
100
AcDbText
  0
TEXT
  5
FC7
330
1F
100
AcDbEntity
  8
Diámetros
100
AcDbText
 10
2047.860308579176
 20
1800.236834478172
 30
0.0
 40
0.65
  1
2.5
100
AcDbText
  0
TEXT
  5
FC8
330
1F
100
AcDbEntity
  8
Diámetros
100
AcDbText
 10
2057.52325759596
 20
1800.236834478172
 30
0.0
 40
0.65
  1
2.5
100
AcDbText
  0
TEXT
  5
FC9
330
1F
100
AcDbEntity
  8
Diámetros
100
AcDbText
 10
2067.507248995367
 20
1800.236834478172
 30
0.0
 40
0.65
  1
2.5
100
AcDbText
  0
TEXT
  5
FCA
330
1F
100
AcDbEntity
  8
Diámetros
100
AcDbText
 10
2077.089101192083
 20
1800.236834478172
 30
0.0
 40
0.65
  1
2.5
100
AcDbText
  0
TEXT
  5
FCB
330
1F
100
AcDbEntity
  8
Diámetros
100
AcDbText
 10
2088.509458593566
 20
1800.236834478172
 30
0.0
 40
0.65
  1
2.5
100
AcDbText
  0
TEXT
  5
FCC
330
1F
100
AcDbEntity
  8
Diámetros
100
AcDbText
 10
2097.50437254832
 20
1800.236834478172
 30
0.0
 40
0.65
  1
2.5
100
AcDbText
  0
TEXT
  5
FCD
330
1F
100
AcDbEntity
  8
Diámetros
100
AcDbText
 10
2108.891338947236
 20
1800.236834478172
 30
0.0
 40
0.65
  1
2.5
100
AcDbText
  0
TEXT
  5
FCE
330
1F
100
AcDbEntity
  8
Diámetros
100
AcDbText
 10
2118.591194527231
 20
1800.236834478172
 30
0.0
 40
0.65
  1
2.5
100
AcDbText
  0
TEXT
  5
FCF
330
1F
100
AcDbEntity
  8
Diámetros
100
AcDbText
 10
2128.744509670891
 20
1800.236834478172
 30
0.0
 40
0.65
  1
2.5
100
AcDbText
  0
TEXT
  5
FD0
330
1F
100
AcDbEntity
  8
Diámetros
100
AcDbText
 10
2139.204579683493
 20
1800.236834478172
 30
0.0
 40
0.65
  1
2.5
100
AcDbText
  0
TEXT
  5
FD1
330
1F
100
AcDbEntity
  8
Diámetros
100
AcDbText
 10
2149.087479935035
 20
1800.236834478172
 30
0.0
 40
0.65
  1
2.5
100
AcDbText
  0
TEXT
  5
FD2
330
1F
100
AcDbEntity
  8
Diámetros
100
AcDbText
 10
2154.642506355427
 20
1800.236834478172
 30
0.0
 40
0.65
  1
2.5
100
AcDbText
  0
TEXT
  5
FD3
330
1F
100
AcDbEntity
  8
Diámetros
100
AcDbText
 10
2042.263450399047
 20
1800.236834478172
 30
0.0
 40
0.65
  1
2.5
100
AcDbText
  0
TEXT
  5
FD4
330
1F
100
AcDbEntity
  8
Diámetros
100
AcDbText
 10
2047.860308579176
 20
1790.31044691203
 30
0.0
 40
0.65
  1
2.5
100
AcDbText
  0
TEXT
  5
FD5
330
1F
100
AcDbEntity
  8
Diámetros
100
AcDbText
 10
2057.52325759596
 20
1790.31044691203
 30
0.0
 40
0.65
  1
2.5
100
AcDbText
  0
TEXT
  5
FD6
330
1F
100
AcDbEntity
  8
Diámetros
100
AcDbText
 10
2067.507248995367
 20
1790.31044691203
 30
0.0
 40
0.65
  1
2.5
100
AcDbText
  0
TEXT
  5
FD7
330
1F
100
AcDbEntity
  8
Diámetros
100
AcDbText
 10
2077.089101192083
 20
1790.31044691203
 30
0.0
 40
0.65
  1
2.5
100
AcDbText
  0
TEXT
  5
FD8
330
1F
100
AcDbEntity
  8
Diámetros
100
AcDbText
 10
2088.509458593566
 20
1790.31044691203
 30
0.0
 40
0.65
  1
2.5
100
AcDbText
  0
TEXT
  5
FD9
330
1F
100
AcDbEntity
  8
Diámetros
100
AcDbText
 10
2097.50437254832
 20
1790.31044691203
 30
0.0
 40
0.65
  1
2.5
100
AcDbText
  0
TEXT
  5
FDA
330
1F
100
AcDbEntity
  8
Diámetros
100
AcDbText
 10
2108.891338947236
 20
1790.31044691203
 30
0.0
 40
0.65
  1
2.5
100
AcDbText
  0
TEXT
  5
FDB
330
1F
100
AcDbEntity
  8
Diámetros
100
AcDbText
 10
2118.591194527231
 20
1790.31044691203
 30
0.0
 40
0.65
  1
2.5
100
AcDbText
  0
TEXT
  5
FDC
330
1F
100
AcDbEntity
  8
Diámetros
100
AcDbText
 10
2128.744509670891
 20
1790.31044691203
 30
0.0
 40
0.65
  1
2.5
100
AcDbText
  0
TEXT
  5
FDD
330
1F
100
AcDbEntity
  8
Diámetros
100
AcDbText
 10
2139.204579683493
 20
1790.31044691203
 30
0.0
 40
0.65
  1
2.5
100
AcDbText
  0
TEXT
  5
FDE
330
1F
100
AcDbEntity
  8
Diámetros
100
AcDbText
 10
2149.087479935035
 20
1790.31044691203
 30
0.0
 40
0.65
  1
2.5
100
AcDbText
  0
TEXT
  5
FDF
330
1F
100
AcDbEntity
  8
Diámetros
100
AcDbText
 10
2154.642506355427
 20
1790.31044691203
 30
0.0
 40
0.65
  1
2.5
100
AcDbText
  0
TEXT
  5
FE0
330
1F
100
AcDbEntity
  8
Diámetros
100
AcDbText
 10
2042.263450399047
 20
1790.31044691203
 30
0.0
 40
0.65
  1
2.5
100
AcDbText
  0
TEXT
  5
FE1
330
1F
100
AcDbEntity
  8
Diámetros
100
AcDbText
 10
2047.860308579176
 20
1780.199378914739
 30
0.0
 40
0.65
  1
2.5
100
AcDbText
  0
TEXT
  5
FE2
330
1F
100
AcDbEntity
  8
Diámetros
100
AcDbText
 10
2057.52325759596
 20
1780.199378914739
 30
0.0
 40
0.65
  1
2.5
100
AcDbText
  0
TEXT
  5
FE3
330
1F
100
AcDbEntity
  8
Diámetros
100
AcDbText
 10
2067.507248995367
 20
1780.199378914739
 30
0.0
 40
0.65
  1
2.5
100
AcDbText
  0
TEXT
  5
FE4
330
1F
100
AcDbEntity
  8
Diámetros
100
AcDbText
 10
2077.089101192083
 20
1780.199378914739
 30
0.0
 40
0.65
  1
2.5
100
AcDbText
  0
TEXT
  5
FE5
330
1F
100
AcDbEntity
  8
Diámetros
100
AcDbText
 10
2088.509458593566
 20
1780.199378914739
 30
0.0
 40
0.65
  1
2.5
100
AcDbText
  0
TEXT
  5
FE6
330
1F
100
AcDbEntity
  8
Diámetros
100
AcDbText
 10
2097.50437254832
 20
1780.199378914739
 30
0.0
 40
0.65
  1
2.5
100
AcDbText
  0
TEXT
  5
FE7
330
1F
100
AcDbEntity
  8
Diámetros
100
AcDbText
 10
2108.891338947236
 20
1780.199378914739
 30
0.0
 40
0.65
  1
2.5
100
AcDbText
  0
TEXT
  5
FE8
330
1F
100
AcDbEntity
  8
Diámetros
100
AcDbText
 10
2118.591194527231
 20
1780.199378914739
 30
0.0
 40
0.65
  1
2.5
100
AcDbText
  0
TEXT
  5
FE9
330
1F
100
AcDbEntity
  8
Diámetros
100
AcDbText
 10
2128.744509670891
 20
1780.199378914739
 30
0.0
 40
0.65
  1
2.5
100
AcDbText
  0
TEXT
  5
FEA
330
1F
100
AcDbEntity
  8
Diámetros
100
AcDbText
 10
2139.204579683493
 20
1780.199378914739
 30
0.0
 40
0.65
  1
2.5
100
AcDbText
  0
TEXT
  5
FEB
330
1F
100
AcDbEntity
  8
Diámetros
100
AcDbText
 10
2149.087479935035
 20
1780.199378914739
 30
0.0
 40
0.65
  1
2.5
100
AcDbText
  0
TEXT
  5
FEC
330
1F
100
AcDbEntity
  8
Diámetros
100
AcDbText
 10
2154.642506355427
 20
1780.199378914739
 30
0.0
 40
0.65
  1
2.5
100
AcDbText
  0
TEXT
  5
FED
330
1F
100
AcDbEntity
  8
Diámetros
100
AcDbText
 10
2042.263450399047
 20
1780.199378914739
 30
0.0
 40
0.65
  1
2.5
100
AcDbText
  0
TEXT
  5
FEE
330
1F
100
AcDbEntity
  8
Diámetros
100
AcDbText
 10
2047.860308579176
 20
1770.309502788427
 30
0.0
 40
0.65
  1
2.5
100
AcDbText
  0
TEXT
  5
FEF
330
1F
100
AcDbEntity
  8
Diámetros
100
AcDbText
 10
2057.52325759596
 20
1770.309502788427
 30
0.0
 40
0.65
  1
2.5
100
AcDbText
  0
TEXT
  5
FF0
330
1F
100
AcDbEntity
  8
Diámetros
100
AcDbText
 10
2067.507248995367
 20
1770.309502788427
 30
0.0
 40
0.65
  1
2.5
100
AcDbText
  0
TEXT
  5
FF1
330
1F
100
AcDbEntity
  8
Diámetros
100
AcDbText
 10
2077.089101192083
 20
1770.309502788427
 30
0.0
 40
0.65
  1
2.5
100
AcDbText
  0
TEXT
  5
FF2
330
1F
100
AcDbEntity
  8
Diámetros
100
AcDbText
 10
2088.509458593566
 20
1770.309502788427
 30
0.0
 40
0.65
  1
2.5
100
AcDbText
  0
TEXT
  5
FF3
330
1F
100
AcDbEntity
  8
Diámetros
100
AcDbText
 10
2097.50437254832
 20
1770.309502788427
 30
0.0
 40
0.65
  1
2.5
100
AcDbText
  0
TEXT
  5
FF4
330
1F
100
AcDbEntity
  8
Diámetros
100
AcDbText
 10
2108.891338947236
 20
1770.309502788427
 30
0.0
 40
0.65
  1
2.5
100
AcDbText
  0
TEXT
  5
FF5
330
1F
100
AcDbEntity
  8
Diámetros
100
AcDbText
 10
2118.591194527231
 20
1770.309502788427
 30
0.0
 40
0.65
  1
2.5
100
AcDbText
  0
TEXT
  5
FF6
330
1F
100
AcDbEntity
  8
Diámetros
100
AcDbText
 10
2128.744509670891
 20
1770.309502788427
 30
0.0
 40
0.65
  1
2.5
100
AcDbText
  0
TEXT
  5
FF7
330
1F
100
AcDbEntity
  8
Diámetros
100
AcDbText
 10
2139.204579683493
 20
1770.309502788427
 30
0.0
 40
0.65
  1
2.5
100
AcDbText
  0
TEXT
  5
FF8
330
1F
100
AcDbEntity
  8
Diámetros
100
AcDbText
 10
2149.087479935035
 20
1770.309502788427
 30
0.0
 40
0.65
  1
2.5
100
AcDbText
  0
TEXT
  5
FF9
330
1F
100
AcDbEntity
  8
Diámetros
100
AcDbText
 10
2154.642506355427
 20
1770.309502788427
 30
0.0
 40
0.65
  1
2.5
100
AcDbText
  0
TEXT
  5
FFA
330
1F
100
AcDbEntity
  8
Diámetros
100
AcDbText
 10
2042.263450399047
 20
1770.309502788427
 30
0.0
 40
0.65
  1
2.5
100
AcDbText
  0
TEXT
  5
FFB
330
1F
100
AcDbEntity
  8
Diámetros
100
AcDbText
 10
2047.860308579176
 20
1760.077023185397
 30
0.0
 40
0.65
  1
2.5
100
AcDbText
  0
TEXT
  5
FFC
330
1F
100
AcDbEntity
  8
Diámetros
100
AcDbText
 10
2057.52325759596
 20
1760.077023185397
 30
0.0
 40
0.65
  1
2.5
100
AcDbText
  0
TEXT
  5
FFD
330
1F
100
AcDbEntity
  8
Diámetros
100
AcDbText
 10
2067.507248995367
 20
1760.077023185397
 30
0.0
 40
0.65
  1
2.5
100
AcDbText
  0
TEXT
  5
FFE
330
1F
100
AcDbEntity
  8
Diámetros
100
AcDbText
 10
2077.089101192083
 20
1760.077023185397
 30
0.0
 40
0.65
  1
2.5
100
AcDbText
  0
TEXT
  5
FFF
330
1F
100
AcDbEntity
  8
Diámetros
100
AcDbText
 10
2088.509458593566
 20
1760.077023185397
 30
0.0
 40
0.65
  1
2.5
100
AcDbText
  0
TEXT
  5
1000
330
1F
100
AcDbEntity
  8
Diámetros
100
AcDbText
 10
2097.50437254832
 20
1760.077023185397
 30
0.0
 40
0.65
  1
2.5
100
AcDbText
  0
TEXT
  5
1001
330
1F
100
AcDbEntity
  8
Diámetros
100
AcDbText
 10
2108.891338947236
 20
1760.077023185397
 30
0.0
 40
0.65
  1
2.5
100
AcDbText
  0
TEXT
  5
1002
330
1F
100
AcDbEntity
  8
Diámetros
100
AcDbText
 10
2118.591194527231
 20
1760.077023185397
 30
0.0
 40
0.65
  1
2.5
100
AcDbText
  0
TEXT
  5
1003
330
1F
100
AcDbEntity
  8
Diámetros
100
AcDbText
 10
2128.744509670891
 20
1760.077023185397
 30
0.0
 40
0.65
  1
2.5
100
AcDbText
  0
TEXT
  5
1004
330
1F
100
AcDbEntity
  8
Diámetros
100
AcDbText
 10
2139.204579683493
 20
1760.077023185397
 30
0.0
 40
0.65
  1
2.5
100
AcDbText
  0
TEXT
  5
1005
330
1F
100
AcDbEntity
  8
Diámetros
100
AcDbText
 10
2149.087479935035
 20
1760.077023185397
 30
0.0
 40
0.65
  1
2.5
100
AcDbText
  0
TEXT
  5
1006
330
1F
100
AcDbEntity
  8
Diámetros
100
AcDbText
 10
2154.642506355427
 20
1760.077023185397
 30
0.0
 40
0.65
  1
2.5
100
AcDbText
  0
TEXT
  5
1007
330
1F
100
AcDbEntity
  8
Diámetros
100
AcDbText
 10
2042.263450399047
 20
1760.077023185397
 30
0.0
 40
0.65
  1
2.5
100
AcDbText
  0
TEXT
  5
1008
330
1F
100
AcDbEntity
  8
Diámetros
100
AcDbText
 10
2047.860308579176
 20
1750.15947222717
 30
0.0
 40
0.65
  1
2.5
100
AcDbText
  0
TEXT
  5
1009
330
1F
100
AcDbEntity
  8
Diámetros
100
AcDbText
 10
2057.52325759596
 20
1750.15947222717
 30
0.0
 40
0.65
  1
2.5
100
AcDbText
  0
TEXT
  5
100A
330
1F
100
AcDbEntity
  8
Diámetros
100
AcDbText
 10
2067.507248995367
 20
1750.15947222717
 30
0.0
 40
0.65
  1
2.5
100
AcDbText
  0
TEXT
  5
100B
330
1F
100
AcDbEntity
  8
Diámetros
100
AcDbText
 10
2077.089101192083
 20
1750.15947222717
 30
0.0
 40
0.65
  1
2.5
100
AcDbText
  0
TEXT
  5
100C
330
1F
100
AcDbEntity
  8
Diámetros
100
AcDbText
 10
2088.509458593566
 20
1750.15947222717
 30
0.0
 40
0.65
  1
2.5
100
AcDbText
  0
TEXT
  5
100D
330
1F
100
AcDbEntity
  8
Diámetros
100
AcDbText
 10
2097.50437254832
 20
1750.15947222717
 30
0.0
 40
0.65
  1
2.5
100
AcDbText
  0
TEXT
  5
100E
330
1F
100
AcDbEntity
  8
Diámetros
100
AcDbText
 10
2108.891338947236
 20
1750.15947222717
 30
0.0
 40
0.65
  1
2.5
100
AcDbText
  0
TEXT
  5
100F
330
1F
100
AcDbEntity
  8
Diámetros
100
AcDbText
 10
2118.591194527231
 20
1750.15947222717
 30
0.0
 40
0.65
  1
2.5
100
AcDbText
  0
TEXT
  5
1010
330
1F
100
AcDbEntity
  8
Diámetros
100
AcDbText
 10
2128.744509670891
 20
1750.15947222717
 30
0.0
 40
0.65
  1
2.5
100
AcDbText
  0
TEXT
  5
1011
330
1F
100
AcDbEntity
  8
Diámetros
100
AcDbText
 10
2139.204579683493
 20
1750.15947222717
 30
0.0
 40
0.65
  1
2.5
100
AcDbText
  0
TEXT
  5
1012
330
1F
100
AcDbEntity
  8
Diámetros
100
AcDbText
 10
2149.087479935035
 20
1750.15947222717
 30
0.0
 40
0.65
  1
2.5
100
AcDbText
  0
TEXT
  5
1013
330
1F
100
AcDbEntity
  8
Diámetros
100
AcDbText
 10
2154.642506355427
 20
1750.15947222717
 30
0.0
 40
0.65
  1
2.5
100
AcDbText
  0
TEXT
  5
1014
330
1F
100
AcDbEntity
  8
Diámetros
100
AcDbText
 10
2042.263450399047
 20
1750.15947222717
 30
0.0
 40
0.65
  1
2.5
100
AcDbText
  0
TEXT
  5
1015
330
1F
100
AcDbEntity
  8
Diámetros
100
AcDbText
 10
2047.860308579176
 20
1740.108568301964
 30
0.0
 40
0.65
  1
2.5
100
AcDbText
  0
TEXT
  5
1016
330
1F
100
AcDbEntity
  8
Diámetros
100
AcDbText
 10
2057.52325759596
 20
1740.108568301964
 30
0.0
 40
0.65
  1
2.5
100
AcDbText
  0
TEXT
  5
1017
330
1F
100
AcDbEntity
  8
Diámetros
100
AcDbText
 10
2067.507248995367
 20
1740.108568301964
 30
0.0
 40
0.65
  1
2.5
100
AcDbText
  0
TEXT
  5
1018
330
1F
100
AcDbEntity
  8
Diámetros
100
AcDbText
 10
2077.089101192083
 20
1740.108568301964
 30
0.0
 40
0.65
  1
2.5
100
AcDbText
  0
TEXT
  5
1019
330
1F
100
AcDbEntity
  8
Diámetros
100
AcDbText
 10
2088.509458593566
 20
1740.108568301964
 30
0.0
 40
0.65
  1
2.5
100
AcDbText
  0
TEXT
  5
101A
330
1F
100
AcDbEntity
  8
Diámetros
100
AcDbText
 10
2097.50437254832
 20
1740.108568301964
 30
0.0
 40
0.65
  1
2.5
100
AcDbText
  0
TEXT
  5
101B
330
1F
100
AcDbEntity
  8
Diámetros
100
AcDbText
 10
2108.891338947236
 20
1740.108568301964
 30
0.0
 40
0.65
  1
2.5
100
AcDbText
  0
TEXT
  5
101C
330
1F
100
AcDbEntity
  8
Diámetros
100
AcDbText
 10
2118.591194527231
 20
1740.108568301964
 30
0.0
 40
0.65
  1
2.5
100
AcDbText
  0
TEXT
  5
101D
330
1F
100
AcDbEntity
  8
Diámetros
100
AcDbText
 10
2128.744509670891
 20
1740.108568301964
 30
0.0
 40
0.65
  1
2.5
100
AcDbText
  0
TEXT
  5
101E
330
1F
100
AcDbEntity
  8
Diámetros
100
AcDbText
 10
2139.204579683493
 20
1740.108568301964
 30
0.0
 40
0.65
  1
2.5
100
AcDbText
  0
TEXT
  5
101F
330
1F
100
AcDbEntity
  8
Diámetros
100
AcDbText
 10
2149.087479935035
 20
1740.108568301964
 30
0.0
 40
0.65
  1
2.5
100
AcDbText
  0
TEXT
  5
1020
330
1F
100
AcDbEntity
  8
Diámetros
100
AcDbText
 10
2154.642506355427
 20
1740.108568301964
 30
0.0
 40
0.65
  1
2.5
100
AcDbText
  0
TEXT
  5
1021
330
1F
100
AcDbEntity
  8
Diámetros
100
AcDbText
 10
2042.263450399047
 20
1740.108568301964
 30
0.0
 40
0.65
  1
2.5
100
AcDbText
  0
TEXT
  5
1022
330
1F
100
AcDbEntity
  8
Diámetros
100
AcDbText
 10
2047.860308579176
 20
1730.155295198391
 30
0.0
 40
0.65
  1
2.5
100
AcDbText
  0
TEXT
  5
1023
330
1F
100
AcDbEntity
  8
Diámetros
100
AcDbText
 10
2057.52325759596
 20
1730.155295198391
 30
0.0
 40
0.65
  1
2.5
100
AcDbText
  0
TEXT
  5
1024
330
1F
100
AcDbEntity
  8
Diámetros
100
AcDbText
 10
2067.507248995367
 20
1730.155295198391
 30
0.0
 40
0.65
  1
2.5
100
AcDbText
  0
TEXT
  5
1025
330
1F
100
AcDbEntity
  8
Diámetros
100
AcDbText
 10
2077.089101192083
 20
1730.155295198391
 30
0.0
 40
0.65
  1
2.5
100
AcDbText
  0
TEXT
  5
1026
330
1F
100
AcDbEntity
  8
Diámetros
100
AcDbText
 10
2088.509458593566
 20
1730.155295198391
 30
0.0
 40
0.65
  1
2.5
100
AcDbText
  0
TEXT
  5
1027
330
1F
100
AcDbEntity
  8
Diámetros
100
AcDbText
 10
2097.50437254832
 20
1730.155295198391
 30
0.0
 40
0.65
  1
2.5
100
AcDbText
  0
TEXT
  5
1028
330
1F
100
AcDbEntity
  8
Diámetros
100
AcDbText
 10
2108.891338947236
 20
1730.155295198391
 30
0.0
 40
0.65
  1
2.5
100
AcDbText
  0
TEXT
  5
1029
330
1F
100
AcDbEntity
  8
Diámetros
100
AcDbText
 10
2118.591194527231
 20
1730.155295198391
 30
0.0
 40
0.65
  1
2.5
100
AcDbText
  0
TEXT
  5
102A
330
1F
100
AcDbEntity
  8
Diámetros
100
AcDbText
 10
2128.744509670891
 20
1730.155295198391
 30
0.0
 40
0.65
  1
2.5
100
AcDbText
  0
TEXT
  5
102B
330
1F
100
AcDbEntity
  8
Diámetros
100
AcDbText
 10
2139.204579683493
 20
1730.155295198391
 30
0.0
 40
0.65
  1
2.5
100
AcDbText
  0
TEXT
  5
102C
330
1F
100
AcDbEntity
  8
Diámetros
100
AcDbText
 10
2149.087479935035
 20
1730.155295198391
 30
0.0
 40
0.65
  1
2.5
100
AcDbText
  0
TEXT
  5
102D
330
1F
100
AcDbEntity
  8
Diámetros
100
AcDbText
 10
2154.642506355427
 20
1730.155295198391
 30
0.0
 40
0.65
  1
2.5
100
AcDbText
  0
TEXT
  5
102E
330
1F
100
AcDbEntity
  8
Diámetros
100
AcDbText
 10
2042.263450399047
 20
1730.155295198391
 30
0.0
 40
0.65
  1
2.5
100
AcDbText
  0
TEXT
  5
102F
330
1F
100
AcDbEntity
  8
Diámetros
100
AcDbText
 10
2047.860308579176
 20
1720.180280080139
 30
0.0
 40
0.65
  1
2.5
100
AcDbText
  0
TEXT
  5
1030
330
1F
100
AcDbEntity
  8
Diámetros
100
AcDbText
 10
2057.52325759596
 20
1720.180280080139
 30
0.0
 40
0.65
  1
2.5
100
AcDbText
  0
TEXT
  5
1031
330
1F
100
AcDbEntity
  8
Diámetros
100
AcDbText
 10
2067.507248995367
 20
1720.180280080139
 30
0.0
 40
0.65
  1
2.5
100
AcDbText
  0
TEXT
  5
1032
330
1F
100
AcDbEntity
  8
Diámetros
100
AcDbText
 10
2077.089101192083
 20
1720.180280080139
 30
0.0
 40
0.65
  1
2.5
100
AcDbText
  0
TEXT
  5
1033
330
1F
100
AcDbEntity
  8
Diámetros
100
AcDbText
 10
2088.509458593566
 20
1720.180280080139
 30
0.0
 40
0.65
  1
2.5
100
AcDbText
  0
TEXT
  5
1034
330
1F
100
AcDbEntity
  8
Diámetros
100
AcDbText
 10
2097.50437254832
 20
1720.180280080139
 30
0.0
 40
0.65
  1
2.5
100
AcDbText
  0
TEXT
  5
1035
330
1F
100
AcDbEntity
  8
Diámetros
100
AcDbText
 10
2108.891338947236
 20
1720.180280080139
 30
0.0
 40
0.65
  1
2.5
100
AcDbText
  0
TEXT
  5
1036
330
1F
100
AcDbEntity
  8
Diámetros
100
AcDbText
 10
2118.591194527231
 20
1720.180280080139
 30
0.0
 40
0.65
  1
2.5
100
AcDbText
  0
TEXT
  5
1037
330
1F
100
AcDbEntity
  8
Diámetros
100
AcDbText
 10
2128.744509670891
 20
1720.180280080139
 30
0.0
 40
0.65
  1
2.5
100
AcDbText
  0
TEXT
  5
1038
330
1F
100
AcDbEntity
  8
Diámetros
100
AcDbText
 10
2139.204579683493
 20
1720.180280080139
 30
0.0
 40
0.65
  1
2.5
100
AcDbText
  0
TEXT
  5
1039
330
1F
100
AcDbEntity
  8
Diámetros
100
AcDbText
 10
2149.087479935035
 20
1720.180280080139
 30
0.0
 40
0.65
  1
2.5
100
AcDbText
  0
TEXT
  5
103A
330
1F
100
AcDbEntity
  8
Diámetros
100
AcDbText
 10
2154.642506355427
 20
1720.180280080139
 30
0.0
 40
0.65
  1
2.5
100
AcDbText
  0
TEXT
  5
103B
330
1F
100
AcDbEntity
  8
Diámetros
100
AcDbText
 10
2042.263450399047
 20
1720.180280080139
 30
0.0
 40
0.65
  1
2.5
100
AcDbText
  0
TEXT
  5
103C
330
1F
100
AcDbEntity
  8
Diámetros
100
AcDbText
 10
2156.223645889208
 20
2015.459126373361
 30
0.0
 40
0.65
  1
6.0
 50
90.0
100
AcDbText
  0
TEXT
  5
103D
330
1F
100
AcDbEntity
  8
Diámetros
100
AcDbText
 10
2156.223645889208
 20
2005.622272804453
 30
0.0
 40
0.65
  1
6.0
 50
90.0
100
AcDbText
  0
TEXT
  5
103E
330
1F
100
AcDbEntity
  8
Diámetros
100
AcDbText
 10
2156.223645889208
 20
1995.569833977221
 30
0.0
 40
0.65
  1
6.0
 50
90.0
100
AcDbText
  0
TEXT
  5
103F
330
1F
100
AcDbEntity
  8
Diámetros
100
AcDbText
 10
2156.223645889208
 20
1985.857377354595
 30
0.0
 40
0.65
  1
6.0
 50
90.0
100
AcDbText
  0
TEXT
  5
1040
330
1F
100
AcDbEntity
  8
Diámetros
100
AcDbText
 10
2156.223645889208
 20
1974.678145858533
 30
0.0
 40
0.65
  1
6.0
 50
90.0
100
AcDbText
  0
TEXT
  5
1041
330
1F
100
AcDbEntity
  8
Diámetros
100
AcDbText
 10
2156.223645889208
 20
1964.755008673369
 30
0.0
 40
0.65
  1
6.0
 50
90.0
100
AcDbText
  0
TEXT
  5
1042
330
1F
100
AcDbEntity
  8
Diámetros
100
AcDbText
 10
2156.223645889208
 20
1955.87604158705
 30
0.0
 40
0.65
  1
6.0
 50
90.0
100
AcDbText
  0
TEXT
  5
1043
330
1F
100
AcDbEntity
  8
Diámetros
100
AcDbText
 10
2156.223645889208
 20
1946.108395487144
 30
0.0
 40
0.65
  1
6.0
 50
90.0
100
AcDbText
  0
TEXT
  5
1044
330
1F
100
AcDbEntity
  8
Diámetros
100
AcDbText
 10
2156.223645889208
 20
1935.395494534708
 30
0.0
 40
0.65
  1
6.0
 50
90.0
100
AcDbText
  0
TEXT
  5
1045
330
1F
100
AcDbEntity
  8
Diámetros
100
AcDbText
 10
2156.223645889208
 20
1925.391537634729
 30
0.0
 40
0.65
  1
6.0
 50
90.0
100
AcDbText
  0
TEXT
  5
1046
330
1F
100
AcDbEntity
  8
Diámetros
100
AcDbText
 10
2156.223645889208
 20
1915.264520637299
 30
0.0
 40
0.65
  1
6.0
 50
90.0
100
AcDbText
  0
TEXT
  5
1047
330
1F
100
AcDbEntity
  8
Diámetros
100
AcDbText
 10
2156.223645889208
 20
1905.089997411313
 30
0.0
 40
0.65
  1
6.0
 50
90.0
100
AcDbText
  0
TEXT
  5
1048
330
1F
100
AcDbEntity
  8
Diámetros
100
AcDbText
 10
2156.223645889208
 20
1895.299263709764
 30
0.0
 40
0.65
  1
6.0
 50
90.0
100
AcDbText
  0
TEXT
  5
1049
330
1F
100
AcDbEntity
  8
Diámetros
100
AcDbText
 10
2156.223645889208
 20
1874.921761867198
 30
0.0
 40
0.65
  1
6.0
 50
90.0
100
AcDbText
  0
TEXT
  5
104A
330
1F
100
AcDbEntity
  8
Diámetros
100
AcDbText
 10
2156.223645889208
 20
1885.597131994627
 30
0.0
 40
0.65
  1
6.0
 50
90.0
100
AcDbText
  0
TEXT
  5
104B
330
1F
100
AcDbEntity
  8
Diámetros
100
AcDbText
 10
2156.223645889208
 20
1865.908317578564
 30
0.0
 40
0.65
  1
6.0
 50
90.0
100
AcDbText
  0
TEXT
  5
104C
330
1F
100
AcDbEntity
  8
Diámetros
100
AcDbText
 10
2156.223645889208
 20
1855.085291063486
 30
0.0
 40
0.65
  1
6.0
 50
90.0
100
AcDbText
  0
TEXT
  5
104D
330
1F
100
AcDbEntity
  8
Diámetros
100
AcDbText
 10
2156.223645889208
 20
1845.613385879508
 30
0.0
 40
0.65
  1
6.0
 50
90.0
100
AcDbText
  0
TEXT
  5
104E
330
1F
100
AcDbEntity
  8
Diámetros
100
AcDbText
 10
2156.223645889208
 20
1835.415335259474
 30
0.0
 40
0.65
  1
6.0
 50
90.0
100
AcDbText
  0
TEXT
  5
104F
330
1F
100
AcDbEntity
  8
Diámetros
100
AcDbText
 10
2156.223645889208
 20
1825.569345092009
 30
0.0
 40
0.65
  1
6.0
 50
90.0
100
AcDbText
  0
TEXT
  5
1050
330
1F
100
AcDbEntity
  8
Diámetros
100
AcDbText
 10
2156.223645889208
 20
1815.890094190444
 30
0.0
 40
0.65
  1
6.0
 50
90.0
100
AcDbText
  0
TEXT
  5
1051
330
1F
100
AcDbEntity
  8
Diámetros
100
AcDbText
 10
2156.223645889208
 20
1805.761108325402
 30
0.0
 40
0.65
  1
6.0
 50
90.0
100
AcDbText
  0
TEXT
  5
1052
330
1F
100
AcDbEntity
  8
Diámetros
100
AcDbText
 10
2156.223645889208
 20
1795.781811793408
 30
0.0
 40
0.65
  1
6.0
 50
90.0
100
AcDbText
  0
TEXT
  5
1053
330
1F
100
AcDbEntity
  8
Diámetros
100
AcDbText
 10
2156.223645889208
 20
1785.246650720089
 30
0.0
 40
0.65
  1
6.0
 50
90.0
100
AcDbText
  0
TEXT
  5
1054
330
1F
100
AcDbEntity
  8
Diámetros
100
AcDbText
 10
2156.223645889208
 20
1775.810747284981
 30
0.0
 40
0.65
  1
6.0
 50
90.0
100
AcDbText
  0
TEXT
  5
1055
330
1F
100
AcDbEntity
  8
Diámetros
100
AcDbText
 10
2156.223645889208
 20
1765.73512183044
 30
0.0
 40
0.65
  1
6.0
 50
90.0
100
AcDbText
  0
TEXT
  5
1056
330
1F
100
AcDbEntity
  8
Diámetros
100
AcDbText
 10
2156.223645889208
 20
1755.819429064709
 30
0.0
 40
0.65
  1
6.0
 50
90.0
100
AcDbText
  0
TEXT
  5
1057
330
1F
100
AcDbEntity
  8
Diámetros
100
AcDbText
 10
2156.223645889208
 20
1746.075316183343
 30
0.0
 40
0.65
  1
6.0
 50
90.0
100
AcDbText
  0
TEXT
  5
1058
330
1F
100
AcDbEntity
  8
Diámetros
100
AcDbText
 10
2156.223645889208
 20
1735.845262715201
 30
0.0
 40
0.65
  1
6.0
 50
90.0
100
AcDbText
  0
TEXT
  5
1059
330
1F
100
AcDbEntity
  8
Diámetros
100
AcDbText
 10
2156.223645889208
 20
1725.163884044699
 30
0.0
 40
0.65
  1
6.0
 50
90.0
100
AcDbText
  0
TEXT
  5
105A
330
1F
100
AcDbEntity
  8
Diámetros
100
AcDbText
 10
2042.442853898283
 20
2016.198118801302
 30
0.0
 40
0.65
  1
6.0
 50
270.0
100
AcDbText
  0
TEXT
  5
105B
330
1F
100
AcDbEntity
  8
Diámetros
100
AcDbText
 10
2042.442853898283
 20
2006.210728355291
 30
0.0
 40
0.65
  1
6.0
 50
270.0
100
AcDbText
  0
TEXT
  5
105C
330
1F
100
AcDbEntity
  8
Diámetros
100
AcDbText
 10
2042.442853898283
 20
1996.220294318234
 30
0.0
 40
0.65
  1
6.0
 50
270.0
100
AcDbText
  0
TEXT
  5
105D
330
1F
100
AcDbEntity
  8
Diámetros
100
AcDbText
 10
2042.442853898283
 20
1985.712449837084
 30
0.0
 40
0.65
  1
6.0
 50
270.0
100
AcDbText
  0
TEXT
  5
105E
330
1F
100
AcDbEntity
  8
Diámetros
100
AcDbText
 10
2042.442853898283
 20
1975.51587004315
 30
0.0
 40
0.65
  1
6.0
 50
270.0
100
AcDbText
  0
TEXT
  5
105F
330
1F
100
AcDbEntity
  8
Diámetros
100
AcDbText
 10
2042.442853898283
 20
1966.02060056718
 30
0.0
 40
0.65
  1
6.0
 50
270.0
100
AcDbText
  0
TEXT
  5
1060
330
1F
100
AcDbEntity
  8
Diámetros
100
AcDbText
 10
2042.442853898283
 20
1955.798917702007
 30
0.0
 40
0.65
  1
6.0
 50
270.0
100
AcDbText
  0
TEXT
  5
1061
330
1F
100
AcDbEntity
  8
Diámetros
100
AcDbText
 10
2042.442853898283
 20
1946.042592595405
 30
0.0
 40
0.65
  1
6.0
 50
270.0
100
AcDbText
  0
TEXT
  5
1062
330
1F
100
AcDbEntity
  8
Diámetros
100
AcDbText
 10
2042.442853898283
 20
1936.626392406485
 30
0.0
 40
0.65
  1
6.0
 50
270.0
100
AcDbText
  0
TEXT
  5
1063
330
1F
100
AcDbEntity
  8
Diámetros
100
AcDbText
 10
2042.442853898283
 20
1925.875066483467
 30
0.0
 40
0.65
  1
6.0
 50
270.0
100
AcDbText
  0
TEXT
  5
1064
330
1F
100
AcDbEntity
  8
Diámetros
100
AcDbText
 10
2042.442853898283
 20
1916.05286583824
 30
0.0
 40
0.65
  1
6.0
 50
270.0
100
AcDbText
  0
TEXT
  5
1065
330
1F
100
AcDbEntity
  8
Diámetros
100
AcDbText
 10
2042.442853898283
 20
1906.097935507148
 30
0.0
 40
0.65
  1
6.0
 50
270.0
100
AcDbText
  0
TEXT
  5
1066
330
1F
100
AcDbEntity
  8
Diámetros
100
AcDbText
 10
2042.442853898283
 20
1896.143002263344
 30
0.0
 40
0.65
  1
6.0
 50
270.0
100
AcDbText
  0
TEXT
  5
1067
330
1F
100
AcDbEntity
  8
Diámetros
100
AcDbText
 10
2042.442853898283
 20
1876.491511881425
 30
0.0
 40
0.65
  1
6.0
 50
270.0
100
AcDbText
  0
TEXT
  5
1068
330
1F
100
AcDbEntity
  8
Diámetros
100
AcDbText
 10
2042.442853898283
 20
1866.541311494614
 30
0.0
 40
0.65
  1
6.0
 50
270.0
100
AcDbText
  0
TEXT
  5
1069
330
1F
100
AcDbEntity
  8
Diámetros
100
AcDbText
 10
2042.442853898283
 20
1856.539014734401
 30
0.0
 40
0.65
  1
6.0
 50
270.0
100
AcDbText
  0
TEXT
  5
106A
330
1F
100
AcDbEntity
  8
Diámetros
100
AcDbText
 10
2042.442853898283
 20
1846.437986217047
 30
0.0
 40
0.65
  1
6.0
 50
270.0
100
AcDbText
  0
TEXT
  5
106B
330
1F
100
AcDbEntity
  8
Diámetros
100
AcDbText
 10
2042.442853898283
 20
1836.022757186628
 30
0.0
 40
0.65
  1
6.0
 50
270.0
100
AcDbText
  0
TEXT
  5
106C
330
1F
100
AcDbEntity
  8
Diámetros
100
AcDbText
 10
2042.442853898283
 20
1826.682804045341
 30
0.0
 40
0.65
  1
6.0
 50
270.0
100
AcDbText
  0
TEXT
  5
106D
330
1F
100
AcDbEntity
  8
Diámetros
100
AcDbText
 10
2042.442853898283
 20
1816.404358939807
 30
0.0
 40
0.65
  1
6.0
 50
270.0
100
AcDbText
  0
TEXT
  5
106E
330
1F
100
AcDbEntity
  8
Diámetros
100
AcDbText
 10
2042.442853898283
 20
1806.217707949764
 30
0.0
 40
0.65
  1
6.0
 50
270.0
100
AcDbText
  0
TEXT
  5
106F
330
1F
100
AcDbEntity
  8
Diámetros
100
AcDbText
 10
2042.442853898283
 20
1796.252563385366
 30
0.0
 40
0.65
  1
6.0
 50
270.0
100
AcDbText
  0
TEXT
  5
1070
330
1F
100
AcDbEntity
  8
Diámetros
100
AcDbText
 10
2042.442853898283
 20
1786.587816869448
 30
0.0
 40
0.65
  1
6.0
 50
270.0
100
AcDbText
  0
TEXT
  5
1071
330
1F
100
AcDbEntity
  8
Diámetros
100
AcDbText
 10
2042.442853898283
 20
1776.434846343546
 30
0.0
 40
0.65
  1
6.0
 50
270.0
100
AcDbText
  0
TEXT
  5
1072
330
1F
100
AcDbEntity
  8
Diámetros
100
AcDbText
 10
2042.442853898283
 20
1766.869236425105
 30
0.0
 40
0.65
  1
6.0
 50
270.0
100
AcDbText
  0
TEXT
  5
1073
330
1F
100
AcDbEntity
  8
Diámetros
100
AcDbText
 10
2042.442853898283
 20
1756.716265899668
 30
0.0
 40
0.65
  1
6.0
 50
270.0
100
AcDbText
  0
TEXT
  5
1074
330
1F
100
AcDbEntity
  8
Diámetros
100
AcDbText
 10
2042.442853898283
 20
1746.311568567137
 30
0.0
 40
0.65
  1
6.0
 50
270.0
100
AcDbText
  0
TEXT
  5
1075
330
1F
100
AcDbEntity
  8
Diámetros
100
AcDbText
 10
2042.442853898283
 20
1736.429993143379
 30
0.0
 40
0.65
  1
6.0
 50
270.0
100
AcDbText
  0
TEXT
  5
1076
330
1F
100
AcDbEntity
  8
Diámetros
100
AcDbText
 10
2042.442853898283
 20
1726.64260011034
 30
0.0
 40
0.65
  1
6.0
 50
270.0
100
AcDbText
  0
TEXT
  5
1077
330
1F
100
AcDbEntity
  8
Diámetros
100
AcDbText
 10
2655.222357133876
 20
1871.875308818258
 30
0.0
 40
0.65
  1
10
100
AcDbText
  0
CIRCLE
  5
107E
330
1F
100
AcDbEntity
  8
BODEGA
100
AcDbCircle
 10
3157.007940588526
 20
1871.351618161964
 30
0.0
 40
29.02167784538706
  0
INSERT
  5
18AC
330
1F
100
AcDbEntity
  8
03 Sprinkler Heads – Rociadores
100
AcDbBlockReference
  2
Rociadores Cerrados
 10
2104.507940588526
 20
2021.289118161964
 30
0.0
 41
0.1179768100307807
 42
0.1179768100307807
 43
0.1179768100307807
  0
INSERT
  5
18AD
330
1F
100
AcDbEntity
  8
03 Sprinkler Heads – Rociadores
100
AcDbBlockReference
  2
Rociadores Cerrados
 10
2114.507940588526
 20
2021.289118161964
 30
0.0
 41
0.1179768100307807
 42
0.1179768100307807
 43
0.1179768100307807
  0
INSERT
  5
18AE
330
1F
100
AcDbEntity
  8
03 Sprinkler Heads – Rociadores
100
AcDbBlockReference
  2
Rociadores Cerrados
 10
2124.507940588526
 20
2021.289118161964
 30
0.0
 41
0.1179768100307807
 42
0.1179768100307807
 43
0.1179768100307807
  0
INSERT
  5
18AF
330
1F
100
AcDbEntity
  8
03 Sprinkler Heads – Rociadores
100
AcDbBlockReference
  2
Rociadores Cerrados
 10
2134.507940588526
 20
2021.289118161964
 30
0.0
 41
0.1179768100307807
 42
0.1179768100307807
 43
0.1179768100307807
  0
INSERT
  5
18B0
330
1F
100
AcDbEntity
  8
03 Sprinkler Heads – Rociadores
100
AcDbBlockReference
  2
Rociadores Cerrados
 10
2144.507940588527
 20
2021.289118161964
 30
0.0
 41
0.1179768100307807
 42
0.1179768100307807
 43
0.1179768100307807
  0
INSERT
  5
18B1
330
1F
100
AcDbEntity
  8
03 Sprinkler Heads – Rociadores
100
AcDbBlockReference
  2
Rociadores Cerrados
 10
2154.512555735193
 20
2021.258232835288
 30
0.0
 41
0.1179768100307807
 42
0.1179768100307807
 43
0.1179768100307807
  0
INSERT
  5
18B2
330
1F
100
AcDbEntity
  8
03 Sprinkler Heads – Rociadores
100
AcDbBlockReference
  2
Rociadores Cerrados
 10
2094.507940588526
 20
2021.289118161964
 30
-1.0
 41
0.1179768100307807
 42
0.1179768100307807
 43
0.1179768100307807
  0
INSERT
  5
18B3
330
1F
100
AcDbEntity
  8
03 Sprinkler Heads – Rociadores
100
AcDbBlockReference
  2
Rociadores Cerrados
 10
2084.507940588527
 20
2021.289118161965
 30
0.1000000000000001
 41
0.1179768100307807
 42
0.1179768100307807
 43
0.1179768100307807
  0
INSERT
  5
18B4
330
1F
100
AcDbEntity
  8
03 Sprinkler Heads – Rociadores
100
AcDbBlockReference
  2
Rociadores Cerrados
 10
2074.507940588526
 20
2021.289118161964
 30
0.0
 41
0.1179768100307807
 42
0.1179768100307807
 43
0.1179768100307807
  0
INSERT
  5
18B5
330
1F
100
AcDbEntity
  8
03 Sprinkler Heads – Rociadores
100
AcDbBlockReference
  2
Rociadores Cerrados
 10
2064.507940588526
 20
2021.289118161964
 30
0.0
 41
0.1179768100307807
 42
0.1179768100307807
 43
0.1179768100307807
  0
INSERT
  5
18B6
330
1F
100
AcDbEntity
  8
03 Sprinkler Heads – Rociadores
100
AcDbBlockReference
  2
Rociadores Cerrados
 10
2054.507940588527
 20
2021.289118161964
 30
0.0
 41
0.1179768100307807
 42
0.1179768100307807
 43
0.1179768100307807
  0
INSERT
  5
18B7
330
1F
100
AcDbEntity
  8
03 Sprinkler Heads – Rociadores
100
AcDbBlockReference
  2
Rociadores Cerrados
 10
2044.507940588992
 20
2021.289118161964
 30
0.0
 41
0.1179768100307807
 42
0.1179768100307807
 43
0.1179768100307807
  0
INSERT
  5
19A2
330
1F
100
AcDbEntity
  8
03 Sprinkler Heads – Rociadores
100
AcDbBlockReference
  2
Rociadores Cerrados
 10
2104.507940588526
 20
2011.289118161965
 30
0.0
 41
0.1179768100307807
 42
0.1179768100307807
 43
0.1179768100307807
  0
INSERT
  5
19A3
330
1F
100
AcDbEntity
  8
03 Sprinkler Heads – Rociadores
100
AcDbBlockReference
  2
Rociadores Cerrados
 10
2114.507940588526
 20
2011.289118161965
 30
0.0
 41
0.1179768100307807
 42
0.1179768100307807
 43
0.1179768100307807
  0
INSERT
  5
19A4
330
1F
100
AcDbEntity
  8
03 Sprinkler Heads – Rociadores
100
AcDbBlockReference
  2
Rociadores Cerrados
 10
2124.507940588526
 20
2011.289118161965
 30
0.0
 41
0.1179768100307807
 42
0.1179768100307807
 43
0.1179768100307807
  0
INSERT
  5
19A5
330
1F
100
AcDbEntity
  8
03 Sprinkler Heads – Rociadores
100
AcDbBlockReference
  2
Rociadores Cerrados
 10
2134.507940588526
 20
2011.289118161965
 30
0.0
 41
0.1179768100307807
 42
0.1179768100307807
 43
0.1179768100307807
  0
INSERT
  5
19A6
330
1F
100
AcDbEntity
  8
03 Sprinkler Heads – Rociadores
100
AcDbBlockReference
  2
Rociadores Cerrados
 10
2144.507940588527
 20
2011.289118161965
 30
0.0
 41
0.1179768100307807
 42
0.1179768100307807
 43
0.1179768100307807
  0
INSERT
  5
19A7
330
1F
100
AcDbEntity
  8
03 Sprinkler Heads – Rociadores
100
AcDbBlockReference
  2
Rociadores Cerrados
 10
2154.512555735193
 20
2011.258232835288
 30
0.0
 41
0.1179768100307807
 42
0.1179768100307807
 43
0.1179768100307807
  0
INSERT
  5
19A8
330
1F
100
AcDbEntity
  8
03 Sprinkler Heads – Rociadores
100
AcDbBlockReference
  2
Rociadores Cerrados
 10
2094.507940588526
 20
2011.289118161965
 30
-1.0
 41
0.1179768100307807
 42
0.1179768100307807
 43
0.1179768100307807
  0
INSERT
  5
19A9
330
1F
100
AcDbEntity
  8
03 Sprinkler Heads – Rociadores
100
AcDbBlockReference
  2
Rociadores Cerrados
 10
2084.507940588527
 20
2011.289118161965
 30
0.1000000000000001
 41
0.1179768100307807
 42
0.1179768100307807
 43
0.1179768100307807
  0
INSERT
  5
19AA
330
1F
100
AcDbEntity
  8
03 Sprinkler Heads – Rociadores
100
AcDbBlockReference
  2
Rociadores Cerrados
 10
2074.507940588526
 20
2011.289118161965
 30
0.0
 41
0.1179768100307807
 42
0.1179768100307807
 43
0.1179768100307807
  0
INSERT
  5
19AB
330
1F
100
AcDbEntity
  8
03 Sprinkler Heads – Rociadores
100
AcDbBlockReference
  2
Rociadores Cerrados
 10
2064.507940588526
 20
2011.289118161965
 30
0.0
 41
0.1179768100307807
 42
0.1179768100307807
 43
0.1179768100307807
  0
INSERT
  5
19AC
330
1F
100
AcDbEntity
  8
03 Sprinkler Heads – Rociadores
100
AcDbBlockReference
  2
Rociadores Cerrados
 10
2054.507940588527
 20
2011.289118161965
 30
0.0
 41
0.1179768100307807
 42
0.1179768100307807
 43
0.1179768100307807
  0
INSERT
  5
19AD
330
1F
100
AcDbEntity
  8
03 Sprinkler Heads – Rociadores
100
AcDbBlockReference
  2
Rociadores Cerrados
 10
2044.507940588992
 20
2011.289118161965
 30
0.0
 41
0.1179768100307807
 42
0.1179768100307807
 43
0.1179768100307807
  0
INSERT
  5
19AE
330
1F
100
AcDbEntity
  8
03 Sprinkler Heads – Rociadores
100
AcDbBlockReference
  2
Rociadores Cerrados
 10
2104.507940588526
 20
2001.289118161965
 30
0.0
 41
0.1179768100307807
 42
0.1179768100307807
 43
0.1179768100307807
  0
INSERT
  5
19AF
330
1F
100
AcDbEntity
  8
03 Sprinkler Heads – Rociadores
100
AcDbBlockReference
  2
Rociadores Cerrados
 10
2114.507940588526
 20
2001.289118161965
 30
0.0
 41
0.1179768100307807
 42
0.1179768100307807
 43
0.1179768100307807
  0
INSERT
  5
19B0
330
1F
100
AcDbEntity
  8
03 Sprinkler Heads – Rociadores
100
AcDbBlockReference
  2
Rociadores Cerrados
 10
2124.507940588526
 20
2001.289118161965
 30
0.0
 41
0.1179768100307807
 42
0.1179768100307807
 43
0.1179768100307807
  0
INSERT
  5
19B1
330
1F
100
AcDbEntity
  8
03 Sprinkler Heads – Rociadores
100
AcDbBlockReference
  2
Rociadores Cerrados
 10
2134.507940588526
 20
2001.289118161965
 30
0.0
 41
0.1179768100307807
 42
0.1179768100307807
 43
0.1179768100307807
  0
INSERT
  5
19B2
330
1F
100
AcDbEntity
  8
03 Sprinkler Heads – Rociadores
100
AcDbBlockReference
  2
Rociadores Cerrados
 10
2144.507940588527
 20
2001.289118161965
 30
0.0
 41
0.1179768100307807
 42
0.1179768100307807
 43
0.1179768100307807
  0
INSERT
  5
19B3
330
1F
100
AcDbEntity
  8
03 Sprinkler Heads – Rociadores
100
AcDbBlockReference
  2
Rociadores Cerrados
 10
2154.512555735193
 20
2001.258232835289
 30
0.0
 41
0.1179768100307807
 42
0.1179768100307807
 43
0.1179768100307807
  0
INSERT
  5
19B4
330
1F
100
AcDbEntity
  8
03 Sprinkler Heads – Rociadores
100
AcDbBlockReference
  2
Rociadores Cerrados
 10
2094.507940588526
 20
2001.289118161965
 30
-1.0
 41
0.1179768100307807
 42
0.1179768100307807
 43
0.1179768100307807
  0
INSERT
  5
19B5
330
1F
100
AcDbEntity
  8
03 Sprinkler Heads – Rociadores
100
AcDbBlockReference
  2
Rociadores Cerrados
 10
2084.507940588526
 20
2001.289118161966
 30
0.1000000000000001
 41
0.1179768100307807
 42
0.1179768100307807
 43
0.1179768100307807
  0
INSERT
  5
19B6
330
1F
100
AcDbEntity
  8
03 Sprinkler Heads – Rociadores
100
AcDbBlockReference
  2
Rociadores Cerrados
 10
2074.507940588526
 20
2001.289118161965
 30
0.0
 41
0.1179768100307807
 42
0.1179768100307807
 43
0.1179768100307807
  0
INSERT
  5
19B7
330
1F
100
AcDbEntity
  8
03 Sprinkler Heads – Rociadores
100
AcDbBlockReference
  2
Rociadores Cerrados
 10
2064.507940588526
 20
2001.289118161965
 30
0.0
 41
0.1179768100307807
 42
0.1179768100307807
 43
0.1179768100307807
  0
INSERT
  5
19B8
330
1F
100
AcDbEntity
  8
03 Sprinkler Heads – Rociadores
100
AcDbBlockReference
  2
Rociadores Cerrados
 10
2054.507940588527
 20
2001.289118161965
 30
0.0
 41
0.1179768100307807
 42
0.1179768100307807
 43
0.1179768100307807
  0
INSERT
  5
19B9
330
1F
100
AcDbEntity
  8
03 Sprinkler Heads – Rociadores
100
AcDbBlockReference
  2
Rociadores Cerrados
 10
2044.507940588992
 20
2001.289118161965
 30
0.0
 41
0.1179768100307807
 42
0.1179768100307807
 43
0.1179768100307807
  0
INSERT
  5
19BA
330
1F
100
AcDbEntity
  8
03 Sprinkler Heads – Rociadores
100
AcDbBlockReference
  2
Rociadores Cerrados
 10
2104.507940588526
 20
1991.289118161965
 30
0.0
 41
0.1179768100307807
 42
0.1179768100307807
 43
0.1179768100307807
  0
INSERT
  5
19BB
330
1F
100
AcDbEntity
  8
03 Sprinkler Heads – Rociadores
100
AcDbBlockReference
  2
Rociadores Cerrados
 10
2114.507940588526
 20
1991.289118161965
 30
0.0
 41
0.1179768100307807
 42
0.1179768100307807
 43
0.1179768100307807
  0
INSERT
  5
19BC
330
1F
100
AcDbEntity
  8
03 Sprinkler Heads – Rociadores
100
AcDbBlockReference
  2
Rociadores Cerrados
 10
2124.507940588526
 20
1991.289118161965
 30
0.0
 41
0.1179768100307807
 42
0.1179768100307807
 43
0.1179768100307807
  0
INSERT
  5
19BD
330
1F
100
AcDbEntity
  8
03 Sprinkler Heads – Rociadores
100
AcDbBlockReference
  2
Rociadores Cerrados
 10
2134.507940588526
 20
1991.289118161965
 30
0.0
 41
0.1179768100307807
 42
0.1179768100307807
 43
0.1179768100307807
  0
INSERT
  5
19BE
330
1F
100
AcDbEntity
  8
03 Sprinkler Heads – Rociadores
100
AcDbBlockReference
  2
Rociadores Cerrados
 10
2144.507940588527
 20
1991.289118161965
 30
0.0
 41
0.1179768100307807
 42
0.1179768100307807
 43
0.1179768100307807
  0
INSERT
  5
19BF
330
1F
100
AcDbEntity
  8
03 Sprinkler Heads – Rociadores
100
AcDbBlockReference
  2
Rociadores Cerrados
 10
2154.512555735193
 20
1991.258232835289
 30
0.0
 41
0.1179768100307807
 42
0.1179768100307807
 43
0.1179768100307807
  0
INSERT
  5
19C0
330
1F
100
AcDbEntity
  8
03 Sprinkler Heads – Rociadores
100
AcDbBlockReference
  2
Rociadores Cerrados
 10
2094.507940588526
 20
1991.289118161965
 30
-1.0
 41
0.1179768100307807
 42
0.1179768100307807
 43
0.1179768100307807
  0
INSERT
  5
19C1
330
1F
100
AcDbEntity
  8
03 Sprinkler Heads – Rociadores
100
AcDbBlockReference
  2
Rociadores Cerrados
 10
2084.507940588526
 20
1991.289118161965
 30
0.1000000000000001
 41
0.1179768100307807
 42
0.1179768100307807
 43
0.1179768100307807
  0
INSERT
  5
19C2
330
1F
100
AcDbEntity
  8
03 Sprinkler Heads – Rociadores
100
AcDbBlockReference
  2
Rociadores Cerrados
 10
2074.507940588526
 20
1991.289118161965
 30
0.0
 41
0.1179768100307807
 42
0.1179768100307807
 43
0.1179768100307807
  0
INSERT
  5
19C3
330
1F
100
AcDbEntity
  8
03 Sprinkler Heads – Rociadores
100
AcDbBlockReference
  2
Rociadores Cerrados
 10
2064.507940588526
 20
1991.289118161965
 30
0.0
 41
0.1179768100307807
 42
0.1179768100307807
 43
0.1179768100307807
  0
INSERT
  5
19C4
330
1F
100
AcDbEntity
  8
03 Sprinkler Heads – Rociadores
100
AcDbBlockReference
  2
Rociadores Cerrados
 10
2054.507940588527
 20
1991.289118161965
 30
0.0
 41
0.1179768100307807
 42
0.1179768100307807
 43
0.1179768100307807
  0
INSERT
  5
19C5
330
1F
100
AcDbEntity
  8
03 Sprinkler Heads – Rociadores
100
AcDbBlockReference
  2
Rociadores Cerrados
 10
2044.507940588992
 20
1991.289118161965
 30
0.0
 41
0.1179768100307807
 42
0.1179768100307807
 43
0.1179768100307807
  0
INSERT
  5
19C6
330
1F
100
AcDbEntity
  8
03 Sprinkler Heads – Rociadores
100
AcDbBlockReference
  2
Rociadores Cerrados
 10
2104.507940588526
 20
1981.289118161964
 30
0.0
 41
0.1179768100307807
 42
0.1179768100307807
 43
0.1179768100307807
  0
INSERT
  5
19C7
330
1F
100
AcDbEntity
  8
03 Sprinkler Heads – Rociadores
100
AcDbBlockReference
  2
Rociadores Cerrados
 10
2114.507940588526
 20
1981.289118161964
 30
0.0
 41
0.1179768100307807
 42
0.1179768100307807
 43
0.1179768100307807
  0
INSERT
  5
19C8
330
1F
100
AcDbEntity
  8
03 Sprinkler Heads – Rociadores
100
AcDbBlockReference
  2
Rociadores Cerrados
 10
2124.507940588526
 20
1981.289118161964
 30
0.0
 41
0.1179768100307807
 42
0.1179768100307807
 43
0.1179768100307807
  0
INSERT
  5
19C9
330
1F
100
AcDbEntity
  8
03 Sprinkler Heads – Rociadores
100
AcDbBlockReference
  2
Rociadores Cerrados
 10
2134.507940588526
 20
1981.289118161964
 30
0.0
 41
0.1179768100307807
 42
0.1179768100307807
 43
0.1179768100307807
  0
INSERT
  5
19CA
330
1F
100
AcDbEntity
  8
03 Sprinkler Heads – Rociadores
100
AcDbBlockReference
  2
Rociadores Cerrados
 10
2144.507940588527
 20
1981.289118161964
 30
0.0
 41
0.1179768100307807
 42
0.1179768100307807
 43
0.1179768100307807
  0
INSERT
  5
19CB
330
1F
100
AcDbEntity
  8
03 Sprinkler Heads – Rociadores
100
AcDbBlockReference
  2
Rociadores Cerrados
 10
2154.512555735193
 20
1981.258232835288
 30
0.0
 41
0.1179768100307807
 42
0.1179768100307807
 43
0.1179768100307807
  0
INSERT
  5
19CC
330
1F
100
AcDbEntity
  8
03 Sprinkler Heads – Rociadores
100
AcDbBlockReference
  2
Rociadores Cerrados
 10
2094.507940588526
 20
1981.289118161964
 30
-1.0
 41
0.1179768100307807
 42
0.1179768100307807
 43
0.1179768100307807
  0
INSERT
  5
19CD
330
1F
100
AcDbEntity
  8
03 Sprinkler Heads – Rociadores
100
AcDbBlockReference
  2
Rociadores Cerrados
 10
2084.507940588527
 20
1981.289118161965
 30
0.1000000000000001
 41
0.1179768100307807
 42
0.1179768100307807
 43
0.1179768100307807
  0
INSERT
  5
19CE
330
1F
100
AcDbEntity
  8
03 Sprinkler Heads – Rociadores
100
AcDbBlockReference
  2
Rociadores Cerrados
 10
2074.507940588526
 20
1981.289118161964
 30
0.0
 41
0.1179768100307807
 42
0.1179768100307807
 43
0.1179768100307807
  0
INSERT
  5
19CF
330
1F
100
AcDbEntity
  8
03 Sprinkler Heads – Rociadores
100
AcDbBlockReference
  2
Rociadores Cerrados
 10
2064.507940588526
 20
1981.289118161964
 30
0.0
 41
0.1179768100307807
 42
0.1179768100307807
 43
0.1179768100307807
  0
INSERT
  5
19D0
330
1F
100
AcDbEntity
  8
03 Sprinkler Heads – Rociadores
100
AcDbBlockReference
  2
Rociadores Cerrados
 10
2054.507940588527
 20
1981.289118161964
 30
0.0
 41
0.1179768100307807
 42
0.1179768100307807
 43
0.1179768100307807
  0
INSERT
  5
19D1
330
1F
100
AcDbEntity
  8
03 Sprinkler Heads – Rociadores
100
AcDbBlockReference
  2
Rociadores Cerrados
 10
2044.507940588992
 20
1981.289118161964
 30
0.0
 41
0.1179768100307807
 42
0.1179768100307807
 43
0.1179768100307807
  0
INSERT
  5
19D2
330
1F
100
AcDbEntity
  8
03 Sprinkler Heads – Rociadores
100
AcDbBlockReference
  2
Rociadores Cerrados
 10
2104.507940588526
 20
1971.289118161964
 30
0.0
 41
0.1179768100307807
 42
0.1179768100307807
 43
0.1179768100307807
  0
INSERT
  5
19D3
330
1F
100
AcDbEntity
  8
03 Sprinkler Heads – Rociadores
100
AcDbBlockReference
  2
Rociadores Cerrados
 10
2114.507940588526
 20
1971.289118161964
 30
0.0
 41
0.1179768100307807
 42
0.1179768100307807
 43
0.1179768100307807
  0
INSERT
  5
19D4
330
1F
100
AcDbEntity
  8
03 Sprinkler Heads – Rociadores
100
AcDbBlockReference
  2
Rociadores Cerrados
 10
2124.507940588526
 20
1971.289118161964
 30
0.0
 41
0.1179768100307807
 42
0.1179768100307807
 43
0.1179768100307807
  0
INSERT
  5
19D5
330
1F
100
AcDbEntity
  8
03 Sprinkler Heads – Rociadores
100
AcDbBlockReference
  2
Rociadores Cerrados
 10
2134.507940588526
 20
1971.289118161964
 30
0.0
 41
0.1179768100307807
 42
0.1179768100307807
 43
0.1179768100307807
  0
INSERT
  5
19D6
330
1F
100
AcDbEntity
  8
03 Sprinkler Heads – Rociadores
100
AcDbBlockReference
  2
Rociadores Cerrados
 10
2144.507940588527
 20
1971.289118161964
 30
0.0
 41
0.1179768100307807
 42
0.1179768100307807
 43
0.1179768100307807
  0
INSERT
  5
19D7
330
1F
100
AcDbEntity
  8
03 Sprinkler Heads – Rociadores
100
AcDbBlockReference
  2
Rociadores Cerrados
 10
2154.512555735193
 20
1971.258232835288
 30
0.0
 41
0.1179768100307807
 42
0.1179768100307807
 43
0.1179768100307807
  0
INSERT
  5
19D8
330
1F
100
AcDbEntity
  8
03 Sprinkler Heads – Rociadores
100
AcDbBlockReference
  2
Rociadores Cerrados
 10
2094.507940588526
 20
1971.289118161964
 30
-1.0
 41
0.1179768100307807
 42
0.1179768100307807
 43
0.1179768100307807
  0
INSERT
  5
19D9
330
1F
100
AcDbEntity
  8
03 Sprinkler Heads – Rociadores
100
AcDbBlockReference
  2
Rociadores Cerrados
 10
2084.507940588527
 20
1971.289118161965
 30
0.1000000000000001
 41
0.1179768100307807
 42
0.1179768100307807
 43
0.1179768100307807
  0
INSERT
  5
19DA
330
1F
100
AcDbEntity
  8
03 Sprinkler Heads – Rociadores
100
AcDbBlockReference
  2
Rociadores Cerrados
 10
2074.507940588526
 20
1971.289118161964
 30
0.0
 41
0.1179768100307807
 42
0.1179768100307807
 43
0.1179768100307807
  0
INSERT
  5
19DB
330
1F
100
AcDbEntity
  8
03 Sprinkler Heads – Rociadores
100
AcDbBlockReference
  2
Rociadores Cerrados
 10
2064.507940588526
 20
1971.289118161964
 30
0.0
 41
0.1179768100307807
 42
0.1179768100307807
 43
0.1179768100307807
  0
INSERT
  5
19DC
330
1F
100
AcDbEntity
  8
03 Sprinkler Heads – Rociadores
100
AcDbBlockReference
  2
Rociadores Cerrados
 10
2054.507940588527
 20
1971.289118161964
 30
0.0
 41
0.1179768100307807
 42
0.1179768100307807
 43
0.1179768100307807
  0
INSERT
  5
19DD
330
1F
100
AcDbEntity
  8
03 Sprinkler Heads – Rociadores
100
AcDbBlockReference
  2
Rociadores Cerrados
 10
2044.507940588992
 20
1971.289118161964
 30
0.0
 41
0.1179768100307807
 42
0.1179768100307807
 43
0.1179768100307807
  0
INSERT
  5
19DE
330
1F
100
AcDbEntity
  8
03 Sprinkler Heads – Rociadores
100
AcDbBlockReference
  2
Rociadores Cerrados
 10
2104.507940588526
 20
1961.289118161964
 30
0.0
 41
0.1179768100307807
 42
0.1179768100307807
 43
0.1179768100307807
  0
INSERT
  5
19DF
330
1F
100
AcDbEntity
  8
03 Sprinkler Heads – Rociadores
100
AcDbBlockReference
  2
Rociadores Cerrados
 10
2114.507940588526
 20
1961.289118161964
 30
0.0
 41
0.1179768100307807
 42
0.1179768100307807
 43
0.1179768100307807
  0
INSERT
  5
19E0
330
1F
100
AcDbEntity
  8
03 Sprinkler Heads – Rociadores
100
AcDbBlockReference
  2
Rociadores Cerrados
 10
2124.507940588526
 20
1961.289118161964
 30
0.0
 41
0.1179768100307807
 42
0.1179768100307807
 43
0.1179768100307807
  0
INSERT
  5
19E1
330
1F
100
AcDbEntity
  8
03 Sprinkler Heads – Rociadores
100
AcDbBlockReference
  2
Rociadores Cerrados
 10
2134.507940588526
 20
1961.289118161964
 30
0.0
 41
0.1179768100307807
 42
0.1179768100307807
 43
0.1179768100307807
  0
INSERT
  5
19E2
330
1F
100
AcDbEntity
  8
03 Sprinkler Heads – Rociadores
100
AcDbBlockReference
  2
Rociadores Cerrados
 10
2144.507940588527
 20
1961.289118161964
 30
0.0
 41
0.1179768100307807
 42
0.1179768100307807
 43
0.1179768100307807
  0
INSERT
  5
19E3
330
1F
100
AcDbEntity
  8
03 Sprinkler Heads – Rociadores
100
AcDbBlockReference
  2
Rociadores Cerrados
 10
2154.512555735193
 20
1961.258232835288
 30
0.0
 41
0.1179768100307807
 42
0.1179768100307807
 43
0.1179768100307807
  0
INSERT
  5
19E4
330
1F
100
AcDbEntity
  8
03 Sprinkler Heads – Rociadores
100
AcDbBlockReference
  2
Rociadores Cerrados
 10
2094.507940588526
 20
1961.289118161964
 30
-1.0
 41
0.1179768100307807
 42
0.1179768100307807
 43
0.1179768100307807
  0
INSERT
  5
19E5
330
1F
100
AcDbEntity
  8
03 Sprinkler Heads – Rociadores
100
AcDbBlockReference
  2
Rociadores Cerrados
 10
2084.507940588527
 20
1961.289118161965
 30
0.1000000000000001
 41
0.1179768100307807
 42
0.1179768100307807
 43
0.1179768100307807
  0
INSERT
  5
19E6
330
1F
100
AcDbEntity
  8
03 Sprinkler Heads – Rociadores
100
AcDbBlockReference
  2
Rociadores Cerrados
 10
2074.507940588526
 20
1961.289118161964
 30
0.0
 41
0.1179768100307807
 42
0.1179768100307807
 43
0.1179768100307807
  0
INSERT
  5
19E7
330
1F
100
AcDbEntity
  8
03 Sprinkler Heads – Rociadores
100
AcDbBlockReference
  2
Rociadores Cerrados
 10
2064.507940588526
 20
1961.289118161964
 30
0.0
 41
0.1179768100307807
 42
0.1179768100307807
 43
0.1179768100307807
  0
INSERT
  5
19E8
330
1F
100
AcDbEntity
  8
03 Sprinkler Heads – Rociadores
100
AcDbBlockReference
  2
Rociadores Cerrados
 10
2054.507940588527
 20
1961.289118161964
 30
0.0
 41
0.1179768100307807
 42
0.1179768100307807
 43
0.1179768100307807
  0
INSERT
  5
19E9
330
1F
100
AcDbEntity
  8
03 Sprinkler Heads – Rociadores
100
AcDbBlockReference
  2
Rociadores Cerrados
 10
2044.507940588992
 20
1961.289118161964
 30
0.0
 41
0.1179768100307807
 42
0.1179768100307807
 43
0.1179768100307807
  0
INSERT
  5
19EA
330
1F
100
AcDbEntity
  8
03 Sprinkler Heads – Rociadores
100
AcDbBlockReference
  2
Rociadores Cerrados
 10
2104.507940588526
 20
1951.289118161964
 30
0.0
 41
0.1179768100307807
 42
0.1179768100307807
 43
0.1179768100307807
  0
INSERT
  5
19EB
330
1F
100
AcDbEntity
  8
03 Sprinkler Heads – Rociadores
100
AcDbBlockReference
  2
Rociadores Cerrados
 10
2114.507940588526
 20
1951.289118161964
 30
0.0
 41
0.1179768100307807
 42
0.1179768100307807
 43
0.1179768100307807
  0
INSERT
  5
19EC
330
1F
100
AcDbEntity
  8
03 Sprinkler Heads – Rociadores
100
AcDbBlockReference
  2
Rociadores Cerrados
 10
2124.507940588526
 20
1951.289118161964
 30
0.0
 41
0.1179768100307807
 42
0.1179768100307807
 43
0.1179768100307807
  0
INSERT
  5
19ED
330
1F
100
AcDbEntity
  8
03 Sprinkler Heads – Rociadores
100
AcDbBlockReference
  2
Rociadores Cerrados
 10
2134.507940588526
 20
1951.289118161964
 30
0.0
 41
0.1179768100307807
 42
0.1179768100307807
 43
0.1179768100307807
  0
INSERT
  5
19EE
330
1F
100
AcDbEntity
  8
03 Sprinkler Heads – Rociadores
100
AcDbBlockReference
  2
Rociadores Cerrados
 10
2144.507940588527
 20
1951.289118161964
 30
0.0
 41
0.1179768100307807
 42
0.1179768100307807
 43
0.1179768100307807
  0
INSERT
  5
19EF
330
1F
100
AcDbEntity
  8
03 Sprinkler Heads – Rociadores
100
AcDbBlockReference
  2
Rociadores Cerrados
 10
2154.512555735193
 20
1951.258232835288
 30
0.0
 41
0.1179768100307807
 42
0.1179768100307807
 43
0.1179768100307807
  0
INSERT
  5
19F0
330
1F
100
AcDbEntity
  8
03 Sprinkler Heads – Rociadores
100
AcDbBlockReference
  2
Rociadores Cerrados
 10
2094.507940588526
 20
1951.289118161964
 30
-1.0
 41
0.1179768100307807
 42
0.1179768100307807
 43
0.1179768100307807
  0
INSERT
  5
19F1
330
1F
100
AcDbEntity
  8
03 Sprinkler Heads – Rociadores
100
AcDbBlockReference
  2
Rociadores Cerrados
 10
2084.507940588526
 20
1951.289118161965
 30
0.1000000000000001
 41
0.1179768100307807
 42
0.1179768100307807
 43
0.1179768100307807
  0
INSERT
  5
19F2
330
1F
100
AcDbEntity
  8
03 Sprinkler Heads – Rociadores
100
AcDbBlockReference
  2
Rociadores Cerrados
 10
2074.507940588526
 20
1951.289118161964
 30
0.0
 41
0.1179768100307807
 42
0.1179768100307807
 43
0.1179768100307807
  0
INSERT
  5
19F3
330
1F
100
AcDbEntity
  8
03 Sprinkler Heads – Rociadores
100
AcDbBlockReference
  2
Rociadores Cerrados
 10
2064.507940588526
 20
1951.289118161964
 30
0.0
 41
0.1179768100307807
 42
0.1179768100307807
 43
0.1179768100307807
  0
INSERT
  5
19F4
330
1F
100
AcDbEntity
  8
03 Sprinkler Heads – Rociadores
100
AcDbBlockReference
  2
Rociadores Cerrados
 10
2054.507940588527
 20
1951.289118161964
 30
0.0
 41
0.1179768100307807
 42
0.1179768100307807
 43
0.1179768100307807
  0
INSERT
  5
19F5
330
1F
100
AcDbEntity
  8
03 Sprinkler Heads – Rociadores
100
AcDbBlockReference
  2
Rociadores Cerrados
 10
2044.507940588992
 20
1951.289118161964
 30
0.0
 41
0.1179768100307807
 42
0.1179768100307807
 43
0.1179768100307807
  0
INSERT
  5
19F6
330
1F
100
AcDbEntity
  8
03 Sprinkler Heads – Rociadores
100
AcDbBlockReference
  2
Rociadores Cerrados
 10
2104.507940588526
 20
1941.289118161964
 30
0.0
 41
0.1179768100307807
 42
0.1179768100307807
 43
0.1179768100307807
  0
INSERT
  5
19F7
330
1F
100
AcDbEntity
  8
03 Sprinkler Heads – Rociadores
100
AcDbBlockReference
  2
Rociadores Cerrados
 10
2114.507940588526
 20
1941.289118161964
 30
0.0
 41
0.1179768100307807
 42
0.1179768100307807
 43
0.1179768100307807
  0
INSERT
  5
19F8
330
1F
100
AcDbEntity
  8
03 Sprinkler Heads – Rociadores
100
AcDbBlockReference
  2
Rociadores Cerrados
 10
2124.507940588526
 20
1941.289118161964
 30
0.0
 41
0.1179768100307807
 42
0.1179768100307807
 43
0.1179768100307807
  0
INSERT
  5
19F9
330
1F
100
AcDbEntity
  8
03 Sprinkler Heads – Rociadores
100
AcDbBlockReference
  2
Rociadores Cerrados
 10
2134.507940588526
 20
1941.289118161964
 30
0.0
 41
0.1179768100307807
 42
0.1179768100307807
 43
0.1179768100307807
  0
INSERT
  5
19FA
330
1F
100
AcDbEntity
  8
03 Sprinkler Heads – Rociadores
100
AcDbBlockReference
  2
Rociadores Cerrados
 10
2144.507940588527
 20
1941.289118161964
 30
0.0
 41
0.1179768100307807
 42
0.1179768100307807
 43
0.1179768100307807
  0
INSERT
  5
19FB
330
1F
100
AcDbEntity
  8
03 Sprinkler Heads – Rociadores
100
AcDbBlockReference
  2
Rociadores Cerrados
 10
2154.512555735193
 20
1941.258232835289
 30
0.0
 41
0.1179768100307807
 42
0.1179768100307807
 43
0.1179768100307807
  0
INSERT
  5
19FC
330
1F
100
AcDbEntity
  8
03 Sprinkler Heads – Rociadores
100
AcDbBlockReference
  2
Rociadores Cerrados
 10
2094.507940588526
 20
1941.289118161964
 30
-1.0
 41
0.1179768100307807
 42
0.1179768100307807
 43
0.1179768100307807
  0
INSERT
  5
19FD
330
1F
100
AcDbEntity
  8
03 Sprinkler Heads – Rociadores
100
AcDbBlockReference
  2
Rociadores Cerrados
 10
2084.507940588526
 20
1941.289118161965
 30
0.1000000000000001
 41
0.1179768100307807
 42
0.1179768100307807
 43
0.1179768100307807
  0
INSERT
  5
19FE
330
1F
100
AcDbEntity
  8
03 Sprinkler Heads – Rociadores
100
AcDbBlockReference
  2
Rociadores Cerrados
 10
2074.507940588526
 20
1941.289118161964
 30
0.0
 41
0.1179768100307807
 42
0.1179768100307807
 43
0.1179768100307807
  0
INSERT
  5
19FF
330
1F
100
AcDbEntity
  8
03 Sprinkler Heads – Rociadores
100
AcDbBlockReference
  2
Rociadores Cerrados
 10
2064.507940588526
 20
1941.289118161964
 30
0.0
 41
0.1179768100307807
 42
0.1179768100307807
 43
0.1179768100307807
  0
INSERT
  5
1A00
330
1F
100
AcDbEntity
  8
03 Sprinkler Heads – Rociadores
100
AcDbBlockReference
  2
Rociadores Cerrados
 10
2054.507940588527
 20
1941.289118161964
 30
0.0
 41
0.1179768100307807
 42
0.1179768100307807
 43
0.1179768100307807
  0
INSERT
  5
1A01
330
1F
100
AcDbEntity
  8
03 Sprinkler Heads – Rociadores
100
AcDbBlockReference
  2
Rociadores Cerrados
 10
2044.507940588992
 20
1941.289118161964
 30
0.0
 41
0.1179768100307807
 42
0.1179768100307807
 43
0.1179768100307807
  0
INSERT
  5
1A02
330
1F
100
AcDbEntity
  8
03 Sprinkler Heads – Rociadores
100
AcDbBlockReference
  2
Rociadores Cerrados
 10
2104.507940588526
 20
1931.289118161964
 30
0.0
 41
0.1179768100307807
 42
0.1179768100307807
 43
0.1179768100307807
  0
INSERT
  5
1A03
330
1F
100
AcDbEntity
  8
03 Sprinkler Heads – Rociadores
100
AcDbBlockReference
  2
Rociadores Cerrados
 10
2114.507940588526
 20
1931.289118161964
 30
0.0
 41
0.1179768100307807
 42
0.1179768100307807
 43
0.1179768100307807
  0
INSERT
  5
1A04
330
1F
100
AcDbEntity
  8
03 Sprinkler Heads – Rociadores
100
AcDbBlockReference
  2
Rociadores Cerrados
 10
2124.507940588526
 20
1931.289118161964
 30
0.0
 41
0.1179768100307807
 42
0.1179768100307807
 43
0.1179768100307807
  0
INSERT
  5
1A05
330
1F
100
AcDbEntity
  8
03 Sprinkler Heads – Rociadores
100
AcDbBlockReference
  2
Rociadores Cerrados
 10
2134.507940588526
 20
1931.289118161964
 30
0.0
 41
0.1179768100307807
 42
0.1179768100307807
 43
0.1179768100307807
  0
INSERT
  5
1A06
330
1F
100
AcDbEntity
  8
03 Sprinkler Heads – Rociadores
100
AcDbBlockReference
  2
Rociadores Cerrados
 10
2144.507940588527
 20
1931.289118161964
 30
0.0
 41
0.1179768100307807
 42
0.1179768100307807
 43
0.1179768100307807
  0
INSERT
  5
1A07
330
1F
100
AcDbEntity
  8
03 Sprinkler Heads – Rociadores
100
AcDbBlockReference
  2
Rociadores Cerrados
 10
2154.512555735193
 20
1931.258232835288
 30
0.0
 41
0.1179768100307807
 42
0.1179768100307807
 43
0.1179768100307807
  0
INSERT
  5
1A08
330
1F
100
AcDbEntity
  8
03 Sprinkler Heads – Rociadores
100
AcDbBlockReference
  2
Rociadores Cerrados
 10
2094.507940588526
 20
1931.289118161964
 30
-1.0
 41
0.1179768100307807
 42
0.1179768100307807
 43
0.1179768100307807
  0
INSERT
  5
1A09
330
1F
100
AcDbEntity
  8
03 Sprinkler Heads – Rociadores
100
AcDbBlockReference
  2
Rociadores Cerrados
 10
2084.507940588527
 20
1931.289118161965
 30
0.1000000000000001
 41
0.1179768100307807
 42
0.1179768100307807
 43
0.1179768100307807
  0
INSERT
  5
1A0A
330
1F
100
AcDbEntity
  8
03 Sprinkler Heads – Rociadores
100
AcDbBlockReference
  2
Rociadores Cerrados
 10
2074.507940588526
 20
1931.289118161964
 30
0.0
 41
0.1179768100307807
 42
0.1179768100307807
 43
0.1179768100307807
  0
INSERT
  5
1A0B
330
1F
100
AcDbEntity
  8
03 Sprinkler Heads – Rociadores
100
AcDbBlockReference
  2
Rociadores Cerrados
 10
2064.507940588526
 20
1931.289118161964
 30
0.0
 41
0.1179768100307807
 42
0.1179768100307807
 43
0.1179768100307807
  0
INSERT
  5
1A0C
330
1F
100
AcDbEntity
  8
03 Sprinkler Heads – Rociadores
100
AcDbBlockReference
  2
Rociadores Cerrados
 10
2054.507940588527
 20
1931.289118161964
 30
0.0
 41
0.1179768100307807
 42
0.1179768100307807
 43
0.1179768100307807
  0
INSERT
  5
1A0D
330
1F
100
AcDbEntity
  8
03 Sprinkler Heads – Rociadores
100
AcDbBlockReference
  2
Rociadores Cerrados
 10
2044.507940588992
 20
1931.289118161964
 30
0.0
 41
0.1179768100307807
 42
0.1179768100307807
 43
0.1179768100307807
  0
INSERT
  5
1A0E
330
1F
100
AcDbEntity
  8
03 Sprinkler Heads – Rociadores
100
AcDbBlockReference
  2
Rociadores Cerrados
 10
2104.507940588526
 20
1921.289118161964
 30
0.0
 41
0.1179768100307807
 42
0.1179768100307807
 43
0.1179768100307807
  0
INSERT
  5
1A0F
330
1F
100
AcDbEntity
  8
03 Sprinkler Heads – Rociadores
100
AcDbBlockReference
  2
Rociadores Cerrados
 10
2114.507940588526
 20
1921.289118161964
 30
0.0
 41
0.1179768100307807
 42
0.1179768100307807
 43
0.1179768100307807
  0
INSERT
  5
1A10
330
1F
100
AcDbEntity
  8
03 Sprinkler Heads – Rociadores
100
AcDbBlockReference
  2
Rociadores Cerrados
 10
2124.507940588526
 20
1921.289118161964
 30
0.0
 41
0.1179768100307807
 42
0.1179768100307807
 43
0.1179768100307807
  0
INSERT
  5
1A11
330
1F
100
AcDbEntity
  8
03 Sprinkler Heads – Rociadores
100
AcDbBlockReference
  2
Rociadores Cerrados
 10
2134.507940588526
 20
1921.289118161964
 30
0.0
 41
0.1179768100307807
 42
0.1179768100307807
 43
0.1179768100307807
  0
INSERT
  5
1A12
330
1F
100
AcDbEntity
  8
03 Sprinkler Heads – Rociadores
100
AcDbBlockReference
  2
Rociadores Cerrados
 10
2144.507940588527
 20
1921.289118161964
 30
0.0
 41
0.1179768100307807
 42
0.1179768100307807
 43
0.1179768100307807
  0
INSERT
  5
1A13
330
1F
100
AcDbEntity
  8
03 Sprinkler Heads – Rociadores
100
AcDbBlockReference
  2
Rociadores Cerrados
 10
2154.512555735193
 20
1921.258232835288
 30
0.0
 41
0.1179768100307807
 42
0.1179768100307807
 43
0.1179768100307807
  0
INSERT
  5
1A14
330
1F
100
AcDbEntity
  8
03 Sprinkler Heads – Rociadores
100
AcDbBlockReference
  2
Rociadores Cerrados
 10
2094.507940588526
 20
1921.289118161964
 30
-1.0
 41
0.1179768100307807
 42
0.1179768100307807
 43
0.1179768100307807
  0
INSERT
  5
1A15
330
1F
100
AcDbEntity
  8
03 Sprinkler Heads – Rociadores
100
AcDbBlockReference
  2
Rociadores Cerrados
 10
2084.507940588526
 20
1921.289118161965
 30
0.1000000000000001
 41
0.1179768100307807
 42
0.1179768100307807
 43
0.1179768100307807
  0
INSERT
  5
1A16
330
1F
100
AcDbEntity
  8
03 Sprinkler Heads – Rociadores
100
AcDbBlockReference
  2
Rociadores Cerrados
 10
2074.507940588526
 20
1921.289118161964
 30
0.0
 41
0.1179768100307807
 42
0.1179768100307807
 43
0.1179768100307807
  0
INSERT
  5
1A17
330
1F
100
AcDbEntity
  8
03 Sprinkler Heads – Rociadores
100
AcDbBlockReference
  2
Rociadores Cerrados
 10
2064.507940588526
 20
1921.289118161964
 30
0.0
 41
0.1179768100307807
 42
0.1179768100307807
 43
0.1179768100307807
  0
INSERT
  5
1A18
330
1F
100
AcDbEntity
  8
03 Sprinkler Heads – Rociadores
100
AcDbBlockReference
  2
Rociadores Cerrados
 10
2054.507940588527
 20
1921.289118161964
 30
0.0
 41
0.1179768100307807
 42
0.1179768100307807
 43
0.1179768100307807
  0
INSERT
  5
1A19
330
1F
100
AcDbEntity
  8
03 Sprinkler Heads – Rociadores
100
AcDbBlockReference
  2
Rociadores Cerrados
 10
2044.507940588992
 20
1921.289118161964
 30
0.0
 41
0.1179768100307807
 42
0.1179768100307807
 43
0.1179768100307807
  0
INSERT
  5
1A1A
330
1F
100
AcDbEntity
  8
03 Sprinkler Heads – Rociadores
100
AcDbBlockReference
  2
Rociadores Cerrados
 10
2104.507940588526
 20
1911.289118161964
 30
0.0
 41
0.1179768100307807
 42
0.1179768100307807
 43
0.1179768100307807
  0
INSERT
  5
1A1B
330
1F
100
AcDbEntity
  8
03 Sprinkler Heads – Rociadores
100
AcDbBlockReference
  2
Rociadores Cerrados
 10
2114.507940588526
 20
1911.289118161964
 30
0.0
 41
0.1179768100307807
 42
0.1179768100307807
 43
0.1179768100307807
  0
INSERT
  5
1A1C
330
1F
100
AcDbEntity
  8
03 Sprinkler Heads – Rociadores
100
AcDbBlockReference
  2
Rociadores Cerrados
 10
2124.507940588526
 20
1911.289118161964
 30
0.0
 41
0.1179768100307807
 42
0.1179768100307807
 43
0.1179768100307807
  0
INSERT
  5
1A1D
330
1F
100
AcDbEntity
  8
03 Sprinkler Heads – Rociadores
100
AcDbBlockReference
  2
Rociadores Cerrados
 10
2134.507940588526
 20
1911.289118161964
 30
0.0
 41
0.1179768100307807
 42
0.1179768100307807
 43
0.1179768100307807
  0
INSERT
  5
1A1E
330
1F
100
AcDbEntity
  8
03 Sprinkler Heads – Rociadores
100
AcDbBlockReference
  2
Rociadores Cerrados
 10
2144.507940588527
 20
1911.289118161964
 30
0.0
 41
0.1179768100307807
 42
0.1179768100307807
 43
0.1179768100307807
  0
INSERT
  5
1A1F
330
1F
100
AcDbEntity
  8
03 Sprinkler Heads – Rociadores
100
AcDbBlockReference
  2
Rociadores Cerrados
 10
2154.512555735193
 20
1911.258232835288
 30
0.0
 41
0.1179768100307807
 42
0.1179768100307807
 43
0.1179768100307807
  0
INSERT
  5
1A20
330
1F
100
AcDbEntity
  8
03 Sprinkler Heads – Rociadores
100
AcDbBlockReference
  2
Rociadores Cerrados
 10
2094.507940588526
 20
1911.289118161964
 30
-1.0
 41
0.1179768100307807
 42
0.1179768100307807
 43
0.1179768100307807
  0
INSERT
  5
1A21
330
1F
100
AcDbEntity
  8
03 Sprinkler Heads – Rociadores
100
AcDbBlockReference
  2
Rociadores Cerrados
 10
2084.507940588526
 20
1911.289118161965
 30
0.1000000000000001
 41
0.1179768100307807
 42
0.1179768100307807
 43
0.1179768100307807
  0
INSERT
  5
1A22
330
1F
100
AcDbEntity
  8
03 Sprinkler Heads – Rociadores
100
AcDbBlockReference
  2
Rociadores Cerrados
 10
2074.507940588526
 20
1911.289118161964
 30
0.0
 41
0.1179768100307807
 42
0.1179768100307807
 43
0.1179768100307807
  0
INSERT
  5
1A23
330
1F
100
AcDbEntity
  8
03 Sprinkler Heads – Rociadores
100
AcDbBlockReference
  2
Rociadores Cerrados
 10
2064.507940588526
 20
1911.289118161964
 30
0.0
 41
0.1179768100307807
 42
0.1179768100307807
 43
0.1179768100307807
  0
INSERT
  5
1A24
330
1F
100
AcDbEntity
  8
03 Sprinkler Heads – Rociadores
100
AcDbBlockReference
  2
Rociadores Cerrados
 10
2054.507940588527
 20
1911.289118161964
 30
0.0
 41
0.1179768100307807
 42
0.1179768100307807
 43
0.1179768100307807
  0
INSERT
  5
1A25
330
1F
100
AcDbEntity
  8
03 Sprinkler Heads – Rociadores
100
AcDbBlockReference
  2
Rociadores Cerrados
 10
2044.507940588992
 20
1911.289118161964
 30
0.0
 41
0.1179768100307807
 42
0.1179768100307807
 43
0.1179768100307807
  0
INSERT
  5
1A26
330
1F
100
AcDbEntity
  8
03 Sprinkler Heads – Rociadores
100
AcDbBlockReference
  2
Rociadores Cerrados
 10
2104.507940588526
 20
1901.289118161965
 30
0.0
 41
0.1179768100307807
 42
0.1179768100307807
 43
0.1179768100307807
  0
INSERT
  5
1A27
330
1F
100
AcDbEntity
  8
03 Sprinkler Heads – Rociadores
100
AcDbBlockReference
  2
Rociadores Cerrados
 10
2114.507940588526
 20
1901.289118161965
 30
0.0
 41
0.1179768100307807
 42
0.1179768100307807
 43
0.1179768100307807
  0
INSERT
  5
1A28
330
1F
100
AcDbEntity
  8
03 Sprinkler Heads – Rociadores
100
AcDbBlockReference
  2
Rociadores Cerrados
 10
2124.507940588526
 20
1901.289118161965
 30
0.0
 41
0.1179768100307807
 42
0.1179768100307807
 43
0.1179768100307807
  0
INSERT
  5
1A29
330
1F
100
AcDbEntity
  8
03 Sprinkler Heads – Rociadores
100
AcDbBlockReference
  2
Rociadores Cerrados
 10
2134.507940588526
 20
1901.289118161965
 30
0.0
 41
0.1179768100307807
 42
0.1179768100307807
 43
0.1179768100307807
  0
INSERT
  5
1A2A
330
1F
100
AcDbEntity
  8
03 Sprinkler Heads – Rociadores
100
AcDbBlockReference
  2
Rociadores Cerrados
 10
2144.507940588527
 20
1901.289118161965
 30
0.0
 41
0.1179768100307807
 42
0.1179768100307807
 43
0.1179768100307807
  0
INSERT
  5
1A2B
330
1F
100
AcDbEntity
  8
03 Sprinkler Heads – Rociadores
100
AcDbBlockReference
  2
Rociadores Cerrados
 10
2154.512555735193
 20
1901.258232835289
 30
0.0
 41
0.1179768100307807
 42
0.1179768100307807
 43
0.1179768100307807
  0
INSERT
  5
1A2C
330
1F
100
AcDbEntity
  8
03 Sprinkler Heads – Rociadores
100
AcDbBlockReference
  2
Rociadores Cerrados
 10
2094.507940588526
 20
1901.289118161965
 30
-1.0
 41
0.1179768100307807
 42
0.1179768100307807
 43
0.1179768100307807
  0
INSERT
  5
1A2D
330
1F
100
AcDbEntity
  8
03 Sprinkler Heads – Rociadores
100
AcDbBlockReference
  2
Rociadores Cerrados
 10
2084.507940588526
 20
1901.289118161965
 30
0.1000000000000001
 41
0.1179768100307807
 42
0.1179768100307807
 43
0.1179768100307807
  0
INSERT
  5
1A2E
330
1F
100
AcDbEntity
  8
03 Sprinkler Heads – Rociadores
100
AcDbBlockReference
  2
Rociadores Cerrados
 10
2074.507940588526
 20
1901.289118161965
 30
0.0
 41
0.1179768100307807
 42
0.1179768100307807
 43
0.1179768100307807
  0
INSERT
  5
1A2F
330
1F
100
AcDbEntity
  8
03 Sprinkler Heads – Rociadores
100
AcDbBlockReference
  2
Rociadores Cerrados
 10
2064.507940588526
 20
1901.289118161965
 30
0.0
 41
0.1179768100307807
 42
0.1179768100307807
 43
0.1179768100307807
  0
INSERT
  5
1A30
330
1F
100
AcDbEntity
  8
03 Sprinkler Heads – Rociadores
100
AcDbBlockReference
  2
Rociadores Cerrados
 10
2054.507940588527
 20
1901.289118161965
 30
0.0
 41
0.1179768100307807
 42
0.1179768100307807
 43
0.1179768100307807
  0
INSERT
  5
1A31
330
1F
100
AcDbEntity
  8
03 Sprinkler Heads – Rociadores
100
AcDbBlockReference
  2
Rociadores Cerrados
 10
2044.507940588991
 20
1901.289118161965
 30
0.0
 41
0.1179768100307807
 42
0.1179768100307807
 43
0.1179768100307807
  0
INSERT
  5
1A32
330
1F
100
AcDbEntity
  8
03 Sprinkler Heads – Rociadores
100
AcDbBlockReference
  2
Rociadores Cerrados
 10
2104.507940588526
 20
1891.289118161965
 30
0.0
 41
0.1179768100307807
 42
0.1179768100307807
 43
0.1179768100307807
  0
INSERT
  5
1A33
330
1F
100
AcDbEntity
  8
03 Sprinkler Heads – Rociadores
100
AcDbBlockReference
  2
Rociadores Cerrados
 10
2114.507940588526
 20
1891.289118161965
 30
0.0
 41
0.1179768100307807
 42
0.1179768100307807
 43
0.1179768100307807
  0
INSERT
  5
1A34
330
1F
100
AcDbEntity
  8
03 Sprinkler Heads – Rociadores
100
AcDbBlockReference
  2
Rociadores Cerrados
 10
2124.507940588526
 20
1891.289118161965
 30
0.0
 41
0.1179768100307807
 42
0.1179768100307807
 43
0.1179768100307807
  0
INSERT
  5
1A35
330
1F
100
AcDbEntity
  8
03 Sprinkler Heads – Rociadores
100
AcDbBlockReference
  2
Rociadores Cerrados
 10
2134.507940588526
 20
1891.289118161965
 30
0.0
 41
0.1179768100307807
 42
0.1179768100307807
 43
0.1179768100307807
  0
INSERT
  5
1A36
330
1F
100
AcDbEntity
  8
03 Sprinkler Heads – Rociadores
100
AcDbBlockReference
  2
Rociadores Cerrados
 10
2144.507940588527
 20
1891.289118161965
 30
0.0
 41
0.1179768100307807
 42
0.1179768100307807
 43
0.1179768100307807
  0
INSERT
  5
1A37
330
1F
100
AcDbEntity
  8
03 Sprinkler Heads – Rociadores
100
AcDbBlockReference
  2
Rociadores Cerrados
 10
2154.512555735193
 20
1891.258232835289
 30
0.0
 41
0.1179768100307807
 42
0.1179768100307807
 43
0.1179768100307807
  0
INSERT
  5
1A38
330
1F
100
AcDbEntity
  8
03 Sprinkler Heads – Rociadores
100
AcDbBlockReference
  2
Rociadores Cerrados
 10
2094.507940588526
 20
1891.289118161965
 30
-1.0
 41
0.1179768100307807
 42
0.1179768100307807
 43
0.1179768100307807
  0
INSERT
  5
1A39
330
1F
100
AcDbEntity
  8
03 Sprinkler Heads – Rociadores
100
AcDbBlockReference
  2
Rociadores Cerrados
 10
2084.507940588526
 20
1891.289118161965
 30
0.1000000000000001
 41
0.1179768100307807
 42
0.1179768100307807
 43
0.1179768100307807
  0
INSERT
  5
1A3A
330
1F
100
AcDbEntity
  8
03 Sprinkler Heads – Rociadores
100
AcDbBlockReference
  2
Rociadores Cerrados
 10
2074.507940588526
 20
1891.289118161965
 30
0.0
 41
0.1179768100307807
 42
0.1179768100307807
 43
0.1179768100307807
  0
INSERT
  5
1A3B
330
1F
100
AcDbEntity
  8
03 Sprinkler Heads – Rociadores
100
AcDbBlockReference
  2
Rociadores Cerrados
 10
2064.507940588526
 20
1891.289118161965
 30
0.0
 41
0.1179768100307807
 42
0.1179768100307807
 43
0.1179768100307807
  0
INSERT
  5
1A3C
330
1F
100
AcDbEntity
  8
03 Sprinkler Heads – Rociadores
100
AcDbBlockReference
  2
Rociadores Cerrados
 10
2054.507940588527
 20
1891.289118161965
 30
0.0
 41
0.1179768100307807
 42
0.1179768100307807
 43
0.1179768100307807
  0
INSERT
  5
1A3D
330
1F
100
AcDbEntity
  8
03 Sprinkler Heads – Rociadores
100
AcDbBlockReference
  2
Rociadores Cerrados
 10
2044.507940588991
 20
1891.289118161965
 30
0.0
 41
0.1179768100307807
 42
0.1179768100307807
 43
0.1179768100307807
  0
INSERT
  5
1A3E
330
1F
100
AcDbEntity
  8
03 Sprinkler Heads – Rociadores
100
AcDbBlockReference
  2
Rociadores Cerrados
 10
2104.507940588526
 20
1881.289118161964
 30
0.0
 41
0.1179768100307807
 42
0.1179768100307807
 43
0.1179768100307807
  0
INSERT
  5
1A3F
330
1F
100
AcDbEntity
  8
03 Sprinkler Heads – Rociadores
100
AcDbBlockReference
  2
Rociadores Cerrados
 10
2114.507940588526
 20
1881.289118161964
 30
0.0
 41
0.1179768100307807
 42
0.1179768100307807
 43
0.1179768100307807
  0
INSERT
  5
1A40
330
1F
100
AcDbEntity
  8
03 Sprinkler Heads – Rociadores
100
AcDbBlockReference
  2
Rociadores Cerrados
 10
2124.507940588526
 20
1881.289118161964
 30
0.0
 41
0.1179768100307807
 42
0.1179768100307807
 43
0.1179768100307807
  0
INSERT
  5
1A41
330
1F
100
AcDbEntity
  8
03 Sprinkler Heads – Rociadores
100
AcDbBlockReference
  2
Rociadores Cerrados
 10
2134.507940588526
 20
1881.289118161964
 30
0.0
 41
0.1179768100307807
 42
0.1179768100307807
 43
0.1179768100307807
  0
INSERT
  5
1A42
330
1F
100
AcDbEntity
  8
03 Sprinkler Heads – Rociadores
100
AcDbBlockReference
  2
Rociadores Cerrados
 10
2144.507940588527
 20
1881.289118161964
 30
0.0
 41
0.1179768100307807
 42
0.1179768100307807
 43
0.1179768100307807
  0
INSERT
  5
1A43
330
1F
100
AcDbEntity
  8
03 Sprinkler Heads – Rociadores
100
AcDbBlockReference
  2
Rociadores Cerrados
 10
2154.512555735193
 20
1881.258232835288
 30
0.0
 41
0.1179768100307807
 42
0.1179768100307807
 43
0.1179768100307807
  0
INSERT
  5
1A44
330
1F
100
AcDbEntity
  8
03 Sprinkler Heads – Rociadores
100
AcDbBlockReference
  2
Rociadores Cerrados
 10
2094.507940588526
 20
1881.289118161964
 30
-1.0
 41
0.1179768100307807
 42
0.1179768100307807
 43
0.1179768100307807
  0
INSERT
  5
1A45
330
1F
100
AcDbEntity
  8
03 Sprinkler Heads – Rociadores
100
AcDbBlockReference
  2
Rociadores Cerrados
 10
2084.507940588526
 20
1881.289118161965
 30
0.1000000000000001
 41
0.1179768100307807
 42
0.1179768100307807
 43
0.1179768100307807
  0
INSERT
  5
1A46
330
1F
100
AcDbEntity
  8
03 Sprinkler Heads – Rociadores
100
AcDbBlockReference
  2
Rociadores Cerrados
 10
2074.507940588526
 20
1881.289118161964
 30
0.0
 41
0.1179768100307807
 42
0.1179768100307807
 43
0.1179768100307807
  0
INSERT
  5
1A47
330
1F
100
AcDbEntity
  8
03 Sprinkler Heads – Rociadores
100
AcDbBlockReference
  2
Rociadores Cerrados
 10
2064.507940588526
 20
1881.289118161964
 30
0.0
 41
0.1179768100307807
 42
0.1179768100307807
 43
0.1179768100307807
  0
INSERT
  5
1A48
330
1F
100
AcDbEntity
  8
03 Sprinkler Heads – Rociadores
100
AcDbBlockReference
  2
Rociadores Cerrados
 10
2054.507940588527
 20
1881.289118161964
 30
0.0
 41
0.1179768100307807
 42
0.1179768100307807
 43
0.1179768100307807
  0
INSERT
  5
1A49
330
1F
100
AcDbEntity
  8
03 Sprinkler Heads – Rociadores
100
AcDbBlockReference
  2
Rociadores Cerrados
 10
2044.507940588992
 20
1881.289118161964
 30
0.0
 41
0.1179768100307807
 42
0.1179768100307807
 43
0.1179768100307807
  0
INSERT
  5
1A4A
330
1F
100
AcDbEntity
  8
03 Sprinkler Heads – Rociadores
100
AcDbBlockReference
  2
Rociadores Cerrados
 10
2104.507940588526
 20
1871.289118161964
 30
0.0
 41
0.1179768100307807
 42
0.1179768100307807
 43
0.1179768100307807
  0
INSERT
  5
1A4B
330
1F
100
AcDbEntity
  8
03 Sprinkler Heads – Rociadores
100
AcDbBlockReference
  2
Rociadores Cerrados
 10
2114.507940588526
 20
1871.289118161964
 30
0.0
 41
0.1179768100307807
 42
0.1179768100307807
 43
0.1179768100307807
  0
INSERT
  5
1A4C
330
1F
100
AcDbEntity
  8
03 Sprinkler Heads – Rociadores
100
AcDbBlockReference
  2
Rociadores Cerrados
 10
2124.507940588526
 20
1871.289118161964
 30
0.0
 41
0.1179768100307807
 42
0.1179768100307807
 43
0.1179768100307807
  0
INSERT
  5
1A4D
330
1F
100
AcDbEntity
  8
03 Sprinkler Heads – Rociadores
100
AcDbBlockReference
  2
Rociadores Cerrados
 10
2134.507940588526
 20
1871.289118161964
 30
0.0
 41
0.1179768100307807
 42
0.1179768100307807
 43
0.1179768100307807
  0
INSERT
  5
1A4E
330
1F
100
AcDbEntity
  8
03 Sprinkler Heads – Rociadores
100
AcDbBlockReference
  2
Rociadores Cerrados
 10
2144.507940588527
 20
1871.289118161964
 30
0.0
 41
0.1179768100307807
 42
0.1179768100307807
 43
0.1179768100307807
  0
INSERT
  5
1A4F
330
1F
100
AcDbEntity
  8
03 Sprinkler Heads – Rociadores
100
AcDbBlockReference
  2
Rociadores Cerrados
 10
2154.512555735193
 20
1871.258232835288
 30
0.0
 41
0.1179768100307807
 42
0.1179768100307807
 43
0.1179768100307807
  0
INSERT
  5
1A50
330
1F
100
AcDbEntity
  8
03 Sprinkler Heads – Rociadores
100
AcDbBlockReference
  2
Rociadores Cerrados
 10
2094.507940588526
 20
1871.289118161964
 30
-1.0
 41
0.1179768100307807
 42
0.1179768100307807
 43
0.1179768100307807
  0
INSERT
  5
1A51
330
1F
100
AcDbEntity
  8
03 Sprinkler Heads – Rociadores
100
AcDbBlockReference
  2
Rociadores Cerrados
 10
2084.507940588527
 20
1871.289118161965
 30
0.1000000000000001
 41
0.1179768100307807
 42
0.1179768100307807
 43
0.1179768100307807
  0
INSERT
  5
1A52
330
1F
100
AcDbEntity
  8
03 Sprinkler Heads – Rociadores
100
AcDbBlockReference
  2
Rociadores Cerrados
 10
2074.507940588526
 20
1871.289118161964
 30
0.0
 41
0.1179768100307807
 42
0.1179768100307807
 43
0.1179768100307807
  0
INSERT
  5
1A53
330
1F
100
AcDbEntity
  8
03 Sprinkler Heads – Rociadores
100
AcDbBlockReference
  2
Rociadores Cerrados
 10
2064.507940588526
 20
1871.289118161964
 30
0.0
 41
0.1179768100307807
 42
0.1179768100307807
 43
0.1179768100307807
  0
INSERT
  5
1A54
330
1F
100
AcDbEntity
  8
03 Sprinkler Heads – Rociadores
100
AcDbBlockReference
  2
Rociadores Cerrados
 10
2054.507940588527
 20
1871.289118161964
 30
0.0
 41
0.1179768100307807
 42
0.1179768100307807
 43
0.1179768100307807
  0
INSERT
  5
1A55
330
1F
100
AcDbEntity
  8
03 Sprinkler Heads – Rociadores
100
AcDbBlockReference
  2
Rociadores Cerrados
 10
2044.507940588992
 20
1871.289118161964
 30
0.0
 41
0.1179768100307807
 42
0.1179768100307807
 43
0.1179768100307807
  0
INSERT
  5
1A56
330
1F
100
AcDbEntity
  8
03 Sprinkler Heads – Rociadores
100
AcDbBlockReference
  2
Rociadores Cerrados
 10
2104.507940588526
 20
1861.289118161964
 30
0.0
 41
0.1179768100307807
 42
0.1179768100307807
 43
0.1179768100307807
  0
INSERT
  5
1A57
330
1F
100
AcDbEntity
  8
03 Sprinkler Heads – Rociadores
100
AcDbBlockReference
  2
Rociadores Cerrados
 10
2114.507940588526
 20
1861.289118161964
 30
0.0
 41
0.1179768100307807
 42
0.1179768100307807
 43
0.1179768100307807
  0
INSERT
  5
1A58
330
1F
100
AcDbEntity
  8
03 Sprinkler Heads – Rociadores
100
AcDbBlockReference
  2
Rociadores Cerrados
 10
2124.507940588526
 20
1861.289118161964
 30
0.0
 41
0.1179768100307807
 42
0.1179768100307807
 43
0.1179768100307807
  0
INSERT
  5
1A59
330
1F
100
AcDbEntity
  8
03 Sprinkler Heads – Rociadores
100
AcDbBlockReference
  2
Rociadores Cerrados
 10
2134.507940588526
 20
1861.289118161964
 30
0.0
 41
0.1179768100307807
 42
0.1179768100307807
 43
0.1179768100307807
  0
INSERT
  5
1A5A
330
1F
100
AcDbEntity
  8
03 Sprinkler Heads – Rociadores
100
AcDbBlockReference
  2
Rociadores Cerrados
 10
2144.507940588527
 20
1861.289118161964
 30
0.0
 41
0.1179768100307807
 42
0.1179768100307807
 43
0.1179768100307807
  0
INSERT
  5
1A5B
330
1F
100
AcDbEntity
  8
03 Sprinkler Heads – Rociadores
100
AcDbBlockReference
  2
Rociadores Cerrados
 10
2154.512555735193
 20
1861.258232835288
 30
0.0
 41
0.1179768100307807
 42
0.1179768100307807
 43
0.1179768100307807
  0
INSERT
  5
1A5C
330
1F
100
AcDbEntity
  8
03 Sprinkler Heads – Rociadores
100
AcDbBlockReference
  2
Rociadores Cerrados
 10
2094.507940588526
 20
1861.289118161964
 30
-1.0
 41
0.1179768100307807
 42
0.1179768100307807
 43
0.1179768100307807
  0
INSERT
  5
1A5D
330
1F
100
AcDbEntity
  8
03 Sprinkler Heads – Rociadores
100
AcDbBlockReference
  2
Rociadores Cerrados
 10
2084.507940588527
 20
1861.289118161965
 30
0.1000000000000001
 41
0.1179768100307807
 42
0.1179768100307807
 43
0.1179768100307807
  0
INSERT
  5
1A5E
330
1F
100
AcDbEntity
  8
03 Sprinkler Heads – Rociadores
100
AcDbBlockReference
  2
Rociadores Cerrados
 10
2074.507940588526
 20
1861.289118161964
 30
0.0
 41
0.1179768100307807
 42
0.1179768100307807
 43
0.1179768100307807
  0
INSERT
  5
1A5F
330
1F
100
AcDbEntity
  8
03 Sprinkler Heads – Rociadores
100
AcDbBlockReference
  2
Rociadores Cerrados
 10
2064.507940588526
 20
1861.289118161964
 30
0.0
 41
0.1179768100307807
 42
0.1179768100307807
 43
0.1179768100307807
  0
INSERT
  5
1A60
330
1F
100
AcDbEntity
  8
03 Sprinkler Heads – Rociadores
100
AcDbBlockReference
  2
Rociadores Cerrados
 10
2054.507940588527
 20
1861.289118161964
 30
0.0
 41
0.1179768100307807
 42
0.1179768100307807
 43
0.1179768100307807
  0
INSERT
  5
1A61
330
1F
100
AcDbEntity
  8
03 Sprinkler Heads – Rociadores
100
AcDbBlockReference
  2
Rociadores Cerrados
 10
2044.507940588992
 20
1861.289118161964
 30
0.0
 41
0.1179768100307807
 42
0.1179768100307807
 43
0.1179768100307807
  0
INSERT
  5
1A62
330
1F
100
AcDbEntity
  8
03 Sprinkler Heads – Rociadores
100
AcDbBlockReference
  2
Rociadores Cerrados
 10
2104.507940588526
 20
1851.289118161965
 30
0.0
 41
0.1179768100307807
 42
0.1179768100307807
 43
0.1179768100307807
  0
INSERT
  5
1A63
330
1F
100
AcDbEntity
  8
03 Sprinkler Heads – Rociadores
100
AcDbBlockReference
  2
Rociadores Cerrados
 10
2114.507940588526
 20
1851.289118161965
 30
0.0
 41
0.1179768100307807
 42
0.1179768100307807
 43
0.1179768100307807
  0
INSERT
  5
1A64
330
1F
100
AcDbEntity
  8
03 Sprinkler Heads – Rociadores
100
AcDbBlockReference
  2
Rociadores Cerrados
 10
2124.507940588526
 20
1851.289118161965
 30
0.0
 41
0.1179768100307807
 42
0.1179768100307807
 43
0.1179768100307807
  0
INSERT
  5
1A65
330
1F
100
AcDbEntity
  8
03 Sprinkler Heads – Rociadores
100
AcDbBlockReference
  2
Rociadores Cerrados
 10
2134.507940588526
 20
1851.289118161965
 30
0.0
 41
0.1179768100307807
 42
0.1179768100307807
 43
0.1179768100307807
  0
INSERT
  5
1A66
330
1F
100
AcDbEntity
  8
03 Sprinkler Heads – Rociadores
100
AcDbBlockReference
  2
Rociadores Cerrados
 10
2144.507940588527
 20
1851.289118161965
 30
0.0
 41
0.1179768100307807
 42
0.1179768100307807
 43
0.1179768100307807
  0
INSERT
  5
1A67
330
1F
100
AcDbEntity
  8
03 Sprinkler Heads – Rociadores
100
AcDbBlockReference
  2
Rociadores Cerrados
 10
2154.512555735193
 20
1851.258232835289
 30
0.0
 41
0.1179768100307807
 42
0.1179768100307807
 43
0.1179768100307807
  0
INSERT
  5
1A68
330
1F
100
AcDbEntity
  8
03 Sprinkler Heads – Rociadores
100
AcDbBlockReference
  2
Rociadores Cerrados
 10
2094.507940588526
 20
1851.289118161965
 30
-1.0
 41
0.1179768100307807
 42
0.1179768100307807
 43
0.1179768100307807
  0
INSERT
  5
1A69
330
1F
100
AcDbEntity
  8
03 Sprinkler Heads – Rociadores
100
AcDbBlockReference
  2
Rociadores Cerrados
 10
2084.507940588526
 20
1851.289118161966
 30
0.1000000000000001
 41
0.1179768100307807
 42
0.1179768100307807
 43
0.1179768100307807
  0
INSERT
  5
1A6A
330
1F
100
AcDbEntity
  8
03 Sprinkler Heads – Rociadores
100
AcDbBlockReference
  2
Rociadores Cerrados
 10
2074.507940588526
 20
1851.289118161965
 30
0.0
 41
0.1179768100307807
 42
0.1179768100307807
 43
0.1179768100307807
  0
INSERT
  5
1A6B
330
1F
100
AcDbEntity
  8
03 Sprinkler Heads – Rociadores
100
AcDbBlockReference
  2
Rociadores Cerrados
 10
2064.507940588526
 20
1851.289118161965
 30
0.0
 41
0.1179768100307807
 42
0.1179768100307807
 43
0.1179768100307807
  0
INSERT
  5
1A6C
330
1F
100
AcDbEntity
  8
03 Sprinkler Heads – Rociadores
100
AcDbBlockReference
  2
Rociadores Cerrados
 10
2054.507940588527
 20
1851.289118161965
 30
0.0
 41
0.1179768100307807
 42
0.1179768100307807
 43
0.1179768100307807
  0
INSERT
  5
1A6D
330
1F
100
AcDbEntity
  8
03 Sprinkler Heads – Rociadores
100
AcDbBlockReference
  2
Rociadores Cerrados
 10
2044.507940588992
 20
1851.289118161965
 30
0.0
 41
0.1179768100307807
 42
0.1179768100307807
 43
0.1179768100307807
  0
INSERT
  5
1A6E
330
1F
100
AcDbEntity
  8
03 Sprinkler Heads – Rociadores
100
AcDbBlockReference
  2
Rociadores Cerrados
 10
2104.507940588526
 20
1841.289118161965
 30
0.0
 41
0.1179768100307807
 42
0.1179768100307807
 43
0.1179768100307807
  0
INSERT
  5
1A6F
330
1F
100
AcDbEntity
  8
03 Sprinkler Heads – Rociadores
100
AcDbBlockReference
  2
Rociadores Cerrados
 10
2114.507940588526
 20
1841.289118161965
 30
0.0
 41
0.1179768100307807
 42
0.1179768100307807
 43
0.1179768100307807
  0
INSERT
  5
1A70
330
1F
100
AcDbEntity
  8
03 Sprinkler Heads – Rociadores
100
AcDbBlockReference
  2
Rociadores Cerrados
 10
2124.507940588526
 20
1841.289118161965
 30
0.0
 41
0.1179768100307807
 42
0.1179768100307807
 43
0.1179768100307807
  0
INSERT
  5
1A71
330
1F
100
AcDbEntity
  8
03 Sprinkler Heads – Rociadores
100
AcDbBlockReference
  2
Rociadores Cerrados
 10
2134.507940588526
 20
1841.289118161965
 30
0.0
 41
0.1179768100307807
 42
0.1179768100307807
 43
0.1179768100307807
  0
INSERT
  5
1A72
330
1F
100
AcDbEntity
  8
03 Sprinkler Heads – Rociadores
100
AcDbBlockReference
  2
Rociadores Cerrados
 10
2144.507940588527
 20
1841.289118161965
 30
0.0
 41
0.1179768100307807
 42
0.1179768100307807
 43
0.1179768100307807
  0
INSERT
  5
1A73
330
1F
100
AcDbEntity
  8
03 Sprinkler Heads – Rociadores
100
AcDbBlockReference
  2
Rociadores Cerrados
 10
2154.512555735193
 20
1841.258232835288
 30
0.0
 41
0.1179768100307807
 42
0.1179768100307807
 43
0.1179768100307807
  0
INSERT
  5
1A74
330
1F
100
AcDbEntity
  8
03 Sprinkler Heads – Rociadores
100
AcDbBlockReference
  2
Rociadores Cerrados
 10
2094.507940588526
 20
1841.289118161965
 30
-1.0
 41
0.1179768100307807
 42
0.1179768100307807
 43
0.1179768100307807
  0
INSERT
  5
1A75
330
1F
100
AcDbEntity
  8
03 Sprinkler Heads – Rociadores
100
AcDbBlockReference
  2
Rociadores Cerrados
 10
2084.507940588526
 20
1841.289118161965
 30
0.1000000000000001
 41
0.1179768100307807
 42
0.1179768100307807
 43
0.1179768100307807
  0
INSERT
  5
1A76
330
1F
100
AcDbEntity
  8
03 Sprinkler Heads – Rociadores
100
AcDbBlockReference
  2
Rociadores Cerrados
 10
2074.507940588526
 20
1841.289118161965
 30
0.0
 41
0.1179768100307807
 42
0.1179768100307807
 43
0.1179768100307807
  0
INSERT
  5
1A77
330
1F
100
AcDbEntity
  8
03 Sprinkler Heads – Rociadores
100
AcDbBlockReference
  2
Rociadores Cerrados
 10
2064.507940588526
 20
1841.289118161965
 30
0.0
 41
0.1179768100307807
 42
0.1179768100307807
 43
0.1179768100307807
  0
INSERT
  5
1A78
330
1F
100
AcDbEntity
  8
03 Sprinkler Heads – Rociadores
100
AcDbBlockReference
  2
Rociadores Cerrados
 10
2054.507940588527
 20
1841.289118161965
 30
0.0
 41
0.1179768100307807
 42
0.1179768100307807
 43
0.1179768100307807
  0
INSERT
  5
1A79
330
1F
100
AcDbEntity
  8
03 Sprinkler Heads – Rociadores
100
AcDbBlockReference
  2
Rociadores Cerrados
 10
2044.507940588992
 20
1841.289118161965
 30
0.0
 41
0.1179768100307807
 42
0.1179768100307807
 43
0.1179768100307807
  0
INSERT
  5
1A7A
330
1F
100
AcDbEntity
  8
03 Sprinkler Heads – Rociadores
100
AcDbBlockReference
  2
Rociadores Cerrados
 10
2104.507940588526
 20
1831.289118161964
 30
0.0
 41
0.1179768100307807
 42
0.1179768100307807
 43
0.1179768100307807
  0
INSERT
  5
1A7B
330
1F
100
AcDbEntity
  8
03 Sprinkler Heads – Rociadores
100
AcDbBlockReference
  2
Rociadores Cerrados
 10
2114.507940588526
 20
1831.289118161964
 30
0.0
 41
0.1179768100307807
 42
0.1179768100307807
 43
0.1179768100307807
  0
INSERT
  5
1A7C
330
1F
100
AcDbEntity
  8
03 Sprinkler Heads – Rociadores
100
AcDbBlockReference
  2
Rociadores Cerrados
 10
2124.507940588526
 20
1831.289118161964
 30
0.0
 41
0.1179768100307807
 42
0.1179768100307807
 43
0.1179768100307807
  0
INSERT
  5
1A7D
330
1F
100
AcDbEntity
  8
03 Sprinkler Heads – Rociadores
100
AcDbBlockReference
  2
Rociadores Cerrados
 10
2134.507940588526
 20
1831.289118161964
 30
0.0
 41
0.1179768100307807
 42
0.1179768100307807
 43
0.1179768100307807
  0
INSERT
  5
1A7E
330
1F
100
AcDbEntity
  8
03 Sprinkler Heads – Rociadores
100
AcDbBlockReference
  2
Rociadores Cerrados
 10
2144.507940588527
 20
1831.289118161964
 30
0.0
 41
0.1179768100307807
 42
0.1179768100307807
 43
0.1179768100307807
  0
INSERT
  5
1A7F
330
1F
100
AcDbEntity
  8
03 Sprinkler Heads – Rociadores
100
AcDbBlockReference
  2
Rociadores Cerrados
 10
2154.512555735193
 20
1831.258232835288
 30
0.0
 41
0.1179768100307807
 42
0.1179768100307807
 43
0.1179768100307807
  0
INSERT
  5
1A80
330
1F
100
AcDbEntity
  8
03 Sprinkler Heads – Rociadores
100
AcDbBlockReference
  2
Rociadores Cerrados
 10
2094.507940588526
 20
1831.289118161964
 30
-1.0
 41
0.1179768100307807
 42
0.1179768100307807
 43
0.1179768100307807
  0
INSERT
  5
1A81
330
1F
100
AcDbEntity
  8
03 Sprinkler Heads – Rociadores
100
AcDbBlockReference
  2
Rociadores Cerrados
 10
2084.507940588527
 20
1831.289118161965
 30
0.1000000000000001
 41
0.1179768100307807
 42
0.1179768100307807
 43
0.1179768100307807
  0
INSERT
  5
1A82
330
1F
100
AcDbEntity
  8
03 Sprinkler Heads – Rociadores
100
AcDbBlockReference
  2
Rociadores Cerrados
 10
2074.507940588526
 20
1831.289118161964
 30
0.0
 41
0.1179768100307807
 42
0.1179768100307807
 43
0.1179768100307807
  0
INSERT
  5
1A83
330
1F
100
AcDbEntity
  8
03 Sprinkler Heads – Rociadores
100
AcDbBlockReference
  2
Rociadores Cerrados
 10
2064.507940588526
 20
1831.289118161964
 30
0.0
 41
0.1179768100307807
 42
0.1179768100307807
 43
0.1179768100307807
  0
INSERT
  5
1A84
330
1F
100
AcDbEntity
  8
03 Sprinkler Heads – Rociadores
100
AcDbBlockReference
  2
Rociadores Cerrados
 10
2054.507940588527
 20
1831.289118161964
 30
0.0
 41
0.1179768100307807
 42
0.1179768100307807
 43
0.1179768100307807
  0
INSERT
  5
1A85
330
1F
100
AcDbEntity
  8
03 Sprinkler Heads – Rociadores
100
AcDbBlockReference
  2
Rociadores Cerrados
 10
2044.507940588992
 20
1831.289118161964
 30
0.0
 41
0.1179768100307807
 42
0.1179768100307807
 43
0.1179768100307807
  0
INSERT
  5
1A86
330
1F
100
AcDbEntity
  8
03 Sprinkler Heads – Rociadores
100
AcDbBlockReference
  2
Rociadores Cerrados
 10
2104.507940588526
 20
1821.289118161964
 30
0.0
 41
0.1179768100307807
 42
0.1179768100307807
 43
0.1179768100307807
  0
INSERT
  5
1A87
330
1F
100
AcDbEntity
  8
03 Sprinkler Heads – Rociadores
100
AcDbBlockReference
  2
Rociadores Cerrados
 10
2114.507940588526
 20
1821.289118161964
 30
0.0
 41
0.1179768100307807
 42
0.1179768100307807
 43
0.1179768100307807
  0
INSERT
  5
1A88
330
1F
100
AcDbEntity
  8
03 Sprinkler Heads – Rociadores
100
AcDbBlockReference
  2
Rociadores Cerrados
 10
2124.507940588526
 20
1821.289118161964
 30
0.0
 41
0.1179768100307807
 42
0.1179768100307807
 43
0.1179768100307807
  0
INSERT
  5
1A89
330
1F
100
AcDbEntity
  8
03 Sprinkler Heads – Rociadores
100
AcDbBlockReference
  2
Rociadores Cerrados
 10
2134.507940588526
 20
1821.289118161964
 30
0.0
 41
0.1179768100307807
 42
0.1179768100307807
 43
0.1179768100307807
  0
INSERT
  5
1A8A
330
1F
100
AcDbEntity
  8
03 Sprinkler Heads – Rociadores
100
AcDbBlockReference
  2
Rociadores Cerrados
 10
2144.507940588527
 20
1821.289118161964
 30
0.0
 41
0.1179768100307807
 42
0.1179768100307807
 43
0.1179768100307807
  0
INSERT
  5
1A8B
330
1F
100
AcDbEntity
  8
03 Sprinkler Heads – Rociadores
100
AcDbBlockReference
  2
Rociadores Cerrados
 10
2154.512555735193
 20
1821.258232835288
 30
0.0
 41
0.1179768100307807
 42
0.1179768100307807
 43
0.1179768100307807
  0
INSERT
  5
1A8C
330
1F
100
AcDbEntity
  8
03 Sprinkler Heads – Rociadores
100
AcDbBlockReference
  2
Rociadores Cerrados
 10
2094.507940588526
 20
1821.289118161964
 30
-1.0
 41
0.1179768100307807
 42
0.1179768100307807
 43
0.1179768100307807
  0
INSERT
  5
1A8D
330
1F
100
AcDbEntity
  8
03 Sprinkler Heads – Rociadores
100
AcDbBlockReference
  2
Rociadores Cerrados
 10
2084.507940588527
 20
1821.289118161965
 30
0.1000000000000001
 41
0.1179768100307807
 42
0.1179768100307807
 43
0.1179768100307807
  0
INSERT
  5
1A8E
330
1F
100
AcDbEntity
  8
03 Sprinkler Heads – Rociadores
100
AcDbBlockReference
  2
Rociadores Cerrados
 10
2074.507940588526
 20
1821.289118161964
 30
0.0
 41
0.1179768100307807
 42
0.1179768100307807
 43
0.1179768100307807
  0
INSERT
  5
1A8F
330
1F
100
AcDbEntity
  8
03 Sprinkler Heads – Rociadores
100
AcDbBlockReference
  2
Rociadores Cerrados
 10
2064.507940588526
 20
1821.289118161964
 30
0.0
 41
0.1179768100307807
 42
0.1179768100307807
 43
0.1179768100307807
  0
INSERT
  5
1A90
330
1F
100
AcDbEntity
  8
03 Sprinkler Heads – Rociadores
100
AcDbBlockReference
  2
Rociadores Cerrados
 10
2054.507940588527
 20
1821.289118161964
 30
0.0
 41
0.1179768100307807
 42
0.1179768100307807
 43
0.1179768100307807
  0
INSERT
  5
1A91
330
1F
100
AcDbEntity
  8
03 Sprinkler Heads – Rociadores
100
AcDbBlockReference
  2
Rociadores Cerrados
 10
2044.507940588992
 20
1821.289118161964
 30
0.0
 41
0.1179768100307807
 42
0.1179768100307807
 43
0.1179768100307807
  0
INSERT
  5
1A92
330
1F
100
AcDbEntity
  8
03 Sprinkler Heads – Rociadores
100
AcDbBlockReference
  2
Rociadores Cerrados
 10
2104.507940588526
 20
1811.289118161964
 30
0.0
 41
0.1179768100307807
 42
0.1179768100307807
 43
0.1179768100307807
  0
INSERT
  5
1A93
330
1F
100
AcDbEntity
  8
03 Sprinkler Heads – Rociadores
100
AcDbBlockReference
  2
Rociadores Cerrados
 10
2114.507940588526
 20
1811.289118161964
 30
0.0
 41
0.1179768100307807
 42
0.1179768100307807
 43
0.1179768100307807
  0
INSERT
  5
1A94
330
1F
100
AcDbEntity
  8
03 Sprinkler Heads – Rociadores
100
AcDbBlockReference
  2
Rociadores Cerrados
 10
2124.507940588526
 20
1811.289118161964
 30
0.0
 41
0.1179768100307807
 42
0.1179768100307807
 43
0.1179768100307807
  0
INSERT
  5
1A95
330
1F
100
AcDbEntity
  8
03 Sprinkler Heads – Rociadores
100
AcDbBlockReference
  2
Rociadores Cerrados
 10
2134.507940588526
 20
1811.289118161964
 30
0.0
 41
0.1179768100307807
 42
0.1179768100307807
 43
0.1179768100307807
  0
INSERT
  5
1A96
330
1F
100
AcDbEntity
  8
03 Sprinkler Heads – Rociadores
100
AcDbBlockReference
  2
Rociadores Cerrados
 10
2144.507940588527
 20
1811.289118161964
 30
0.0
 41
0.1179768100307807
 42
0.1179768100307807
 43
0.1179768100307807
  0
INSERT
  5
1A97
330
1F
100
AcDbEntity
  8
03 Sprinkler Heads – Rociadores
100
AcDbBlockReference
  2
Rociadores Cerrados
 10
2154.512555735193
 20
1811.258232835288
 30
0.0
 41
0.1179768100307807
 42
0.1179768100307807
 43
0.1179768100307807
  0
INSERT
  5
1A98
330
1F
100
AcDbEntity
  8
03 Sprinkler Heads – Rociadores
100
AcDbBlockReference
  2
Rociadores Cerrados
 10
2094.507940588526
 20
1811.289118161964
 30
-1.0
 41
0.1179768100307807
 42
0.1179768100307807
 43
0.1179768100307807
  0
INSERT
  5
1A99
330
1F
100
AcDbEntity
  8
03 Sprinkler Heads – Rociadores
100
AcDbBlockReference
  2
Rociadores Cerrados
 10
2084.507940588527
 20
1811.289118161965
 30
0.1000000000000001
 41
0.1179768100307807
 42
0.1179768100307807
 43
0.1179768100307807
  0
INSERT
  5
1A9A
330
1F
100
AcDbEntity
  8
03 Sprinkler Heads – Rociadores
100
AcDbBlockReference
  2
Rociadores Cerrados
 10
2074.507940588526
 20
1811.289118161964
 30
0.0
 41
0.1179768100307807
 42
0.1179768100307807
 43
0.1179768100307807
  0
INSERT
  5
1A9B
330
1F
100
AcDbEntity
  8
03 Sprinkler Heads – Rociadores
100
AcDbBlockReference
  2
Rociadores Cerrados
 10
2064.507940588526
 20
1811.289118161964
 30
0.0
 41
0.1179768100307807
 42
0.1179768100307807
 43
0.1179768100307807
  0
INSERT
  5
1A9C
330
1F
100
AcDbEntity
  8
03 Sprinkler Heads – Rociadores
100
AcDbBlockReference
  2
Rociadores Cerrados
 10
2054.507940588527
 20
1811.289118161964
 30
0.0
 41
0.1179768100307807
 42
0.1179768100307807
 43
0.1179768100307807
  0
INSERT
  5
1A9D
330
1F
100
AcDbEntity
  8
03 Sprinkler Heads – Rociadores
100
AcDbBlockReference
  2
Rociadores Cerrados
 10
2044.507940588992
 20
1811.289118161964
 30
0.0
 41
0.1179768100307807
 42
0.1179768100307807
 43
0.1179768100307807
  0
INSERT
  5
1A9E
330
1F
100
AcDbEntity
  8
03 Sprinkler Heads – Rociadores
100
AcDbBlockReference
  2
Rociadores Cerrados
 10
2104.507940588526
 20
1801.289118161965
 30
0.0
 41
0.1179768100307807
 42
0.1179768100307807
 43
0.1179768100307807
  0
INSERT
  5
1A9F
330
1F
100
AcDbEntity
  8
03 Sprinkler Heads – Rociadores
100
AcDbBlockReference
  2
Rociadores Cerrados
 10
2114.507940588526
 20
1801.289118161965
 30
0.0
 41
0.1179768100307807
 42
0.1179768100307807
 43
0.1179768100307807
  0
INSERT
  5
1AA0
330
1F
100
AcDbEntity
  8
03 Sprinkler Heads – Rociadores
100
AcDbBlockReference
  2
Rociadores Cerrados
 10
2124.507940588526
 20
1801.289118161965
 30
0.0
 41
0.1179768100307807
 42
0.1179768100307807
 43
0.1179768100307807
  0
INSERT
  5
1AA1
330
1F
100
AcDbEntity
  8
03 Sprinkler Heads – Rociadores
100
AcDbBlockReference
  2
Rociadores Cerrados
 10
2134.507940588526
 20
1801.289118161965
 30
0.0
 41
0.1179768100307807
 42
0.1179768100307807
 43
0.1179768100307807
  0
INSERT
  5
1AA2
330
1F
100
AcDbEntity
  8
03 Sprinkler Heads – Rociadores
100
AcDbBlockReference
  2
Rociadores Cerrados
 10
2144.507940588527
 20
1801.289118161965
 30
0.0
 41
0.1179768100307807
 42
0.1179768100307807
 43
0.1179768100307807
  0
INSERT
  5
1AA3
330
1F
100
AcDbEntity
  8
03 Sprinkler Heads – Rociadores
100
AcDbBlockReference
  2
Rociadores Cerrados
 10
2154.512555735193
 20
1801.258232835288
 30
0.0
 41
0.1179768100307807
 42
0.1179768100307807
 43
0.1179768100307807
  0
INSERT
  5
1AA4
330
1F
100
AcDbEntity
  8
03 Sprinkler Heads – Rociadores
100
AcDbBlockReference
  2
Rociadores Cerrados
 10
2094.507940588526
 20
1801.289118161965
 30
-1.0
 41
0.1179768100307807
 42
0.1179768100307807
 43
0.1179768100307807
  0
INSERT
  5
1AA5
330
1F
100
AcDbEntity
  8
03 Sprinkler Heads – Rociadores
100
AcDbBlockReference
  2
Rociadores Cerrados
 10
2084.507940588526
 20
1801.289118161965
 30
0.1000000000000001
 41
0.1179768100307807
 42
0.1179768100307807
 43
0.1179768100307807
  0
INSERT
  5
1AA6
330
1F
100
AcDbEntity
  8
03 Sprinkler Heads – Rociadores
100
AcDbBlockReference
  2
Rociadores Cerrados
 10
2074.507940588526
 20
1801.289118161965
 30
0.0
 41
0.1179768100307807
 42
0.1179768100307807
 43
0.1179768100307807
  0
INSERT
  5
1AA7
330
1F
100
AcDbEntity
  8
03 Sprinkler Heads – Rociadores
100
AcDbBlockReference
  2
Rociadores Cerrados
 10
2064.507940588526
 20
1801.289118161965
 30
0.0
 41
0.1179768100307807
 42
0.1179768100307807
 43
0.1179768100307807
  0
INSERT
  5
1AA8
330
1F
100
AcDbEntity
  8
03 Sprinkler Heads – Rociadores
100
AcDbBlockReference
  2
Rociadores Cerrados
 10
2054.507940588527
 20
1801.289118161965
 30
0.0
 41
0.1179768100307807
 42
0.1179768100307807
 43
0.1179768100307807
  0
INSERT
  5
1AA9
330
1F
100
AcDbEntity
  8
03 Sprinkler Heads – Rociadores
100
AcDbBlockReference
  2
Rociadores Cerrados
 10
2044.507940588992
 20
1801.289118161965
 30
0.0
 41
0.1179768100307807
 42
0.1179768100307807
 43
0.1179768100307807
  0
INSERT
  5
1AAA
330
1F
100
AcDbEntity
  8
03 Sprinkler Heads – Rociadores
100
AcDbBlockReference
  2
Rociadores Cerrados
 10
2104.507940588526
 20
1791.289118161964
 30
0.0
 41
0.1179768100307807
 42
0.1179768100307807
 43
0.1179768100307807
  0
INSERT
  5
1AAB
330
1F
100
AcDbEntity
  8
03 Sprinkler Heads – Rociadores
100
AcDbBlockReference
  2
Rociadores Cerrados
 10
2114.507940588526
 20
1791.289118161964
 30
0.0
 41
0.1179768100307807
 42
0.1179768100307807
 43
0.1179768100307807
  0
INSERT
  5
1AAC
330
1F
100
AcDbEntity
  8
03 Sprinkler Heads – Rociadores
100
AcDbBlockReference
  2
Rociadores Cerrados
 10
2124.507940588526
 20
1791.289118161964
 30
0.0
 41
0.1179768100307807
 42
0.1179768100307807
 43
0.1179768100307807
  0
INSERT
  5
1AAD
330
1F
100
AcDbEntity
  8
03 Sprinkler Heads – Rociadores
100
AcDbBlockReference
  2
Rociadores Cerrados
 10
2134.507940588526
 20
1791.289118161964
 30
0.0
 41
0.1179768100307807
 42
0.1179768100307807
 43
0.1179768100307807
  0
INSERT
  5
1AAE
330
1F
100
AcDbEntity
  8
03 Sprinkler Heads – Rociadores
100
AcDbBlockReference
  2
Rociadores Cerrados
 10
2144.507940588527
 20
1791.289118161964
 30
0.0
 41
0.1179768100307807
 42
0.1179768100307807
 43
0.1179768100307807
  0
INSERT
  5
1AAF
330
1F
100
AcDbEntity
  8
03 Sprinkler Heads – Rociadores
100
AcDbBlockReference
  2
Rociadores Cerrados
 10
2154.512555735193
 20
1791.258232835289
 30
0.0
 41
0.1179768100307807
 42
0.1179768100307807
 43
0.1179768100307807
  0
INSERT
  5
1AB0
330
1F
100
AcDbEntity
  8
03 Sprinkler Heads – Rociadores
100
AcDbBlockReference
  2
Rociadores Cerrados
 10
2094.507940588526
 20
1791.289118161964
 30
-1.0
 41
0.1179768100307807
 42
0.1179768100307807
 43
0.1179768100307807
  0
INSERT
  5
1AB1
330
1F
100
AcDbEntity
  8
03 Sprinkler Heads – Rociadores
100
AcDbBlockReference
  2
Rociadores Cerrados
 10
2084.507940588526
 20
1791.289118161965
 30
0.1000000000000001
 41
0.1179768100307807
 42
0.1179768100307807
 43
0.1179768100307807
  0
INSERT
  5
1AB2
330
1F
100
AcDbEntity
  8
03 Sprinkler Heads – Rociadores
100
AcDbBlockReference
  2
Rociadores Cerrados
 10
2074.507940588526
 20
1791.289118161964
 30
0.0
 41
0.1179768100307807
 42
0.1179768100307807
 43
0.1179768100307807
  0
INSERT
  5
1AB3
330
1F
100
AcDbEntity
  8
03 Sprinkler Heads – Rociadores
100
AcDbBlockReference
  2
Rociadores Cerrados
 10
2064.507940588526
 20
1791.289118161964
 30
0.0
 41
0.1179768100307807
 42
0.1179768100307807
 43
0.1179768100307807
  0
INSERT
  5
1AB4
330
1F
100
AcDbEntity
  8
03 Sprinkler Heads – Rociadores
100
AcDbBlockReference
  2
Rociadores Cerrados
 10
2054.507940588527
 20
1791.289118161964
 30
0.0
 41
0.1179768100307807
 42
0.1179768100307807
 43
0.1179768100307807
  0
INSERT
  5
1AB5
330
1F
100
AcDbEntity
  8
03 Sprinkler Heads – Rociadores
100
AcDbBlockReference
  2
Rociadores Cerrados
 10
2044.507940588992
 20
1791.289118161964
 30
0.0
 41
0.1179768100307807
 42
0.1179768100307807
 43
0.1179768100307807
  0
INSERT
  5
1AB6
330
1F
100
AcDbEntity
  8
03 Sprinkler Heads – Rociadores
100
AcDbBlockReference
  2
Rociadores Cerrados
 10
2104.507940588526
 20
1781.289118161964
 30
0.0
 41
0.1179768100307807
 42
0.1179768100307807
 43
0.1179768100307807
  0
INSERT
  5
1AB7
330
1F
100
AcDbEntity
  8
03 Sprinkler Heads – Rociadores
100
AcDbBlockReference
  2
Rociadores Cerrados
 10
2114.507940588526
 20
1781.289118161964
 30
0.0
 41
0.1179768100307807
 42
0.1179768100307807
 43
0.1179768100307807
  0
INSERT
  5
1AB8
330
1F
100
AcDbEntity
  8
03 Sprinkler Heads – Rociadores
100
AcDbBlockReference
  2
Rociadores Cerrados
 10
2124.507940588526
 20
1781.289118161964
 30
0.0
 41
0.1179768100307807
 42
0.1179768100307807
 43
0.1179768100307807
  0
INSERT
  5
1AB9
330
1F
100
AcDbEntity
  8
03 Sprinkler Heads – Rociadores
100
AcDbBlockReference
  2
Rociadores Cerrados
 10
2134.507940588526
 20
1781.289118161964
 30
0.0
 41
0.1179768100307807
 42
0.1179768100307807
 43
0.1179768100307807
  0
INSERT
  5
1ABA
330
1F
100
AcDbEntity
  8
03 Sprinkler Heads – Rociadores
100
AcDbBlockReference
  2
Rociadores Cerrados
 10
2144.507940588527
 20
1781.289118161964
 30
0.0
 41
0.1179768100307807
 42
0.1179768100307807
 43
0.1179768100307807
  0
INSERT
  5
1ABB
330
1F
100
AcDbEntity
  8
03 Sprinkler Heads – Rociadores
100
AcDbBlockReference
  2
Rociadores Cerrados
 10
2154.512555735193
 20
1781.258232835288
 30
0.0
 41
0.1179768100307807
 42
0.1179768100307807
 43
0.1179768100307807
  0
INSERT
  5
1ABC
330
1F
100
AcDbEntity
  8
03 Sprinkler Heads – Rociadores
100
AcDbBlockReference
  2
Rociadores Cerrados
 10
2094.507940588526
 20
1781.289118161964
 30
-1.0
 41
0.1179768100307807
 42
0.1179768100307807
 43
0.1179768100307807
  0
INSERT
  5
1ABD
330
1F
100
AcDbEntity
  8
03 Sprinkler Heads – Rociadores
100
AcDbBlockReference
  2
Rociadores Cerrados
 10
2084.507940588527
 20
1781.289118161965
 30
0.1000000000000001
 41
0.1179768100307807
 42
0.1179768100307807
 43
0.1179768100307807
  0
INSERT
  5
1ABE
330
1F
100
AcDbEntity
  8
03 Sprinkler Heads – Rociadores
100
AcDbBlockReference
  2
Rociadores Cerrados
 10
2074.507940588526
 20
1781.289118161964
 30
0.0
 41
0.1179768100307807
 42
0.1179768100307807
 43
0.1179768100307807
  0
INSERT
  5
1ABF
330
1F
100
AcDbEntity
  8
03 Sprinkler Heads – Rociadores
100
AcDbBlockReference
  2
Rociadores Cerrados
 10
2064.507940588526
 20
1781.289118161964
 30
0.0
 41
0.1179768100307807
 42
0.1179768100307807
 43
0.1179768100307807
  0
INSERT
  5
1AC0
330
1F
100
AcDbEntity
  8
03 Sprinkler Heads – Rociadores
100
AcDbBlockReference
  2
Rociadores Cerrados
 10
2054.507940588527
 20
1781.289118161964
 30
0.0
 41
0.1179768100307807
 42
0.1179768100307807
 43
0.1179768100307807
  0
INSERT
  5
1AC1
330
1F
100
AcDbEntity
  8
03 Sprinkler Heads – Rociadores
100
AcDbBlockReference
  2
Rociadores Cerrados
 10
2044.507940588992
 20
1781.289118161964
 30
0.0
 41
0.1179768100307807
 42
0.1179768100307807
 43
0.1179768100307807
  0
INSERT
  5
1AC2
330
1F
100
AcDbEntity
  8
03 Sprinkler Heads – Rociadores
100
AcDbBlockReference
  2
Rociadores Cerrados
 10
2104.507940588526
 20
1771.289118161964
 30
0.0
 41
0.1179768100307807
 42
0.1179768100307807
 43
0.1179768100307807
  0
INSERT
  5
1AC3
330
1F
100
AcDbEntity
  8
03 Sprinkler Heads – Rociadores
100
AcDbBlockReference
  2
Rociadores Cerrados
 10
2114.507940588526
 20
1771.289118161964
 30
0.0
 41
0.1179768100307807
 42
0.1179768100307807
 43
0.1179768100307807
  0
INSERT
  5
1AC4
330
1F
100
AcDbEntity
  8
03 Sprinkler Heads – Rociadores
100
AcDbBlockReference
  2
Rociadores Cerrados
 10
2124.507940588526
 20
1771.289118161964
 30
0.0
 41
0.1179768100307807
 42
0.1179768100307807
 43
0.1179768100307807
  0
INSERT
  5
1AC5
330
1F
100
AcDbEntity
  8
03 Sprinkler Heads – Rociadores
100
AcDbBlockReference
  2
Rociadores Cerrados
 10
2134.507940588526
 20
1771.289118161964
 30
0.0
 41
0.1179768100307807
 42
0.1179768100307807
 43
0.1179768100307807
  0
INSERT
  5
1AC6
330
1F
100
AcDbEntity
  8
03 Sprinkler Heads – Rociadores
100
AcDbBlockReference
  2
Rociadores Cerrados
 10
2144.507940588527
 20
1771.289118161964
 30
0.0
 41
0.1179768100307807
 42
0.1179768100307807
 43
0.1179768100307807
  0
INSERT
  5
1AC7
330
1F
100
AcDbEntity
  8
03 Sprinkler Heads – Rociadores
100
AcDbBlockReference
  2
Rociadores Cerrados
 10
2154.512555735193
 20
1771.258232835288
 30
0.0
 41
0.1179768100307807
 42
0.1179768100307807
 43
0.1179768100307807
  0
INSERT
  5
1AC8
330
1F
100
AcDbEntity
  8
03 Sprinkler Heads – Rociadores
100
AcDbBlockReference
  2
Rociadores Cerrados
 10
2094.507940588526
 20
1771.289118161964
 30
-1.0
 41
0.1179768100307807
 42
0.1179768100307807
 43
0.1179768100307807
  0
INSERT
  5
1AC9
330
1F
100
AcDbEntity
  8
03 Sprinkler Heads – Rociadores
100
AcDbBlockReference
  2
Rociadores Cerrados
 10
2084.507940588526
 20
1771.289118161965
 30
0.1000000000000001
 41
0.1179768100307807
 42
0.1179768100307807
 43
0.1179768100307807
  0
INSERT
  5
1ACA
330
1F
100
AcDbEntity
  8
03 Sprinkler Heads – Rociadores
100
AcDbBlockReference
  2
Rociadores Cerrados
 10
2074.507940588526
 20
1771.289118161964
 30
0.0
 41
0.1179768100307807
 42
0.1179768100307807
 43
0.1179768100307807
  0
INSERT
  5
1ACB
330
1F
100
AcDbEntity
  8
03 Sprinkler Heads – Rociadores
100
AcDbBlockReference
  2
Rociadores Cerrados
 10
2064.507940588526
 20
1771.289118161964
 30
0.0
 41
0.1179768100307807
 42
0.1179768100307807
 43
0.1179768100307807
  0
INSERT
  5
1ACC
330
1F
100
AcDbEntity
  8
03 Sprinkler Heads – Rociadores
100
AcDbBlockReference
  2
Rociadores Cerrados
 10
2054.507940588527
 20
1771.289118161964
 30
0.0
 41
0.1179768100307807
 42
0.1179768100307807
 43
0.1179768100307807
  0
INSERT
  5
1ACD
330
1F
100
AcDbEntity
  8
03 Sprinkler Heads – Rociadores
100
AcDbBlockReference
  2
Rociadores Cerrados
 10
2044.507940588992
 20
1771.289118161964
 30
0.0
 41
0.1179768100307807
 42
0.1179768100307807
 43
0.1179768100307807
  0
INSERT
  5
1ACE
330
1F
100
AcDbEntity
  8
03 Sprinkler Heads – Rociadores
100
AcDbBlockReference
  2
Rociadores Cerrados
 10
2104.507940588526
 20
1761.289118161964
 30
0.0
 41
0.1179768100307807
 42
0.1179768100307807
 43
0.1179768100307807
  0
INSERT
  5
1ACF
330
1F
100
AcDbEntity
  8
03 Sprinkler Heads – Rociadores
100
AcDbBlockReference
  2
Rociadores Cerrados
 10
2114.507940588526
 20
1761.289118161964
 30
0.0
 41
0.1179768100307807
 42
0.1179768100307807
 43
0.1179768100307807
  0
INSERT
  5
1AD0
330
1F
100
AcDbEntity
  8
03 Sprinkler Heads – Rociadores
100
AcDbBlockReference
  2
Rociadores Cerrados
 10
2124.507940588526
 20
1761.289118161964
 30
0.0
 41
0.1179768100307807
 42
0.1179768100307807
 43
0.1179768100307807
  0
INSERT
  5
1AD1
330
1F
100
AcDbEntity
  8
03 Sprinkler Heads – Rociadores
100
AcDbBlockReference
  2
Rociadores Cerrados
 10
2134.507940588526
 20
1761.289118161964
 30
0.0
 41
0.1179768100307807
 42
0.1179768100307807
 43
0.1179768100307807
  0
INSERT
  5
1AD2
330
1F
100
AcDbEntity
  8
03 Sprinkler Heads – Rociadores
100
AcDbBlockReference
  2
Rociadores Cerrados
 10
2144.507940588527
 20
1761.289118161964
 30
0.0
 41
0.1179768100307807
 42
0.1179768100307807
 43
0.1179768100307807
  0
INSERT
  5
1AD3
330
1F
100
AcDbEntity
  8
03 Sprinkler Heads – Rociadores
100
AcDbBlockReference
  2
Rociadores Cerrados
 10
2154.512555735193
 20
1761.258232835288
 30
0.0
 41
0.1179768100307807
 42
0.1179768100307807
 43
0.1179768100307807
  0
INSERT
  5
1AD4
330
1F
100
AcDbEntity
  8
03 Sprinkler Heads – Rociadores
100
AcDbBlockReference
  2
Rociadores Cerrados
 10
2094.507940588526
 20
1761.289118161964
 30
-1.0
 41
0.1179768100307807
 42
0.1179768100307807
 43
0.1179768100307807
  0
INSERT
  5
1AD5
330
1F
100
AcDbEntity
  8
03 Sprinkler Heads – Rociadores
100
AcDbBlockReference
  2
Rociadores Cerrados
 10
2084.507940588526
 20
1761.289118161965
 30
0.1000000000000001
 41
0.1179768100307807
 42
0.1179768100307807
 43
0.1179768100307807
  0
INSERT
  5
1AD6
330
1F
100
AcDbEntity
  8
03 Sprinkler Heads – Rociadores
100
AcDbBlockReference
  2
Rociadores Cerrados
 10
2074.507940588526
 20
1761.289118161964
 30
0.0
 41
0.1179768100307807
 42
0.1179768100307807
 43
0.1179768100307807
  0
INSERT
  5
1AD7
330
1F
100
AcDbEntity
  8
03 Sprinkler Heads – Rociadores
100
AcDbBlockReference
  2
Rociadores Cerrados
 10
2064.507940588526
 20
1761.289118161964
 30
0.0
 41
0.1179768100307807
 42
0.1179768100307807
 43
0.1179768100307807
  0
INSERT
  5
1AD8
330
1F
100
AcDbEntity
  8
03 Sprinkler Heads – Rociadores
100
AcDbBlockReference
  2
Rociadores Cerrados
 10
2054.507940588527
 20
1761.289118161964
 30
0.0
 41
0.1179768100307807
 42
0.1179768100307807
 43
0.1179768100307807
  0
INSERT
  5
1AD9
330
1F
100
AcDbEntity
  8
03 Sprinkler Heads – Rociadores
100
AcDbBlockReference
  2
Rociadores Cerrados
 10
2044.507940588992
 20
1761.289118161964
 30
0.0
 41
0.1179768100307807
 42
0.1179768100307807
 43
0.1179768100307807
  0
INSERT
  5
1ADA
330
1F
100
AcDbEntity
  8
03 Sprinkler Heads – Rociadores
100
AcDbBlockReference
  2
Rociadores Cerrados
 10
2104.507940588526
 20
1751.289118161964
 30
0.0
 41
0.1179768100307807
 42
0.1179768100307807
 43
0.1179768100307807
  0
INSERT
  5
1ADB
330
1F
100
AcDbEntity
  8
03 Sprinkler Heads – Rociadores
100
AcDbBlockReference
  2
Rociadores Cerrados
 10
2114.507940588526
 20
1751.289118161964
 30
0.0
 41
0.1179768100307807
 42
0.1179768100307807
 43
0.1179768100307807
  0
INSERT
  5
1ADC
330
1F
100
AcDbEntity
  8
03 Sprinkler Heads – Rociadores
100
AcDbBlockReference
  2
Rociadores Cerrados
 10
2124.507940588526
 20
1751.289118161964
 30
0.0
 41
0.1179768100307807
 42
0.1179768100307807
 43
0.1179768100307807
  0
INSERT
  5
1ADD
330
1F
100
AcDbEntity
  8
03 Sprinkler Heads – Rociadores
100
AcDbBlockReference
  2
Rociadores Cerrados
 10
2134.507940588526
 20
1751.289118161964
 30
0.0
 41
0.1179768100307807
 42
0.1179768100307807
 43
0.1179768100307807
  0
INSERT
  5
1ADE
330
1F
100
AcDbEntity
  8
03 Sprinkler Heads – Rociadores
100
AcDbBlockReference
  2
Rociadores Cerrados
 10
2144.507940588527
 20
1751.289118161964
 30
0.0
 41
0.1179768100307807
 42
0.1179768100307807
 43
0.1179768100307807
  0
INSERT
  5
1ADF
330
1F
100
AcDbEntity
  8
03 Sprinkler Heads – Rociadores
100
AcDbBlockReference
  2
Rociadores Cerrados
 10
2154.512555735193
 20
1751.258232835288
 30
0.0
 41
0.1179768100307807
 42
0.1179768100307807
 43
0.1179768100307807
  0
INSERT
  5
1AE0
330
1F
100
AcDbEntity
  8
03 Sprinkler Heads – Rociadores
100
AcDbBlockReference
  2
Rociadores Cerrados
 10
2094.507940588526
 20
1751.289118161964
 30
-1.0
 41
0.1179768100307807
 42
0.1179768100307807
 43
0.1179768100307807
  0
INSERT
  5
1AE1
330
1F
100
AcDbEntity
  8
03 Sprinkler Heads – Rociadores
100
AcDbBlockReference
  2
Rociadores Cerrados
 10
2084.507940588526
 20
1751.289118161966
 30
0.1000000000000001
 41
0.1179768100307807
 42
0.1179768100307807
 43
0.1179768100307807
  0
INSERT
  5
1AE2
330
1F
100
AcDbEntity
  8
03 Sprinkler Heads – Rociadores
100
AcDbBlockReference
  2
Rociadores Cerrados
 10
2074.507940588526
 20
1751.289118161964
 30
0.0
 41
0.1179768100307807
 42
0.1179768100307807
 43
0.1179768100307807
  0
INSERT
  5
1AE3
330
1F
100
AcDbEntity
  8
03 Sprinkler Heads – Rociadores
100
AcDbBlockReference
  2
Rociadores Cerrados
 10
2064.507940588526
 20
1751.289118161964
 30
0.0
 41
0.1179768100307807
 42
0.1179768100307807
 43
0.1179768100307807
  0
INSERT
  5
1AE4
330
1F
100
AcDbEntity
  8
03 Sprinkler Heads – Rociadores
100
AcDbBlockReference
  2
Rociadores Cerrados
 10
2054.507940588527
 20
1751.289118161964
 30
0.0
 41
0.1179768100307807
 42
0.1179768100307807
 43
0.1179768100307807
  0
INSERT
  5
1AE5
330
1F
100
AcDbEntity
  8
03 Sprinkler Heads – Rociadores
100
AcDbBlockReference
  2
Rociadores Cerrados
 10
2044.507940588991
 20
1751.289118161964
 30
0.0
 41
0.1179768100307807
 42
0.1179768100307807
 43
0.1179768100307807
  0
INSERT
  5
1AE6
330
1F
100
AcDbEntity
  8
03 Sprinkler Heads – Rociadores
100
AcDbBlockReference
  2
Rociadores Cerrados
 10
2104.507940588526
 20
1741.289118161965
 30
0.0
 41
0.1179768100307807
 42
0.1179768100307807
 43
0.1179768100307807
  0
INSERT
  5
1AE7
330
1F
100
AcDbEntity
  8
03 Sprinkler Heads – Rociadores
100
AcDbBlockReference
  2
Rociadores Cerrados
 10
2114.507940588526
 20
1741.289118161965
 30
0.0
 41
0.1179768100307807
 42
0.1179768100307807
 43
0.1179768100307807
  0
INSERT
  5
1AE8
330
1F
100
AcDbEntity
  8
03 Sprinkler Heads – Rociadores
100
AcDbBlockReference
  2
Rociadores Cerrados
 10
2124.507940588526
 20
1741.289118161965
 30
0.0
 41
0.1179768100307807
 42
0.1179768100307807
 43
0.1179768100307807
  0
INSERT
  5
1AE9
330
1F
100
AcDbEntity
  8
03 Sprinkler Heads – Rociadores
100
AcDbBlockReference
  2
Rociadores Cerrados
 10
2134.507940588526
 20
1741.289118161965
 30
0.0
 41
0.1179768100307807
 42
0.1179768100307807
 43
0.1179768100307807
  0
INSERT
  5
1AEA
330
1F
100
AcDbEntity
  8
03 Sprinkler Heads – Rociadores
100
AcDbBlockReference
  2
Rociadores Cerrados
 10
2144.507940588527
 20
1741.289118161965
 30
0.0
 41
0.1179768100307807
 42
0.1179768100307807
 43
0.1179768100307807
  0
INSERT
  5
1AEB
330
1F
100
AcDbEntity
  8
03 Sprinkler Heads – Rociadores
100
AcDbBlockReference
  2
Rociadores Cerrados
 10
2154.512555735193
 20
1741.258232835289
 30
0.0
 41
0.1179768100307807
 42
0.1179768100307807
 43
0.1179768100307807
  0
INSERT
  5
1AEC
330
1F
100
AcDbEntity
  8
03 Sprinkler Heads – Rociadores
100
AcDbBlockReference
  2
Rociadores Cerrados
 10
2094.507940588526
 20
1741.289118161965
 30
-1.0
 41
0.1179768100307807
 42
0.1179768100307807
 43
0.1179768100307807
  0
INSERT
  5
1AED
330
1F
100
AcDbEntity
  8
03 Sprinkler Heads – Rociadores
100
AcDbBlockReference
  2
Rociadores Cerrados
 10
2084.507940588526
 20
1741.289118161965
 30
0.1000000000000001
 41
0.1179768100307807
 42
0.1179768100307807
 43
0.1179768100307807
  0
INSERT
  5
1AEE
330
1F
100
AcDbEntity
  8
03 Sprinkler Heads – Rociadores
100
AcDbBlockReference
  2
Rociadores Cerrados
 10
2074.507940588526
 20
1741.289118161965
 30
0.0
 41
0.1179768100307807
 42
0.1179768100307807
 43
0.1179768100307807
  0
INSERT
  5
1AEF
330
1F
100
AcDbEntity
  8
03 Sprinkler Heads – Rociadores
100
AcDbBlockReference
  2
Rociadores Cerrados
 10
2064.507940588526
 20
1741.289118161965
 30
0.0
 41
0.1179768100307807
 42
0.1179768100307807
 43
0.1179768100307807
  0
INSERT
  5
1AF0
330
1F
100
AcDbEntity
  8
03 Sprinkler Heads – Rociadores
100
AcDbBlockReference
  2
Rociadores Cerrados
 10
2054.507940588527
 20
1741.289118161965
 30
0.0
 41
0.1179768100307807
 42
0.1179768100307807
 43
0.1179768100307807
  0
INSERT
  5
1AF1
330
1F
100
AcDbEntity
  8
03 Sprinkler Heads – Rociadores
100
AcDbBlockReference
  2
Rociadores Cerrados
 10
2044.507940588991
 20
1741.289118161965
 30
0.0
 41
0.1179768100307807
 42
0.1179768100307807
 43
0.1179768100307807
  0
INSERT
  5
1AF2
330
1F
100
AcDbEntity
  8
03 Sprinkler Heads – Rociadores
100
AcDbBlockReference
  2
Rociadores Cerrados
 10
2104.507940588526
 20
1731.289118161964
 30
0.0
 41
0.1179768100307807
 42
0.1179768100307807
 43
0.1179768100307807
  0
INSERT
  5
1AF3
330
1F
100
AcDbEntity
  8
03 Sprinkler Heads – Rociadores
100
AcDbBlockReference
  2
Rociadores Cerrados
 10
2114.507940588526
 20
1731.289118161964
 30
0.0
 41
0.1179768100307807
 42
0.1179768100307807
 43
0.1179768100307807
  0
INSERT
  5
1AF4
330
1F
100
AcDbEntity
  8
03 Sprinkler Heads – Rociadores
100
AcDbBlockReference
  2
Rociadores Cerrados
 10
2124.507940588526
 20
1731.289118161964
 30
0.0
 41
0.1179768100307807
 42
0.1179768100307807
 43
0.1179768100307807
  0
INSERT
  5
1AF5
330
1F
100
AcDbEntity
  8
03 Sprinkler Heads – Rociadores
100
AcDbBlockReference
  2
Rociadores Cerrados
 10
2134.507940588526
 20
1731.289118161964
 30
0.0
 41
0.1179768100307807
 42
0.1179768100307807
 43
0.1179768100307807
  0
INSERT
  5
1AF6
330
1F
100
AcDbEntity
  8
03 Sprinkler Heads – Rociadores
100
AcDbBlockReference
  2
Rociadores Cerrados
 10
2144.507940588527
 20
1731.289118161964
 30
0.0
 41
0.1179768100307807
 42
0.1179768100307807
 43
0.1179768100307807
  0
INSERT
  5
1AF7
330
1F
100
AcDbEntity
  8
03 Sprinkler Heads – Rociadores
100
AcDbBlockReference
  2
Rociadores Cerrados
 10
2154.512555735193
 20
1731.258232835288
 30
0.0
 41
0.1179768100307807
 42
0.1179768100307807
 43
0.1179768100307807
  0
INSERT
  5
1AF8
330
1F
100
AcDbEntity
  8
03 Sprinkler Heads – Rociadores
100
AcDbBlockReference
  2
Rociadores Cerrados
 10
2094.507940588526
 20
1731.289118161964
 30
-1.0
 41
0.1179768100307807
 42
0.1179768100307807
 43
0.1179768100307807
  0
INSERT
  5
1AF9
330
1F
100
AcDbEntity
  8
03 Sprinkler Heads – Rociadores
100
AcDbBlockReference
  2
Rociadores Cerrados
 10
2084.507940588526
 20
1731.289118161965
 30
0.1000000000000001
 41
0.1179768100307807
 42
0.1179768100307807
 43
0.1179768100307807
  0
INSERT
  5
1AFA
330
1F
100
AcDbEntity
  8
03 Sprinkler Heads – Rociadores
100
AcDbBlockReference
  2
Rociadores Cerrados
 10
2074.507940588526
 20
1731.289118161964
 30
0.0
 41
0.1179768100307807
 42
0.1179768100307807
 43
0.1179768100307807
  0
INSERT
  5
1AFB
330
1F
100
AcDbEntity
  8
03 Sprinkler Heads – Rociadores
100
AcDbBlockReference
  2
Rociadores Cerrados
 10
2064.507940588526
 20
1731.289118161964
 30
0.0
 41
0.1179768100307807
 42
0.1179768100307807
 43
0.1179768100307807
  0
INSERT
  5
1AFC
330
1F
100
AcDbEntity
  8
03 Sprinkler Heads – Rociadores
100
AcDbBlockReference
  2
Rociadores Cerrados
 10
2054.507940588527
 20
1731.289118161964
 30
0.0
 41
0.1179768100307807
 42
0.1179768100307807
 43
0.1179768100307807
  0
INSERT
  5
1AFD
330
1F
100
AcDbEntity
  8
03 Sprinkler Heads – Rociadores
100
AcDbBlockReference
  2
Rociadores Cerrados
 10
2044.507940588992
 20
1731.289118161964
 30
0.0
 41
0.1179768100307807
 42
0.1179768100307807
 43
0.1179768100307807
  0
INSERT
  5
1AFE
330
1F
100
AcDbEntity
  8
03 Sprinkler Heads – Rociadores
100
AcDbBlockReference
  2
Rociadores Cerrados
 10
2104.507940588526
 20
1721.289118163361
 30
0.0
 41
0.1179768100307807
 42
0.1179768100307807
 43
0.1179768100307807
  0
INSERT
  5
1AFF
330
1F
100
AcDbEntity
  8
03 Sprinkler Heads – Rociadores
100
AcDbBlockReference
  2
Rociadores Cerrados
 10
2114.507940588526
 20
1721.289118163361
 30
0.0
 41
0.1179768100307807
 42
0.1179768100307807
 43
0.1179768100307807
  0
INSERT
  5
1B00
330
1F
100
AcDbEntity
  8
03 Sprinkler Heads – Rociadores
100
AcDbBlockReference
  2
Rociadores Cerrados
 10
2124.507940588526
 20
1721.289118163361
 30
0.0
 41
0.1179768100307807
 42
0.1179768100307807
 43
0.1179768100307807
  0
INSERT
  5
1B01
330
1F
100
AcDbEntity
  8
03 Sprinkler Heads – Rociadores
100
AcDbBlockReference
  2
Rociadores Cerrados
 10
2134.507940588526
 20
1721.289118163361
 30
0.0
 41
0.1179768100307807
 42
0.1179768100307807
 43
0.1179768100307807
  0
INSERT
  5
1B02
330
1F
100
AcDbEntity
  8
03 Sprinkler Heads – Rociadores
100
AcDbBlockReference
  2
Rociadores Cerrados
 10
2144.507940588527
 20
1721.289118163361
 30
0.0
 41
0.1179768100307807
 42
0.1179768100307807
 43
0.1179768100307807
  0
INSERT
  5
1B03
330
1F
100
AcDbEntity
  8
03 Sprinkler Heads – Rociadores
100
AcDbBlockReference
  2
Rociadores Cerrados
 10
2154.512555735193
 20
1721.258232836685
 30
0.0
 41
0.1179768100307807
 42
0.1179768100307807
 43
0.1179768100307807
  0
INSERT
  5
1B04
330
1F
100
AcDbEntity
  8
03 Sprinkler Heads – Rociadores
100
AcDbBlockReference
  2
Rociadores Cerrados
 10
2094.507940588526
 20
1721.289118163361
 30
-1.0
 41
0.1179768100307807
 42
0.1179768100307807
 43
0.1179768100307807
  0
INSERT
  5
1B05
330
1F
100
AcDbEntity
  8
03 Sprinkler Heads – Rociadores
100
AcDbBlockReference
  2
Rociadores Cerrados
 10
2084.507940588527
 20
1721.289118163362
 30
0.1000000000000001
 41
0.1179768100307807
 42
0.1179768100307807
 43
0.1179768100307807
  0
INSERT
  5
1B06
330
1F
100
AcDbEntity
  8
03 Sprinkler Heads – Rociadores
100
AcDbBlockReference
  2
Rociadores Cerrados
 10
2074.507940588526
 20
1721.289118163361
 30
0.0
 41
0.1179768100307807
 42
0.1179768100307807
 43
0.1179768100307807
  0
INSERT
  5
1B07
330
1F
100
AcDbEntity
  8
03 Sprinkler Heads – Rociadores
100
AcDbBlockReference
  2
Rociadores Cerrados
 10
2064.507940588526
 20
1721.289118163361
 30
0.0
 41
0.1179768100307807
 42
0.1179768100307807
 43
0.1179768100307807
  0
INSERT
  5
1B08
330
1F
100
AcDbEntity
  8
03 Sprinkler Heads – Rociadores
100
AcDbBlockReference
  2
Rociadores Cerrados
 10
2054.507940588527
 20
1721.289118163361
 30
0.0
 41
0.1179768100307807
 42
0.1179768100307807
 43
0.1179768100307807
  0
INSERT
  5
1B09
330
1F
100
AcDbEntity
  8
03 Sprinkler Heads – Rociadores
100
AcDbBlockReference
  2
Rociadores Cerrados
 10
2044.507940588992
 20
1721.289118163361
 30
0.0
 41
0.1179768100307807
 42
0.1179768100307807
 43
0.1179768100307807
  0
ENDSEC
  0
SECTION
  2
OBJECTS
  0
DICTIONARY
  5
C
330
0
100
AcDbDictionary
281
     1
  3
ACAD_ASSOCNETWORK
350
9F7
  3
ACAD_CIP_PREVIOUS_PRODUCT_INFO
350
216
  3
ACAD_COLOR
350
6B
  3
ACAD_DETAILVIEWSTYLE
350
21B
  3
ACAD_GROUP
350
D
  3
ACAD_LAYOUT
350
1A
  3
ACAD_MATERIAL
350
6A
  3
ACAD_MLEADERSTYLE
350
12D
  3
ACAD_MLINESTYLE
350
17
  3
ACAD_PLOTSETTINGS
350
19
  3
ACAD_PLOTSTYLENAME
350
E
  3
ACAD_SCALELIST
350
10C
  3
ACAD_SECTIONVIEWSTYLE
350
219
  3
ACAD_TABLESTYLE
350
7E
  3
ACAD_VISUALSTYLE
350
EF
  3
ACDB_RECOMPOSE_DATA
350
1BEE
  3
AcDbVariableDictionary
350
5E
  0
DICTIONARY
  5
1FF
330
2
100
AcDbDictionary
280
     1
281
     1
  3
ACAD_LAYERSTATES
360
200
  0
DICTIONARY
  5
13C
330
10
100
AcDbDictionary
280
     1
281
     1
  0
DICTIONARY
  5
1CE
330
1F
100
AcDbDictionary
280
     1
281
     1
  3
ACAD_ASSOCNETWORK
360
1121
  0
DICTIONARY
  5
1871
330
11D7
100
AcDbDictionary
280
     1
281
     1
  3
ACAD_ASSOCNETWORK
360
188F
  3
ACAD_SORTENTS
360
1872
  3
AcDbDynamicBlockRoundTripPurgePreventer
360
1BB6
  0
DICTIONARY
  5
1854
330
1853
100
AcDbDictionary
280
     1
281
     1
  3
ACAD_DIMASSOC
360
1855
  0
DICTIONARY
  5
1857
330
1856
100
AcDbDictionary
280
     1
281
     1
  3
ACAD_DIMASSOC
360
1858
  0
DICTIONARY
  5
9F7
102
{ACAD_REACTORS
330
C
102
}
330
C
100
AcDbDictionary
281
     1
  3
ACAD_ASSOCNETWORK
350
9F8
  0
XRECORD
  5
216
102
{ACAD_REACTORS
330
C
102
}
330
C
100
AcDbXrecord
280
     1
300
ACD
300
2021
300

  0
DICTIONARY
  5
6B
102
{ACAD_REACTORS
330
C
102
}
330
C
100
AcDbDictionary
281
     1
  0
DICTIONARY
  5
21B
102
{ACAD_REACTORS
330
C
102
}
330
C
100
AcDbDictionary
281
     1
  3
Metric50
350
21C
  0
DICTIONARY
  5
D
102
{ACAD_REACTORS
330
C
102
}
330
C
100
AcDbDictionary
281
     1
  0
DICTIONARY
  5
1A
102
{ACAD_REACTORS
330
C
102
}
330
C
100
AcDbDictionary
281
     1
  3
Layout1
350
D3
  3
Layout2
350
D7
  3
Model
350
22
  0
DICTIONARY
  5
6A
102
{ACAD_REACTORS
330
C
102
}
330
C
100
AcDbDictionary
281
     1
  3
ByBlock
350
ED
  3
ByLayer
350
EC
  3
Global
350
EE
  0
DICTIONARY
  5
12D
102
{ACAD_REACTORS
330
C
102
}
330
C
100
AcDbDictionary
281
     1
  3
Annotative
350
13B
  3
Standard
350
12E
  0
DICTIONARY
  5
17
102
{ACAD_REACTORS
330
C
102
}
330
C
100
AcDbDictionary
281
     1
  3
Standard
350
18
  0
DICTIONARY
  5
19
102
{ACAD_REACTORS
330
C
102
}
330
C
100
AcDbDictionary
281
     1
  0
ACDBDICTIONARYWDFLT
  5
E
102
{ACAD_REACTORS
330
C
102
}
330
C
100
AcDbDictionary
281
     1
  3
Normal
350
F
100
AcDbDictionaryWithDefault
340
F
  0
DICTIONARY
  5
10C
102
{ACAD_REACTORS
330
C
102
}
330
C
100
AcDbDictionary
281
     1
  3
A0
350
10D
  3
A1
350
1BE
  3
A2
350
1BF
  3
A3
350
1C0
  3
A4
350
1C1
  3
A5
350
1C2
  3
A6
350
1C3
  3
A7
350
1C4
  3
A8
350
1C5
  3
A9
350
1C6
  3
B0
350
1C7
  3
B1
350
1C8
  3
B2
350
1C9
  3
B3
350
1CA
  3
B4
350
1CB
  3
B5
350
1CC
  3
B6
350
1CD
  0
DICTIONARY
  5
219
102
{ACAD_REACTORS
330
C
102
}
330
C
100
AcDbDictionary
281
     1
  3
Metric50
350
21A
  0
DICTIONARY
  5
7E
102
{ACAD_REACTORS
330
C
102
}
330
C
100
AcDbDictionary
281
     1
  3
Standard
350
7F
  0
DICTIONARY
  5
EF
102
{ACAD_REACTORS
330
C
102
}
330
C
100
AcDbDictionary
281
     1
  3
2dWireframe
350
F5
  3
Basic
350
F4
  3
Brighten
350
FB
  3
ColorChange
350
FF
  3
Conceptual
350
F8
  3
Dim
350
FA
  3
EdgeColorOff
350
1E6
  3
Facepattern
350
FE
  3
Flat
350
F0
  3
FlatWithEdges
350
F1
  3
Gouraud
350
F2
  3
GouraudWithEdges
350
F3
  3
Hidden
350
F7
  3
JitterOff
350
1E4
  3
Linepattern
350
FD
  3
OverhangOff
350
1E5
  3
Realistic
350
F9
  3
Shaded
350
1F3
  3
Shaded with edges
350
1F2
  3
Shades of Gray
350
1EF
  3
Sketchy
350
1F0
  3
Thicken
350
FC
  3
Wireframe
350
F6
  3
X-Ray
350
1F1
  0
XRECORD
  5
1BEE
102
{ACAD_REACTORS
330
C
102
}
330
C
100
AcDbXrecord
280
     1
 90
        1
330
7F
  0
DICTIONARY
  5
5E
102
{ACAD_REACTORS
330
C
102
}
330
C
100
AcDbDictionary
281
     1
  3
CANNOSCALE
350
146
  3
CENTEREXE
350
259
  3
CENTERLTYPEFILE
350
25A
  3
CMLEADERSTYLE
350
145
  3
CTABLESTYLE
350
84
  3
CVIEWDETAILSTYLE
350
227
  3
CVIEWSECTIONSTYLE
350
228
  3
DIMASSOC
350
5F
  3
HIDETEXT
350
63
  3
LAYEREVAL
350
1AE
  3
LAYERNOTIFY
350
1AF
  0
DICTIONARY
  5
200
102
{ACAD_REACTORS
330
1FF
102
}
330
1FF
100
AcDbDictionary
281
     1
  0
DICTIONARY
  5
1121
102
{ACAD_REACTORS
330
1CE
102
}
330
1CE
100
AcDbDictionary
281
     1
  3
ACAD_ASSOCNETWORK
350
1122
  0
DICTIONARY
  5
188F
102
{ACAD_REACTORS
330
1871
102
}
330
1871
100
AcDbDictionary
281
     1
  3
ACAD_ASSOCNETWORK
350
1890
  0
SORTENTSTABLE
  5
1872
102
{ACAD_REACTORS
330
1871
102
}
330
1871
100
AcDbSortentsTable
330
11D7
  0
ACDB_DYNAMICBLOCKPURGEPREVENTER_VERSION
  5
1BB6
102
{ACAD_REACTORS
330
1871
102
}
330
1871
100
AcDbDynamicBlockPurgePreventer
 70
     1
  0
DIMASSOC
  5
1855
102
{ACAD_REACTORS
330
1854
102
}
330
1854
100
AcDbDimAssoc
330
1853
 90
        3
 70
     0
 71
     0
  1
AcDbOsnapPointRef
 72
    13
331
1644
331
116B
331
1167
 73
     2
 91
        0
 40
0.0
 10
0.0
 20
0.0
 30
2.000000000000000E+50
 75
     0
  1
AcDbOsnapPointRef
 72
    13
331
1666
 73
     2
 91
        0
 40
0.0
 10
0.0
 20
0.0
 30
2.000000000000000E+50
 75
     0
  0
DIMASSOC
  5
1858
102
{ACAD_REACTORS
330
1857
102
}
330
1857
100
AcDbDimAssoc
330
1856
 90
        3
 70
     0
 71
     0
  1
AcDbOsnapPointRef
 72
    13
331
1675
 73
     2
 91
        0
 40
0.0
 10
0.0
 20
0.0
 30
2.000000000000000E+50
 75
     0
  1
AcDbOsnapPointRef
 72
    13
331
1646
 73
     2
 91
        0
 40
0.0
 10
0.0
 20
0.0
 30
2.000000000000000E+50
 75
     0
  0
ACDBASSOCNETWORK
  5
9F8
102
{ACAD_REACTORS
330
9F7
102
}
330
9F7
100
AcDbAssocAction
 90
        2
 90
        0
330
0
360
0
 90
        0
 90
        0
 90
        0
 90
        0
 90
        0
 90
        0
 90
        0
100
AcDbAssocNetwork
 90
        0
 90
        3
 90
        2
330
1122
330
1890
 90
        0
  0
ACDBDETAILVIEWSTYLE
  5
21C
102
{ACAD_REACTORS
330
21B
102
}
330
21B
100
AcDbModelDocViewStyle
 70
     0
  3
Metric50
290
     0
300
Metric50
 90
        0
100
AcDbDetailViewStyle
 70
     0
 71
     0
 90
        3
 71
     1
340
11
 62
   256
 40
5.0
340
0
 62
   256
 40
5.0
300

 40
0.0
280
     1
 71
     2
340
16
 90
       25
 62
   256
 71
     3
340
11
 62
   256
 40
5.0
 90
        0
 40
15.0
 90
        1
300
%<\AcVar ViewDetailId>% (%<\AcVar ViewScale \f "%sn">%)
 71
     4
340
16
 90
       25
 62
   256
340
16
 90
       25
 62
   256
280
     0
  0
LAYOUT
  5
D3
102
{ACAD_REACTORS
330
1A
102
}
330
1A
100
AcDbPlotSettings
  1

  2
C:\Documents and Settings\basas\Application Data\Autodesk\AutoCAD 2005\R16.1\enu\plotters\Default Windows System Printer.pc3
  4

  6

 40
0.0
 41
0.0
 42
0.0
 43
0.0
 44
0.0
 45
0.0
 46
0.0
 47
0.0
 48
0.0
 49
0.0
140
0.0
141
0.0
142
1.0
143
1.0
 70
   688
 72
     0
 73
     0
 74
     5
  7

 75
    16
147
1.0
 76
     0
 77
     2
 78
   300
148
0.0
149
0.0
100
AcDbLayout
  1
Layout1
 70
     1
 71
     1
 10
0.0
 20
0.0
 11
12.0
 21
9.0
 12
0.0
 22
0.0
 32
0.0
 14
0.0
 24
0.0
 34
0.0
 15
0.0
 25
0.0
 35
0.0
146
0.0
 13
0.0
 23
0.0
 33
0.0
 16
1.0
 26
0.0
 36
0.0
 17
0.0
 27
1.0
 37
0.0
 76
     0
330
D2
  0
LAYOUT
  5
D7
102
{ACAD_REACTORS
330
1A
102
}
330
1A
100
AcDbPlotSettings
  1

  2
C:\Documents and Settings\basas\Application Data\Autodesk\AutoCAD 2005\R16.1\enu\plotters\Default Windows System Printer.pc3
  4

  6

 40
0.0
 41
0.0
 42
0.0
 43
0.0
 44
0.0
 45
0.0
 46
0.0
 47
0.0
 48
0.0
 49
0.0
140
0.0
141
0.0
142
1.0
143
1.0
 70
   688
 72
     0
 73
     0
 74
     5
  7

 75
    16
147
1.0
 76
     0
 77
     2
 78
   300
148
0.0
149
0.0
100
AcDbLayout
  1
Layout2
 70
     1
 71
     2
 10
0.0
 20
0.0
 11
12.0
 21
9.0
 12
0.0
 22
0.0
 32
0.0
 14
0.0
 24
0.0
 34
0.0
 15
0.0
 25
0.0
 35
0.0
146
0.0
 13
0.0
 23
0.0
 33
0.0
 16
1.0
 26
0.0
 36
0.0
 17
0.0
 27
1.0
 37
0.0
 76
     0
330
D6
  0
LAYOUT
  5
22
102
{ACAD_XDICTIONARY
360
205
102
}
102
{ACAD_REACTORS
330
1A
102
}
330
1A
100
AcDbPlotSettings
  1

  2
none_device
  4
ISO_A4_(210.00_x_297.00_MM)
  6

 40
7.5
 41
20.0
 42
7.5
 43
20.0
 44
210.0
 45
297.0
 46
11.54999923706054
 47
-13.65000009536743
 48
0.0
 49
0.0
140
0.0
141
0.0
142
1.0
143
8.704084754739808
 70
 11952
 72
     1
 73
     0
 74
     0
  7

 75
     0
147
0.1148885871608098
 76
     0
 77
     2
 78
   300
148
0.0
149
0.0
100
AcDbLayout
  1
Model
 70
     1
 71
     0
 10
0.0
 20
0.0
 11
12.0
 21
9.0
 12
0.0
 22
0.0
 32
0.0
 14
0.0
 24
0.0
 34
0.0
 15
0.0
 25
0.0
 35
0.0
146
0.0
 13
0.0
 23
0.0
 33
0.0
 16
1.0
 26
0.0
 36
0.0
 17
0.0
 27
1.0
 37
0.0
 76
     0
330
1F
331
EA
1001
ACAD_PSEXT
1000
None
1000
None
1000
Not applicable
1000
The layout will not be plotted unless a new plotter configuration name is selected.
1070
     0
  0
MATERIAL
  5
ED
102
{ACAD_XDICTIONARY
360
1F9
102
}
102
{ACAD_REACTORS
330
6A
102
}
330
6A
100
AcDbMaterial
  1
ByBlock
 94
       63
  0
MATERIAL
  5
EC
102
{ACAD_XDICTIONARY
360
1F7
102
}
102
{ACAD_REACTORS
330
6A
102
}
330
6A
100
AcDbMaterial
  1
ByLayer
 94
       63
  0
MATERIAL
  5
EE
102
{ACAD_XDICTIONARY
360
173
102
}
102
{ACAD_REACTORS
330
6A
102
}
330
6A
100
AcDbMaterial
  1
Global
 43
0.0007999999797903
 43
0.0
 43
0.0
 43
0.0
 43
0.0
 43
0.0007999999797903
 43
0.0
 43
0.0
 43
0.0
 43
0.0
 43
1.0
 43
0.0
 43
0.0
 43
0.0
 43
0.0
 43
1.0
 49
0.0007999999797903
 49
0.0
 49
0.0
 49
0.0
 49
0.0
 49
0.0007999999797903
 49
0.0
 49
0.0
 49
0.0
 49
0.0
 49
1.0
 49
0.0
 49
0.0
 49
0.0
 49
0.0
 49
1.0
142
0.0007999999797903
142
0.0
142
0.0
142
0.0
142
0.0
142
0.0007999999797903
142
0.0
142
0.0
142
0.0
142
0.0
142
1.0
142
0.0
142
0.0
142
0.0
142
0.0
142
1.0
144
0.0007999999797903
144
0.0
144
0.0
144
0.0
144
0.0
144
0.0007999999797903
144
0.0
144
0.0
144
0.0
144
0.0
144
1.0
144
0.0
144
0.0
144
0.0
144
0.0
144
1.0
 94
       63
1001
ACAD
1070
    -1
1070
     3
1070
     0
1000

1071
        0
1070
     0
  0
MLEADERSTYLE
  5
13B
102
{ACAD_REACTORS
330
12D
102
}
330
12D
100
AcDbMLeaderStyle
179
     2
170
     2
171
     1
172
     0
 90
        2
 40
0.0
 41
0.0
173
     1
 91
-1056964608
340
14
 92
       -2
290
     1
 42
2.0
291
     1
 43
8.0
  3
Standard
 44
4.0
300

342
11
174
     1
178
     1
175
     1
176
     0
 93
-1056964608
 45
4.0
292
     0
297
     0
 46
4.0
 94
-1056964608
 47
1.0
 49
1.0
140
1.0
293
     1
141
0.0
294
     1
177
     0
142
1.0
295
     0
296
     1
143
3.75
271
     0
272
     9
273
     9
298
     0
  0
MLEADERSTYLE
  5
12E
102
{ACAD_REACTORS
330
12D
102
}
330
12D
100
AcDbMLeaderStyle
179
     2
170
     2
171
     1
172
     0
 90
        2
 40
0.0
 41
0.0
173
     1
 91
-1056964608
340
14
 92
       -2
290
     1
 42
2.0
291
     1
 43
8.0
  3
Standard
 44
4.0
300

342
11
174
     1
178
     1
175
     1
176
     0
 93
-1056964608
 45
4.0
292
     0
297
     0
 46
4.0
 94
-1056964608
 47
1.0
 49
1.0
140
1.0
293
     1
141
0.0
294
     1
177
     0
142
1.0
295
     0
296
     0
143
3.75
271
     0
272
     9
273
     9
298
     0
  0
MLINESTYLE
  5
18
102
{ACAD_REACTORS
330
17
102
}
330
17
100
AcDbMlineStyle
  2
STANDARD
 70
     0
  3

 62
   256
 51
90.0
 52
90.0
 71
     2
 49
0.5
 62
   256
  6
BYLAYER
 49
-0.5
 62
   256
  6
BYLAYER
  0
ACDBPLACEHOLDER
  5
F
102
{ACAD_REACTORS
330
E
102
}
330
E
  0
SCALE
  5
10D
102
{ACAD_REACTORS
330
10C
102
}
330
10C
100
AcDbScale
 70
     0
300
1:1
140
1.0
141
1.0
290
     1
  0
SCALE
  5
1BE
102
{ACAD_REACTORS
330
10C
102
}
330
10C
100
AcDbScale
 70
     0
300
1:2
140
1.0
141
2.0
290
     0
  0
SCALE
  5
1BF
102
{ACAD_REACTORS
330
10C
102
}
330
10C
100
AcDbScale
 70
     0
300
1:4
140
1.0
141
4.0
290
     0
  0
SCALE
  5
1C0
102
{ACAD_REACTORS
330
10C
102
}
330
10C
100
AcDbScale
 70
     0
300
1:5
140
1.0
141
5.0
290
     0
  0
SCALE
  5
1C1
102
{ACAD_REACTORS
330
10C
102
}
330
10C
100
AcDbScale
 70
     0
300
1:8
140
1.0
141
8.0
290
     0
  0
SCALE
  5
1C2
102
{ACAD_REACTORS
330
10C
102
}
330
10C
100
AcDbScale
 70
     0
300
1:10
140
1.0
141
10.0
290
     0
  0
SCALE
  5
1C3
102
{ACAD_REACTORS
330
10C
102
}
330
10C
100
AcDbScale
 70
     0
300
1:16
140
1.0
141
16.0
290
     0
  0
SCALE
  5
1C4
102
{ACAD_REACTORS
330
10C
102
}
330
10C
100
AcDbScale
 70
     0
300
1:20
140
1.0
141
20.0
290
     0
  0
SCALE
  5
1C5
102
{ACAD_REACTORS
330
10C
102
}
330
10C
100
AcDbScale
 70
     0
300
1:30
140
1.0
141
30.0
290
     0
  0
SCALE
  5
1C6
102
{ACAD_REACTORS
330
10C
102
}
330
10C
100
AcDbScale
 70
     0
300
1:40
140
1.0
141
40.0
290
     0
  0
SCALE
  5
1C7
102
{ACAD_REACTORS
330
10C
102
}
330
10C
100
AcDbScale
 70
     0
300
1:50
140
1.0
141
50.0
290
     0
  0
SCALE
  5
1C8
102
{ACAD_REACTORS
330
10C
102
}
330
10C
100
AcDbScale
 70
     0
300
1:100
140
1.0
141
100.0
290
     0
  0
SCALE
  5
1C9
102
{ACAD_REACTORS
330
10C
102
}
330
10C
100
AcDbScale
 70
     0
300
2:1
140
2.0
141
1.0
290
     0
  0
SCALE
  5
1CA
102
{ACAD_REACTORS
330
10C
102
}
330
10C
100
AcDbScale
 70
     0
300
4:1
140
4.0
141
1.0
290
     0
  0
SCALE
  5
1CB
102
{ACAD_REACTORS
330
10C
102
}
330
10C
100
AcDbScale
 70
     0
300
8:1
140
8.0
141
1.0
290
     0
  0
SCALE
  5
1CC
102
{ACAD_REACTORS
330
10C
102
}
330
10C
100
AcDbScale
 70
     0
300
10:1
140
10.0
141
1.0
290
     0
  0
SCALE
  5
1CD
102
{ACAD_REACTORS
330
10C
102
}
330
10C
100
AcDbScale
 70
     0
300
100:1
140
100.0
141
1.0
290
     0
  0
ACDBSECTIONVIEWSTYLE
  5
21A
102
{ACAD_REACTORS
330
219
102
}
330
219
100
AcDbModelDocViewStyle
 70
     0
  3
Metric50
290
     0
300
Metric50
 90
        0
100
AcDbSectionViewStyle
 70
     0
 71
     0
 90
      102
 71
     1
340
11
 62
   256
 40
5.0
340
0
340
0
 62
   256
 40
5.0
300
I, O, Q, S, X, Z
 40
10.0
 90
        0
 40
2.5
 90
        0
 71
     2
340
16
 90
       25
 62
   256
340
16
 90
       50
 62
   256
 40
5.0
 40
2.5
 40
5.0
 71
     3
340
11
 62
   256
 40
5.0
 90
        0
 40
15.0
 90
        1
300
%<\AcVar ViewSectionStartId>%-%<\AcVar ViewSectionEndId>% (%<\AcVar ViewScale \f "%sn">%)
 71
     4
 62
   256
 62
   257
300
ANSI31
 40
1.0
 90
        0
290
     0
290
     0
 90
        6
 40
0.0
 40
1.570796326794896
 40
0.2617993877991494
 40
1.308996938995747
 40
-0.2617993877991494
 40
1.832595714594044
  0
TABLESTYLE
  5
7F
102
{ACAD_XDICTIONARY
360
162
102
}
102
{ACAD_REACTORS
330
7E
102
}
330
7E
100
AcDbTableStyle
280
     0
  3
Standard
 70
     0
 71
     0
 40
1.5
 41
1.5
280
     0
281
     0
  7
Standard
140
4.5
170
     2
 62
     0
 63
     7
283
     0
 90
      512
 91
        0
  1

274
    -2
284
     1
 64
     0
275
    -2
285
     1
 65
     0
276
    -2
286
     1
 66
     0
277
    -2
287
     1
 67
     0
278
    -2
288
     1
 68
     0
279
    -2
289
     1
 69
     0
  7
Standard
140
6.0
170
     5
 62
     0
 63
     7
283
     0
 90
      512
 91
        0
  1

274
    -2
284
     1
 64
     0
275
    -2
285
     1
 65
     0
276
    -2
286
     1
 66
     0
277
    -2
287
     1
 67
     0
278
    -2
288
     1
 68
     0
279
    -2
289
     1
 69
     0
  7
Standard
140
4.5
170
     5
 62
     0
 63
     7
283
     0
 90
      512
 91
        0
  1

274
    -2
284
     1
 64
     0
275
    -2
285
     1
 65
     0
276
    -2
286
     1
 66
     0
277
    -2
287
     1
 67
     0
278
    -2
288
     1
 68
     0
279
    -2
289
     1
 69
     0
  0
VISUALSTYLE
  5
F5
102
{ACAD_REACTORS
330
EF
102
}
330
EF
100
AcDbVisualStyle
  2
2dWireframe
 70
     4
177
     3
291
     0
 70
    58
 90
        0
176
     1
 90
        2
176
     1
 90
        1
176
     1
 90
        0
176
     1
 40
0.6
176
     1
 40
30.0
176
     1
 62
     7
420
 16777215
176
     1
 90
        1
176
     1
 90
        4
176
     1
 62
     7
176
     1
 62
   257
176
     1
 90
        1
176
     1
 90
        1
176
     1
 40
1.0
176
     1
 90
        0
176
     1
 62
   257
176
     1
 40
1.0
176
     1
 90
        1
176
     1
 90
        6
176
     1
 90
        2
176
     1
 62
     7
176
     1
 90
        5
176
     1
 90
        0
176
     1
 90
        0
176
     1
290
     0
176
     1
 90
        1
176
     1
 40
0.0
176
     1
 90
        0
176
     1
290
     1
176
     1
290
     1
176
     1
290
     0
176
     1
290
     0
176
     1
290
     0
176
     1
290
     0
176
     1
290
     0
176
     1
290
     0
176
     1
290
     0
176
     1
 90
       50
176
     1
 40
0.0
176
     1
 40
1.0
176
     1
 90
        0
176
     1
 62
    18
176
     1
 90
       50
176
     1
 90
        3
176
     1
 62
     5
420
      255
176
     1
290
     0
176
     1
 90
       50
176
     1
 90
       50
176
     1
 90
       50
176
     1
290
     0
176
     1
 90
       50
176
     1
 62
   256
176
     0
 40
1.0
176
     0
 90
        2
176
     1
  1
strokes_ogs.tif
176
     1
290
     0
176
     1
 40
1.0
176
     1
 40
1.0
176
     1
  0
VISUALSTYLE
  5
F4
102
{ACAD_REACTORS
330
EF
102
}
330
EF
100
AcDbVisualStyle
  2
Basic
 70
     7
177
     3
291
     1
 70
    58
 90
        1
176
     1
 90
        0
176
     1
 90
        1
176
     1
 90
        0
176
     1
 40
0.6
176
     1
 40
30.0
176
     1
 62
     7
420
 16777215
176
     1
 90
        0
176
     1
 90
        4
176
     1
 62
     7
176
     1
 62
   257
176
     1
 90
        1
176
     1
 90
        1
176
     1
 40
1.0
176
     1
 90
        8
176
     1
 62
     7
176
     1
 40
1.0
176
     1
 90
        1
176
     1
 90
        6
176
     1
 90
        2
176
     1
 62
     7
176
     1
 90
        5
176
     1
 90
        0
176
     1
 90
        0
176
     1
290
     0
176
     1
 90
        1
176
     1
 40
0.0
176
     1
 90
        0
176
     1
290
     0
176
     1
290
     1
176
     1
290
     1
176
     1
290
     0
176
     1
290
     0
176
     1
290
     0
176
     1
290
     0
176
     1
290
     0
176
     1
290
     0
176
     1
 90
       50
176
     1
 40
0.0
176
     1
 40
1.0
176
     1
 90
        0
176
     1
 62
    18
176
     1
 90
       50
176
     1
 90
        3
176
     1
 62
     5
420
      255
176
     1
290
     0
176
     1
 90
       50
176
     1
 90
       50
176
     1
 90
       50
176
     1
290
     0
176
     1
 90
       50
176
     1
 62
   256
176
     0
 40
1.0
176
     0
 90
        2
176
     1
  1
strokes_ogs.tif
176
     1
290
     0
176
     1
 40
1.0
176
     1
 40
1.0
176
     1
  0
VISUALSTYLE
  5
FB
102
{ACAD_REACTORS
330
EF
102
}
330
EF
100
AcDbVisualStyle
  2
Brighten
 70
    12
177
     3
291
     1
 70
    58
 90
        2
176
     1
 90
        2
176
     1
 90
        1
176
     1
 90
        0
176
     1
 40
0.6
176
     1
 40
30.0
176
     1
 62
     7
420
 16777215
176
     1
 90
        1
176
     1
 90
        4
176
     1
 62
     7
176
     1
 62
   257
176
     1
 90
        1
176
     1
 90
        1
176
     1
 40
1.0
176
     1
 90
        8
176
     1
 62
     7
176
     1
 40
1.0
176
     1
 90
        1
176
     1
 90
        6
176
     1
 90
        2
176
     1
 62
     7
176
     1
 90
        5
176
     1
 90
        0
176
     1
 90
        0
176
     1
290
     0
176
     1
 90
        1
176
     1
 40
50.0
176
     1
 90
        0
176
     1
290
     0
176
     1
290
     1
176
     1
290
     1
176
     1
290
     0
176
     1
290
     0
176
     1
290
     0
176
     1
290
     0
176
     1
290
     0
176
     1
290
     0
176
     1
 90
       50
176
     1
 40
0.0
176
     1
 40
1.0
176
     1
 90
        0
176
     1
 62
    18
176
     1
 90
       50
176
     1
 90
        3
176
     1
 62
     5
420
      255
176
     1
290
     0
176
     1
 90
       50
176
     1
 90
       50
176
     1
 90
       50
176
     1
290
     0
176
     1
 90
       50
176
     1
 62
   256
176
     0
 40
1.0
176
     0
 90
        2
176
     1
  1
strokes_ogs.tif
176
     1
290
     0
176
     1
 40
1.0
176
     1
 40
1.0
176
     1
  0
VISUALSTYLE
  5
FF
102
{ACAD_REACTORS
330
EF
102
}
330
EF
100
AcDbVisualStyle
  2
ColorChange
 70
    16
177
     3
291
     1
 70
    58
 90
        2
176
     1
 90
        2
176
     1
 90
        3
176
     1
 90
        0
176
     1
 40
0.6
176
     1
 40
30.0
176
     1
 62
     8
420
  8421504
176
     1
 90
        1
176
     1
 90
        4
176
     1
 62
     7
176
     1
 62
   257
176
     1
 90
        1
176
     1
 90
        1
176
     1
 40
1.0
176
     1
 90
        8
176
     1
 62
     8
420
  8421504
176
     1
 40
1.0
176
     1
 90
        1
176
     1
 90
        6
176
     1
 90
        2
176
     1
 62
     7
176
     1
 90
        5
176
     1
 90
        0
176
     1
 90
        0
176
     1
290
     0
176
     1
 90
        1
176
     1
 40
0.0
176
     1
 90
        0
176
     1
290
     0
176
     1
290
     1
176
     1
290
     1
176
     1
290
     0
176
     1
290
     0
176
     1
290
     0
176
     1
290
     0
176
     1
290
     0
176
     1
290
     0
176
     1
 90
       50
176
     1
 40
0.0
176
     1
 40
1.0
176
     1
 90
        0
176
     1
 62
    18
176
     1
 90
       50
176
     1
 90
        3
176
     1
 62
     5
420
      255
176
     1
290
     0
176
     1
 90
       50
176
     1
 90
       50
176
     1
 90
       50
176
     1
290
     0
176
     1
 90
       50
176
     1
 62
   256
176
     0
 40
1.0
176
     0
 90
        2
176
     1
  1
strokes_ogs.tif
176
     1
290
     0
176
     1
 40
1.0
176
     1
 40
1.0
176
     1
  0
VISUALSTYLE
  5
F8
102
{ACAD_REACTORS
330
EF
102
}
330
EF
100
AcDbVisualStyle
  2
Conceptual
 70
     9
177
     3
291
     0
 70
    58
 90
        3
176
     1
 90
        2
176
     1
 90
        1
176
     1
 90
        0
176
     1
 40
0.6
176
     1
 40
30.0
176
     1
 62
     7
420
 16777215
176
     1
 90
        2
176
     1
 90
        2
176
     1
 62
     7
176
     1
 62
   257
176
     1
 90
        1
176
     1
 90
        1
176
     1
 40
40.0
176
     1
 90
        8
176
     1
 62
     7
176
     1
 40
1.0
176
     1
 90
        1
176
     1
 90
        6
176
     1
 90
        2
176
     1
 62
     7
176
     1
 90
        3
176
     1
 90
        0
176
     1
 90
        0
176
     1
290
     0
176
     1
 90
        1
176
     1
 40
0.0
176
     1
 90
        0
176
     1
290
     0
176
     1
290
     1
176
     1
290
     1
176
     1
290
     0
176
     1
290
     0
176
     1
290
     0
176
     1
290
     0
176
     1
290
     0
176
     1
290
     0
176
     1
 90
       50
176
     1
 40
0.0
176
     1
 40
1.0
176
     1
 90
        0
176
     1
 62
    18
176
     1
 90
       50
176
     1
 90
        3
176
     1
 62
     5
420
      255
176
     1
290
     0
176
     1
 90
       50
176
     1
 90
       50
176
     1
 90
       50
176
     1
290
     0
176
     1
 90
       50
176
     1
 62
   256
176
     0
 40
1.0
176
     0
 90
        2
176
     1
  1
strokes_ogs.tif
176
     1
290
     0
176
     1
 40
1.0
176
     1
 40
1.0
176
     1
  0
VISUALSTYLE
  5
FA
102
{ACAD_REACTORS
330
EF
102
}
330
EF
100
AcDbVisualStyle
  2
Dim
 70
    11
177
     3
291
     1
 70
    58
 90
        2
176
     1
 90
        2
176
     1
 90
        1
176
     1
 90
        0
176
     1
 40
0.6
176
     1
 40
30.0
176
     1
 62
     7
420
 16777215
176
     1
 90
        1
176
     1
 90
        4
176
     1
 62
     7
176
     1
 62
   257
176
     1
 90
        1
176
     1
 90
        1
176
     1
 40
1.0
176
     1
 90
        8
176
     1
 62
     7
176
     1
 40
1.0
176
     1
 90
        1
176
     1
 90
        6
176
     1
 90
        2
176
     1
 62
     7
176
     1
 90
        5
176
     1
 90
        0
176
     1
 90
        0
176
     1
290
     0
176
     1
 90
        1
176
     1
 40
-50.0
176
     1
 90
        0
176
     1
290
     0
176
     1
290
     1
176
     1
290
     1
176
     1
290
     0
176
     1
290
     0
176
     1
290
     0
176
     1
290
     0
176
     1
290
     0
176
     1
290
     0
176
     1
 90
       50
176
     1
 40
0.0
176
     1
 40
1.0
176
     1
 90
        0
176
     1
 62
    18
176
     1
 90
       50
176
     1
 90
        3
176
     1
 62
     5
420
      255
176
     1
290
     0
176
     1
 90
       50
176
     1
 90
       50
176
     1
 90
       50
176
     1
290
     0
176
     1
 90
       50
176
     1
 62
   256
176
     0
 40
1.0
176
     0
 90
        2
176
     1
  1
strokes_ogs.tif
176
     1
290
     0
176
     1
 40
1.0
176
     1
 40
1.0
176
     1
  0
VISUALSTYLE
  5
1E6
102
{ACAD_REACTORS
330
EF
102
}
330
EF
100
AcDbVisualStyle
  2
EdgeColorOff
 70
    22
177
     3
291
     1
 70
    58
 90
        2
176
     0
 90
        2
176
     0
 90
        0
176
     0
 90
        0
176
     0
 40
0.6
176
     0
 40
30.0
176
     0
 62
     7
420
 16777215
176
     0
 90
        1
176
     0
 90
        4
176
     0
 62
     7
176
     0
 62
   257
176
     0
 90
        1
176
     0
 90
        1
176
     0
 40
1.0
176
     0
 90
        8
176
     2
 62
     7
176
     0
 40
1.0
176
     0
 90
        1
176
     0
 90
        6
176
     0
 90
        2
176
     0
 62
     7
176
     0
 90
        5
176
     0
 90
        0
176
     0
 90
        0
176
     0
290
     0
176
     0
 90
        1
176
     0
 40
0.0
176
     0
 90
        0
176
     0
290
     0
176
     1
290
     1
176
     1
290
     1
176
     1
290
     0
176
     1
290
     0
176
     1
290
     0
176
     1
290
     0
176
     1
290
     0
176
     1
290
     0
176
     1
 90
       50
176
     1
 40
0.0
176
     1
 40
1.0
176
     1
 90
        0
176
     1
 62
    18
176
     1
 90
       50
176
     1
 90
        3
176
     1
 62
     5
420
      255
176
     1
290
     0
176
     1
 90
       50
176
     1
 90
       50
176
     1
 90
       50
176
     1
290
     0
176
     1
 90
       50
176
     1
 62
   256
176
     0
 40
1.0
176
     0
 90
        2
176
     1
  1
strokes_ogs.tif
176
     1
290
     0
176
     1
 40
1.0
176
     1
 40
1.0
176
     1
  0
VISUALSTYLE
  5
FE
102
{ACAD_REACTORS
330
EF
102
}
330
EF
100
AcDbVisualStyle
  2
Facepattern
 70
    15
177
     3
291
     1
 70
    58
 90
        2
176
     1
 90
        2
176
     1
 90
        1
176
     1
 90
        0
176
     1
 40
0.6
176
     1
 40
30.0
176
     1
 62
     7
420
 16777215
176
     1
 90
        1
176
     1
 90
        4
176
     1
 62
     7
176
     1
 62
   257
176
     1
 90
        1
176
     1
 90
        1
176
     1
 40
1.0
176
     1
 90
        8
176
     1
 62
     7
176
     1
 40
1.0
176
     1
 90
        1
176
     1
 90
        6
176
     1
 90
        2
176
     1
 62
     7
176
     1
 90
        5
176
     1
 90
        0
176
     1
 90
        0
176
     1
290
     0
176
     1
 90
        1
176
     1
 40
0.0
176
     1
 90
        0
176
     1
290
     0
176
     1
290
     1
176
     1
290
     1
176
     1
290
     0
176
     1
290
     0
176
     1
290
     0
176
     1
290
     0
176
     1
290
     0
176
     1
290
     0
176
     1
 90
       50
176
     1
 40
0.0
176
     1
 40
1.0
176
     1
 90
        0
176
     1
 62
    18
176
     1
 90
       50
176
     1
 90
        3
176
     1
 62
     5
420
      255
176
     1
290
     0
176
     1
 90
       50
176
     1
 90
       50
176
     1
 90
       50
176
     1
290
     0
176
     1
 90
       50
176
     1
 62
   256
176
     0
 40
1.0
176
     0
 90
        2
176
     1
  1
strokes_ogs.tif
176
     1
290
     0
176
     1
 40
1.0
176
     1
 40
1.0
176
     1
  0
VISUALSTYLE
  5
F0
102
{ACAD_REACTORS
330
EF
102
}
330
EF
100
AcDbVisualStyle
  2
Flat
 70
     0
177
     3
291
     1
 70
    58
 90
        2
176
     1
 90
        1
176
     1
 90
        1
176
     1
 90
        2
176
     1
 40
0.6
176
     1
 40
30.0
176
     1
 62
     7
420
 16777215
176
     1
 90
        0
176
     1
 90
        0
176
     1
 62
     7
176
     1
 62
   257
176
     1
 90
        1
176
     1
 90
        1
176
     1
 40
1.0
176
     1
 90
        8
176
     1
 62
     7
176
     1
 40
1.0
176
     1
 90
        1
176
     1
 90
        6
176
     1
 90
        2
176
     1
 62
     7
176
     1
 90
        5
176
     1
 90
        0
176
     1
 90
        0
176
     1
290
     0
176
     1
 90
       13
176
     1
 40
0.0
176
     1
 90
        0
176
     1
290
     0
176
     1
290
     1
176
     1
290
     1
176
     1
290
     0
176
     1
290
     0
176
     1
290
     0
176
     1
290
     0
176
     1
290
     0
176
     1
290
     0
176
     1
 90
       50
176
     1
 40
0.0
176
     1
 40
1.0
176
     1
 90
        0
176
     1
 62
    18
176
     1
 90
       50
176
     1
 90
        3
176
     1
 62
     5
420
      255
176
     1
290
     0
176
     1
 90
       50
176
     1
 90
       50
176
     1
 90
       50
176
     1
290
     0
176
     1
 90
       50
176
     1
 62
   256
176
     0
 40
1.0
176
     0
 90
        2
176
     1
  1
strokes_ogs.tif
176
     1
290
     0
176
     1
 40
1.0
176
     1
 40
1.0
176
     1
  0
VISUALSTYLE
  5
F1
102
{ACAD_REACTORS
330
EF
102
}
330
EF
100
AcDbVisualStyle
  2
FlatWithEdges
 70
     1
177
     3
291
     1
 70
    58
 90
        2
176
     1
 90
        1
176
     1
 90
        1
176
     1
 90
        2
176
     1
 40
0.6
176
     1
 40
30.0
176
     1
 62
     7
420
 16777215
176
     1
 90
        1
176
     1
 90
        0
176
     1
 62
     7
176
     1
 62
   257
176
     1
 90
        1
176
     1
 90
        1
176
     1
 40
1.0
176
     1
 90
        0
176
     1
 62
   257
176
     1
 40
1.0
176
     1
 90
        1
176
     1
 90
        6
176
     1
 90
        2
176
     1
 62
     7
176
     1
 90
        5
176
     1
 90
        0
176
     1
 90
        0
176
     1
290
     0
176
     1
 90
       13
176
     1
 40
0.0
176
     1
 90
        0
176
     1
290
     0
176
     1
290
     1
176
     1
290
     1
176
     1
290
     0
176
     1
290
     0
176
     1
290
     0
176
     1
290
     0
176
     1
290
     0
176
     1
290
     0
176
     1
 90
       50
176
     1
 40
0.0
176
     1
 40
1.0
176
     1
 90
        0
176
     1
 62
    18
176
     1
 90
       50
176
     1
 90
        3
176
     1
 62
     5
420
      255
176
     1
290
     0
176
     1
 90
       50
176
     1
 90
       50
176
     1
 90
       50
176
     1
290
     0
176
     1
 90
       50
176
     1
 62
   256
176
     0
 40
1.0
176
     0
 90
        2
176
     1
  1
strokes_ogs.tif
176
     1
290
     0
176
     1
 40
1.0
176
     1
 40
1.0
176
     1
  0
VISUALSTYLE
  5
F2
102
{ACAD_REACTORS
330
EF
102
}
330
EF
100
AcDbVisualStyle
  2
Gouraud
 70
     2
177
     3
291
     1
 70
    58
 90
        2
176
     1
 90
        2
176
     1
 90
        1
176
     1
 90
        2
176
     1
 40
0.6
176
     1
 40
30.0
176
     1
 62
     7
420
 16777215
176
     1
 90
        0
176
     1
 90
        0
176
     1
 62
     7
176
     1
 62
   257
176
     1
 90
        1
176
     1
 90
        1
176
     1
 40
1.0
176
     1
 90
        0
176
     1
 62
     7
176
     1
 40
1.0
176
     1
 90
        1
176
     1
 90
        6
176
     1
 90
        2
176
     1
 62
     7
176
     1
 90
        5
176
     1
 90
        0
176
     1
 90
        0
176
     1
290
     0
176
     1
 90
       13
176
     1
 40
0.0
176
     1
 90
        0
176
     1
290
     0
176
     1
290
     1
176
     1
290
     1
176
     1
290
     0
176
     1
290
     0
176
     1
290
     0
176
     1
290
     0
176
     1
290
     0
176
     1
290
     0
176
     1
 90
       50
176
     1
 40
0.0
176
     1
 40
1.0
176
     1
 90
        0
176
     1
 62
    18
176
     1
 90
       50
176
     1
 90
        3
176
     1
 62
     5
420
      255
176
     1
290
     0
176
     1
 90
       50
176
     1
 90
       50
176
     1
 90
       50
176
     1
290
     0
176
     1
 90
       50
176
     1
 62
   256
176
     0
 40
1.0
176
     0
 90
        2
176
     1
  1
strokes_ogs.tif
176
     1
290
     0
176
     1
 40
1.0
176
     1
 40
1.0
176
     1
  0
VISUALSTYLE
  5
F3
102
{ACAD_REACTORS
330
EF
102
}
330
EF
100
AcDbVisualStyle
  2
GouraudWithEdges
 70
     3
177
     3
291
     1
 70
    58
 90
        2
176
     1
 90
        2
176
     1
 90
        1
176
     1
 90
        2
176
     1
 40
0.6
176
     1
 40
30.0
176
     1
 62
     7
420
 16777215
176
     1
 90
        1
176
     1
 90
        0
176
     1
 62
     7
176
     1
 62
   257
176
     1
 90
        1
176
     1
 90
        1
176
     1
 40
1.0
176
     1
 90
        0
176
     1
 62
   257
176
     1
 40
1.0
176
     1
 90
        1
176
     1
 90
        6
176
     1
 90
        2
176
     1
 62
     7
176
     1
 90
        5
176
     1
 90
        0
176
     1
 90
        0
176
     1
290
     0
176
     1
 90
       13
176
     1
 40
0.0
176
     1
 90
        0
176
     1
290
     0
176
     1
290
     1
176
     1
290
     1
176
     1
290
     0
176
     1
290
     0
176
     1
290
     0
176
     1
290
     0
176
     1
290
     0
176
     1
290
     0
176
     1
 90
       50
176
     1
 40
0.0
176
     1
 40
1.0
176
     1
 90
        0
176
     1
 62
    18
176
     1
 90
       50
176
     1
 90
        3
176
     1
 62
     5
420
      255
176
     1
290
     0
176
     1
 90
       50
176
     1
 90
       50
176
     1
 90
       50
176
     1
290
     0
176
     1
 90
       50
176
     1
 62
   256
176
     0
 40
1.0
176
     0
 90
        2
176
     1
  1
strokes_ogs.tif
176
     1
290
     0
176
     1
 40
1.0
176
     1
 40
1.0
176
     1
  0
VISUALSTYLE
  5
F7
102
{ACAD_REACTORS
330
EF
102
}
330
EF
100
AcDbVisualStyle
  2
Hidden
 70
     6
177
     3
291
     0
 70
    58
 90
        1
176
     1
 90
        2
176
     1
 90
        2
176
     1
 90
        0
176
     1
 40
0.6
176
     1
 40
30.0
176
     1
 62
     7
420
 16777215
176
     1
 90
        2
176
     1
 90
        2
176
     1
 62
     7
176
     1
 62
   257
176
     1
 90
        2
176
     1
 90
        1
176
     1
 40
40.0
176
     1
 90
        0
176
     1
 62
   257
176
     1
 40
1.0
176
     1
 90
        1
176
     1
 90
        6
176
     1
 90
        2
176
     1
 62
     7
176
     1
 90
        3
176
     1
 90
        0
176
     1
 90
        0
176
     1
290
     0
176
     1
 90
        1
176
     1
 40
0.0
176
     1
 90
        0
176
     1
290
     0
176
     1
290
     1
176
     1
290
     1
176
     1
290
     0
176
     1
290
     0
176
     1
290
     0
176
     1
290
     0
176
     1
290
     0
176
     1
290
     0
176
     1
 90
       50
176
     1
 40
0.0
176
     1
 40
1.0
176
     1
 90
        0
176
     1
 62
    18
176
     1
 90
       50
176
     1
 90
        3
176
     1
 62
     5
420
      255
176
     1
290
     0
176
     1
 90
       50
176
     1
 90
       50
176
     1
 90
       50
176
     1
290
     0
176
     1
 90
       50
176
     1
 62
   256
176
     0
 40
1.0
176
     0
 90
        2
176
     1
  1
strokes_ogs.tif
176
     1
290
     0
176
     1
 40
1.0
176
     1
 40
1.0
176
     1
  0
VISUALSTYLE
  5
1E4
102
{ACAD_REACTORS
330
EF
102
}
330
EF
100
AcDbVisualStyle
  2
JitterOff
 70
    20
177
     3
291
     1
 70
    58
 90
        2
176
     0
 90
        2
176
     0
 90
        0
176
     0
 90
        0
176
     0
 40
0.6
176
     0
 40
30.0
176
     0
 62
     7
420
 16777215
176
     0
 90
        1
176
     0
 90
        4
176
     0
 62
     7
176
     0
 62
   257
176
     0
 90
        1
176
     0
 90
        1
176
     0
 40
1.0
176
     0
 90
       10
176
     2
 62
     7
176
     0
 40
1.0
176
     0
 90
        1
176
     0
 90
        6
176
     0
 90
        2
176
     0
 62
     7
176
     0
 90
        5
176
     0
 90
        0
176
     0
 90
        0
176
     0
290
     0
176
     0
 90
        1
176
     0
 40
0.0
176
     0
 90
        0
176
     0
290
     0
176
     1
290
     1
176
     1
290
     1
176
     1
290
     0
176
     1
290
     0
176
     1
290
     0
176
     1
290
     0
176
     1
290
     0
176
     1
290
     0
176
     1
 90
       50
176
     1
 40
0.0
176
     1
 40
1.0
176
     1
 90
        0
176
     1
 62
    18
176
     1
 90
       50
176
     1
 90
        3
176
     1
 62
     5
420
      255
176
     1
290
     0
176
     1
 90
       50
176
     1
 90
       50
176
     1
 90
       50
176
     1
290
     0
176
     1
 90
       50
176
     1
 62
   256
176
     0
 40
1.0
176
     0
 90
        2
176
     1
  1
strokes_ogs.tif
176
     1
290
     0
176
     1
 40
1.0
176
     1
 40
1.0
176
     1
  0
VISUALSTYLE
  5
FD
102
{ACAD_REACTORS
330
EF
102
}
330
EF
100
AcDbVisualStyle
  2
Linepattern
 70
    14
177
     3
291
     1
 70
    58
 90
        2
176
     1
 90
        2
176
     1
 90
        1
176
     1
 90
        0
176
     1
 40
0.6
176
     1
 40
30.0
176
     1
 62
     7
420
 16777215
176
     1
 90
        1
176
     1
 90
        4
176
     1
 62
     7
176
     1
 62
   257
176
     1
 90
        7
176
     1
 90
        7
176
     1
 40
1.0
176
     1
 90
        8
176
     1
 62
     7
176
     1
 40
1.0
176
     1
 90
        1
176
     1
 90
        6
176
     1
 90
        2
176
     1
 62
     7
176
     1
 90
        5
176
     1
 90
        0
176
     1
 90
        0
176
     1
290
     0
176
     1
 90
        1
176
     1
 40
0.0
176
     1
 90
        0
176
     1
290
     0
176
     1
290
     1
176
     1
290
     1
176
     1
290
     0
176
     1
290
     0
176
     1
290
     0
176
     1
290
     0
176
     1
290
     0
176
     1
290
     0
176
     1
 90
       50
176
     1
 40
0.0
176
     1
 40
1.0
176
     1
 90
        0
176
     1
 62
    18
176
     1
 90
       50
176
     1
 90
        3
176
     1
 62
     5
420
      255
176
     1
290
     0
176
     1
 90
       50
176
     1
 90
       50
176
     1
 90
       50
176
     1
290
     0
176
     1
 90
       50
176
     1
 62
   256
176
     0
 40
1.0
176
     0
 90
        2
176
     1
  1
strokes_ogs.tif
176
     1
290
     0
176
     1
 40
1.0
176
     1
 40
1.0
176
     1
  0
VISUALSTYLE
  5
1E5
102
{ACAD_REACTORS
330
EF
102
}
330
EF
100
AcDbVisualStyle
  2
OverhangOff
 70
    21
177
     3
291
     1
 70
    58
 90
        2
176
     0
 90
        2
176
     0
 90
        0
176
     0
 90
        0
176
     0
 40
0.6
176
     0
 40
30.0
176
     0
 62
     7
420
 16777215
176
     0
 90
        1
176
     0
 90
        4
176
     0
 62
     7
176
     0
 62
   257
176
     0
 90
        1
176
     0
 90
        1
176
     0
 40
1.0
176
     0
 90
        9
176
     2
 62
     7
176
     0
 40
1.0
176
     0
 90
        1
176
     0
 90
        6
176
     0
 90
        2
176
     0
 62
     7
176
     0
 90
        5
176
     0
 90
        0
176
     0
 90
        0
176
     0
290
     0
176
     0
 90
        1
176
     0
 40
0.0
176
     0
 90
        0
176
     0
290
     0
176
     1
290
     1
176
     1
290
     1
176
     1
290
     0
176
     1
290
     0
176
     1
290
     0
176
     1
290
     0
176
     1
290
     0
176
     1
290
     0
176
     1
 90
       50
176
     1
 40
0.0
176
     1
 40
1.0
176
     1
 90
        0
176
     1
 62
    18
176
     1
 90
       50
176
     1
 90
        3
176
     1
 62
     5
420
      255
176
     1
290
     0
176
     1
 90
       50
176
     1
 90
       50
176
     1
 90
       50
176
     1
290
     0
176
     1
 90
       50
176
     1
 62
   256
176
     0
 40
1.0
176
     0
 90
        2
176
     1
  1
strokes_ogs.tif
176
     1
290
     0
176
     1
 40
1.0
176
     1
 40
1.0
176
     1
  0
VISUALSTYLE
  5
F9
102
{ACAD_REACTORS
330
EF
102
}
330
EF
100
AcDbVisualStyle
  2
Realistic
 70
     8
177
     3
291
     0
 70
    58
 90
        2
176
     1
 90
        3
176
     1
 90
        0
176
     1
 90
        2
176
     1
 40
0.6
176
     1
 40
30.0
176
     1
 62
     7
420
 16777215
176
     1
 90
        0
176
     1
 90
        0
176
     1
 62
     7
176
     1
 62
   257
176
     1
 90
        1
176
     1
 90
        1
176
     1
 40
1.0
176
     1
 90
        8
176
     1
 62
   257
176
     1
 40
1.0
176
     1
 90
        1
176
     1
 90
        6
176
     1
 90
        2
176
     1
 62
     7
176
     1
 90
        3
176
     1
 90
        0
176
     1
 90
        0
176
     1
290
     0
176
     1
 90
       13
176
     1
 40
0.0
176
     1
 90
        0
176
     1
290
     0
176
     1
290
     1
176
     1
290
     1
176
     1
290
     0
176
     1
290
     0
176
     1
290
     0
176
     1
290
     0
176
     1
290
     0
176
     1
290
     0
176
     1
 90
       50
176
     1
 40
0.0
176
     1
 40
1.0
176
     1
 90
        0
176
     1
 62
    18
176
     1
 90
       50
176
     1
 90
        3
176
     1
 62
     5
420
      255
176
     1
290
     0
176
     1
 90
       50
176
     1
 90
       50
176
     1
 90
       50
176
     1
290
     0
176
     1
 90
       50
176
     1
 62
   256
176
     0
 40
1.0
176
     0
 90
        2
176
     1
  1
strokes_ogs.tif
176
     1
290
     0
176
     1
 40
1.0
176
     1
 40
1.0
176
     1
  0
VISUALSTYLE
  5
1F3
102
{ACAD_REACTORS
330
EF
102
}
330
EF
100
AcDbVisualStyle
  2
Shaded
 70
    27
177
     3
291
     0
 70
    58
 90
        2
176
     1
 90
        2
176
     1
 90
        1
176
     1
 90
        2
176
     1
 40
0.6
176
     1
 40
30.0
176
     1
 62
     7
420
 16777215
176
     1
 90
        0
176
     1
 90
        4
176
     1
 62
     7
176
     1
 62
   257
176
     1
 90
        1
176
     1
 90
        1
176
     1
 40
1.0
176
     1
 90
        8
176
     1
 62
   257
176
     1
 40
1.0
176
     1
 90
        1
176
     1
 90
        6
176
     1
 90
        2
176
     1
 62
     8
420
  7895160
176
     1
 90
        3
176
     1
 90
        0
176
     1
 90
        0
176
     1
290
     0
176
     1
 90
        5
176
     1
 40
0.0
176
     1
 90
        0
176
     1
290
     0
176
     1
290
     1
176
     1
290
     1
176
     1
290
     0
176
     1
290
     0
176
     1
290
     0
176
     1
290
     0
176
     1
290
     0
176
     1
290
     0
176
     1
 90
       50
176
     1
 40
0.0
176
     1
 40
1.0
176
     1
 90
        0
176
     1
 62
    18
176
     1
 90
       50
176
     1
 90
        3
176
     1
 62
     5
420
      255
176
     1
290
     0
176
     1
 90
       50
176
     1
 90
       50
176
     1
 90
       50
176
     1
290
     0
176
     1
 90
       50
176
     1
 62
   256
176
     0
 40
1.0
176
     0
 90
        2
176
     1
  1
strokes_ogs.tif
176
     1
290
     0
176
     1
 40
1.0
176
     1
 40
1.0
176
     1
  0
VISUALSTYLE
  5
1F2
102
{ACAD_REACTORS
330
EF
102
}
330
EF
100
AcDbVisualStyle
  2
Shaded with edges
 70
    26
177
     3
291
     0
 70
    58
 90
        2
176
     1
 90
        2
176
     1
 90
        1
176
     1
 90
        2
176
     1
 40
0.6
176
     1
 40
30.0
176
     1
 62
     7
420
 16777215
176
     1
 90
        1
176
     1
 90
        2
176
     1
 62
     7
176
     1
 62
   257
176
     1
 90
        2
176
     1
 90
        1
176
     1
 40
1.0
176
     1
 90
        8
176
     1
 62
   257
176
     1
 40
1.0
176
     1
 90
        1
176
     1
 90
        6
176
     1
 90
        2
176
     1
 62
     7
176
     1
 90
        3
176
     1
 90
        0
176
     1
 90
        0
176
     1
290
     0
176
     1
 90
        5
176
     1
 40
0.0
176
     1
 90
        0
176
     1
290
     0
176
     1
290
     1
176
     1
290
     1
176
     1
290
     0
176
     1
290
     0
176
     1
290
     0
176
     1
290
     0
176
     1
290
     0
176
     1
290
     0
176
     1
 90
       50
176
     1
 40
0.0
176
     1
 40
1.0
176
     1
 90
        0
176
     1
 62
    18
176
     1
 90
       50
176
     1
 90
        3
176
     1
 62
     5
420
      255
176
     1
290
     0
176
     1
 90
       50
176
     1
 90
       50
176
     1
 90
       50
176
     1
290
     0
176
     1
 90
       50
176
     1
 62
   256
176
     0
 40
1.0
176
     0
 90
        2
176
     1
  1
strokes_ogs.tif
176
     1
290
     0
176
     1
 40
1.0
176
     1
 40
1.0
176
     1
  0
VISUALSTYLE
  5
1EF
102
{ACAD_REACTORS
330
EF
102
}
330
EF
100
AcDbVisualStyle
  2
Shades of Gray
 70
    23
177
     3
291
     0
 70
    58
 90
        2
176
     1
 90
        2
176
     1
 90
        3
176
     1
 90
        0
176
     1
 40
0.6
176
     1
 40
30.0
176
     1
 62
     7
420
 16777215
176
     1
 90
        2
176
     1
 90
        2
176
     1
 62
     7
176
     1
 62
     7
176
     1
 90
        1
176
     1
 90
        1
176
     1
 40
40.0
176
     1
 90
        8
176
     1
 62
     7
176
     1
 40
1.0
176
     1
 90
        1
176
     1
 90
        6
176
     1
 90
        2
176
     1
 62
     7
176
     1
 90
        3
176
     1
 90
        0
176
     1
 90
        0
176
     1
290
     0
176
     1
 90
        1
176
     1
 40
0.0
176
     1
 90
        0
176
     1
290
     0
176
     1
290
     1
176
     1
290
     1
176
     1
290
     0
176
     1
290
     0
176
     1
290
     0
176
     1
290
     0
176
     1
290
     0
176
     1
290
     0
176
     1
 90
       50
176
     1
 40
0.0
176
     1
 40
1.0
176
     1
 90
        0
176
     1
 62
    18
176
     1
 90
       50
176
     1
 90
        3
176
     1
 62
     5
420
      255
176
     1
290
     0
176
     1
 90
       50
176
     1
 90
       50
176
     1
 90
       50
176
     1
290
     0
176
     1
 90
       50
176
     1
 62
   256
176
     0
 40
1.0
176
     0
 90
        2
176
     1
  1
strokes_ogs.tif
176
     1
290
     0
176
     1
 40
1.0
176
     1
 40
1.0
176
     1
  0
VISUALSTYLE
  5
1F0
102
{ACAD_REACTORS
330
EF
102
}
330
EF
100
AcDbVisualStyle
  2
Sketchy
 70
    24
177
     3
291
     0
 70
    58
 90
        1
176
     1
 90
        2
176
     1
 90
        2
176
     1
 90
        0
176
     1
 40
0.6
176
     1
 40
30.0
176
     1
 62
     7
420
 16777215
176
     1
 90
        2
176
     1
 90
        2
176
     1
 62
     7
176
     1
 62
     7
176
     1
 90
        1
176
     1
 90
        1
176
     1
 40
40.0
176
     1
 90
       11
176
     1
 62
     7
176
     1
 40
1.0
176
     1
 90
        1
176
     1
 90
        6
176
     1
 90
        2
176
     1
 62
     7
176
     1
 90
        6
176
     1
 90
        0
176
     1
 90
        0
176
     1
290
     0
176
     1
 90
        1
176
     1
 40
0.0
176
     1
 90
        0
176
     1
290
     0
176
     1
290
     1
176
     1
290
     1
176
     1
290
     0
176
     1
290
     0
176
     1
290
     0
176
     1
290
     0
176
     1
290
     0
176
     1
290
     0
176
     1
 90
       50
176
     1
 40
0.0
176
     1
 40
1.0
176
     1
 90
        0
176
     1
 62
    18
176
     1
 90
       50
176
     1
 90
        3
176
     1
 62
     5
420
      255
176
     1
290
     0
176
     1
 90
       50
176
     1
 90
       50
176
     1
 90
       50
176
     1
290
     0
176
     1
 90
       50
176
     1
 62
   256
176
     0
 40
1.0
176
     0
 90
        2
176
     1
  1
strokes_ogs.tif
176
     1
290
     0
176
     1
 40
1.0
176
     1
 40
1.0
176
     1
  0
VISUALSTYLE
  5
FC
102
{ACAD_REACTORS
330
EF
102
}
330
EF
100
AcDbVisualStyle
  2
Thicken
 70
    13
177
     3
291
     1
 70
    58
 90
        2
176
     1
 90
        2
176
     1
 90
        1
176
     1
 90
        0
176
     1
 40
0.6
176
     1
 40
30.0
176
     1
 62
     7
420
 16777215
176
     1
 90
        1
176
     1
 90
        4
176
     1
 62
     7
176
     1
 62
   257
176
     1
 90
        1
176
     1
 90
        1
176
     1
 40
1.0
176
     1
 90
       12
176
     1
 62
     7
176
     1
 40
1.0
176
     1
 90
        1
176
     1
 90
        6
176
     1
 90
        2
176
     1
 62
     7
176
     1
 90
        5
176
     1
 90
        0
176
     1
 90
        0
176
     1
290
     0
176
     1
 90
        1
176
     1
 40
0.0
176
     1
 90
        0
176
     1
290
     0
176
     1
290
     1
176
     1
290
     1
176
     1
290
     0
176
     1
290
     0
176
     1
290
     0
176
     1
290
     0
176
     1
290
     0
176
     1
290
     0
176
     1
 90
       50
176
     1
 40
0.0
176
     1
 40
1.0
176
     1
 90
        0
176
     1
 62
    18
176
     1
 90
       50
176
     1
 90
        3
176
     1
 62
     5
420
      255
176
     1
290
     0
176
     1
 90
       50
176
     1
 90
       50
176
     1
 90
       50
176
     1
290
     0
176
     1
 90
       50
176
     1
 62
   256
176
     0
 40
1.0
176
     0
 90
        2
176
     1
  1
strokes_ogs.tif
176
     1
290
     0
176
     1
 40
1.0
176
     1
 40
1.0
176
     1
  0
VISUALSTYLE
  5
F6
102
{ACAD_REACTORS
330
EF
102
}
330
EF
100
AcDbVisualStyle
  2
Wireframe
 70
     5
177
     3
291
     0
 70
    58
 90
        0
176
     1
 90
        2
176
     1
 90
        0
176
     1
 90
        0
176
     1
 40
0.6
176
     1
 40
30.0
176
     1
 62
     7
420
 16777215
176
     1
 90
        1
176
     1
 90
        4
176
     1
 62
     7
176
     1
 62
   257
176
     1
 90
        1
176
     1
 90
        1
176
     1
 40
1.0
176
     1
 90
        0
176
     1
 62
   257
176
     1
 40
1.0
176
     1
 90
        1
176
     1
 90
        6
176
     1
 90
        2
176
     1
 62
     7
176
     1
 90
        3
176
     1
 90
        0
176
     1
 90
        0
176
     1
290
     0
176
     1
 90
        1
176
     1
 40
0.0
176
     1
 90
        0
176
     1
290
     0
176
     1
290
     1
176
     1
290
     1
176
     1
290
     0
176
     1
290
     0
176
     1
290
     0
176
     1
290
     0
176
     1
290
     0
176
     1
290
     0
176
     1
 90
       50
176
     1
 40
0.0
176
     1
 40
1.0
176
     1
 90
        0
176
     1
 62
    18
176
     1
 90
       50
176
     1
 90
        3
176
     1
 62
     5
420
      255
176
     1
290
     0
176
     1
 90
       50
176
     1
 90
       50
176
     1
 90
       50
176
     1
290
     0
176
     1
 90
       50
176
     1
 62
   256
176
     0
 40
1.0
176
     0
 90
        2
176
     1
  1
strokes_ogs.tif
176
     1
290
     0
176
     1
 40
1.0
176
     1
 40
1.0
176
     1
  0
VISUALSTYLE
  5
1F1
102
{ACAD_REACTORS
330
EF
102
}
330
EF
100
AcDbVisualStyle
  2
X-Ray
 70
    25
177
     3
291
     0
 70
    58
 90
        2
176
     1
 90
        2
176
     1
 90
        1
176
     1
 90
        1
176
     1
 40
0.5
176
     1
 40
30.0
176
     1
 62
     7
420
 16777215
176
     1
 90
        1
176
     1
 90
        0
176
     1
 62
     7
176
     1
 62
   257
176
     1
 90
        1
176
     1
 90
        1
176
     1
 40
1.0
176
     1
 90
        8
176
     1
 62
     7
176
     1
 40
1.0
176
     1
 90
        1
176
     1
 90
        6
176
     1
 90
        2
176
     1
 62
     7
176
     1
 90
        3
176
     1
 90
        0
176
     1
 90
        0
176
     1
290
     0
176
     1
 90
       13
176
     1
 40
0.0
176
     1
 90
        0
176
     1
290
     0
176
     1
290
     1
176
     1
290
     1
176
     1
290
     0
176
     1
290
     0
176
     1
290
     0
176
     1
290
     0
176
     1
290
     0
176
     1
290
     0
176
     1
 90
       50
176
     1
 40
0.0
176
     1
 40
1.0
176
     1
 90
        0
176
     1
 62
    18
176
     1
 90
       50
176
     1
 90
        3
176
     1
 62
     5
420
      255
176
     1
290
     0
176
     1
 90
       50
176
     1
 90
       50
176
     1
 90
       50
176
     1
290
     0
176
     1
 90
       50
176
     1
 62
   256
176
     0
 40
1.0
176
     0
 90
        2
176
     1
  1
strokes_ogs.tif
176
     1
290
     0
176
     1
 40
1.0
176
     1
 40
1.0
176
     1
  0
DICTIONARYVAR
  5
146
102
{ACAD_REACTORS
330
5E
102
}
330
5E
100
DictionaryVariables
280
     0
  1
1:1
  0
DICTIONARYVAR
  5
259
102
{ACAD_REACTORS
330
5E
102
}
330
5E
100
DictionaryVariables
280
     0
  1
3.500000
  0
DICTIONARYVAR
  5
25A
102
{ACAD_REACTORS
330
5E
102
}
330
5E
100
DictionaryVariables
280
     0
  1
acadiso.lin
  0
DICTIONARYVAR
  5
145
102
{ACAD_REACTORS
330
5E
102
}
330
5E
100
DictionaryVariables
280
     0
  1
STANDARD
  0
DICTIONARYVAR
  5
84
102
{ACAD_REACTORS
330
5E
102
}
330
5E
100
DictionaryVariables
280
     0
  1
STANDARD
  0
DICTIONARYVAR
  5
227
102
{ACAD_REACTORS
330
5E
102
}
330
5E
100
DictionaryVariables
280
     0
  1
Metric50
  0
DICTIONARYVAR
  5
228
102
{ACAD_REACTORS
330
5E
102
}
330
5E
100
DictionaryVariables
280
     0
  1
Metric50
  0
DICTIONARYVAR
  5
5F
102
{ACAD_REACTORS
330
5E
102
}
330
5E
100
DictionaryVariables
280
     0
  1
2
  0
DICTIONARYVAR
  5
63
102
{ACAD_REACTORS
330
5E
102
}
330
5E
100
DictionaryVariables
280
     0
  1
1
  0
DICTIONARYVAR
  5
1AE
102
{ACAD_REACTORS
330
5E
102
}
330
5E
100
DictionaryVariables
280
     0
  1
0
  0
DICTIONARYVAR
  5
1AF
102
{ACAD_REACTORS
330
5E
102
}
330
5E
100
DictionaryVariables
280
     0
  1
0
  0
ACDBASSOCNETWORK
  5
1122
102
{ACAD_REACTORS
330
1121
102
}
330
1121
100
AcDbAssocAction
 90
        2
 90
        0
330
9F8
360
0
 90
        2
 90
        0
 90
        0
 90
        0
 90
        0
 90
        0
 90
        0
100
AcDbAssocNetwork
 90
        0
 90
        8
 90
        2
360
10A0
360
10A8
 90
        0
  0
ACDBASSOCNETWORK
  5
1890
102
{ACAD_REACTORS
330
188F
102
}
330
188F
100
AcDbAssocAction
 90
        2
 90
        0
330
9F8
360
0
 90
        3
 90
        0
 90
        0
 90
        0
 90
        0
 90
        0
 90
        0
100
AcDbAssocNetwork
 90
        0
 90
        8
 90
        3
360
1877
360
187F
360
1887
 90
        0
  0
DICTIONARY
  5
205
330
22
100
AcDbDictionary
280
     1
281
     1
  0
DICTIONARY
  5
1F9
330
ED
100
AcDbDictionary
280
     1
281
     1
  3
FBXASSET
360
1FA
  0
DICTIONARY
  5
1F7
330
EC
100
AcDbDictionary
280
     1
281
     1
  3
FBXASSET
360
1F8
  0
DICTIONARY
  5
173
330
EE
100
AcDbDictionary
280
     1
281
     1
  3
BUMPTILE
360
175
  3
DIFFUSETILE
360
174
  3
FBXASSET
360
1FB
  3
OPACITYTILE
360
176
  3
REFLECTIONTILE
360
177
  0
DICTIONARY
  5
162
330
7F
100
AcDbDictionary
280
     1
281
     1
  3
ACAD_ROUNDTRIP_2008_TABLESTYLE_CELLSTYLEMAP
360
1BED
  0
ACDBASSOCACTION
  5
10A0
330
1122
100
AcDbAssocAction
 90
        2
 90
        0
330
1122
360
10A1
 90
        6
 90
        3
 90
        3
360
10A2
360
10A3
360
10A4
 90
        0
 90
        3
360
10A5
360
10A6
360
10A7
 90
        0
 90
        9
 90
        0
  1
AlignItems
 90
        0
 90
        1
 90
        0
330
0
330
0
 90
        0
  1
AxesAngle
 90
        2
 90
        1
 40
1.570796326794896
330
0
330
0
 90
        0
  1
ItemSpacing
 90
        1
 90
        1
 40
10.0
330
0
330
0
 90
        0
  1
Items
 90
        0
 90
        1
 90
        1
330
0
330
0
 90
        0
  1
LevelSpacing
 90
        1
 90
        1
 40
1.5
330
0
330
0
 90
        0
  1
Levels
 90
        0
 90
        1
 90
        1
330
0
330
0
 90
        0
  1
RowElevation
 90
        1
 90
        1
 40
0.0
330
0
330
0
 90
        0
  1
RowSpacing
 90
        1
 90
        1
 40
-10.0
330
0
330
0
 90
        0
  1
Rows
 90
        0
 90
        1
 90
       30
330
0
330
0
  0
ACDBASSOCACTION
  5
10A8
330
1122
100
AcDbAssocAction
 90
        2
 90
        0
330
1122
360
10A9
 90
        5
 90
        3
 90
        3
360
10AA
360
10AB
360
10AC
 90
        0
 90
        3
360
10AD
360
10AE
360
10AF
 90
        0
 90
        9
 90
        0
  1
AlignItems
 90
        0
 90
        1
 90
        0
330
0
330
0
 90
        0
  1
AxesAngle
 90
        2
 90
        1
 40
1.570796326794896
330
0
330
0
 90
        0
  1
ItemSpacing
 90
        1
 90
        1
 40
1.0
330
0
330
0
 90
        0
  1
Items
 90
        0
 90
        1
 90
        1
330
0
330
0
 90
        0
  1
LevelSpacing
 90
        1
 90
        1
 40
1.5
330
0
330
0
 90
        0
  1
Levels
 90
        0
 90
        1
 90
        1
330
0
330
0
 90
        0
  1
RowElevation
 90
        1
 90
        1
 40
0.0
330
0
330
0
 90
        0
  1
RowSpacing
 90
        1
 90
        1
 40
-10.0
330
0
330
0
 90
        0
  1
Rows
 90
        0
 90
        1
 90
       31
330
0
330
0
  0
ACDBASSOCACTION
  5
1877
330
1890
100
AcDbAssocAction
 90
        2
 90
        0
330
1890
360
1878
 90
        8
 90
        3
 90
        3
360
1879
360
187A
360
187B
 90
        0
 90
        3
360
187C
360
187D
360
187E
 90
        0
 90
        9
 90
        0
  1
AlignItems
 90
        0
 90
        1
 90
        0
330
0
330
0
 90
        0
  1
AxesAngle
 90
        2
 90
        1
 40
1.570796326794896
330
0
330
0
 90
        0
  1
ItemSpacing
 90
        1
 90
        1
 40
3.750000001396982
330
0
330
0
 90
        0
  1
Items
 90
        0
 90
        1
 90
        1
330
0
330
0
 90
        0
  1
LevelSpacing
 90
        1
 90
        1
 40
0.8989232161547986
330
0
330
0
 90
        0
  1
Levels
 90
        0
 90
        1
 90
        1
330
0
330
0
 90
        0
  1
RowElevation
 90
        1
 90
        1
 40
0.0
330
0
330
0
 90
        0
  1
RowSpacing
 90
        1
 90
        1
 40
10.0
330
0
330
0
 90
        0
  1
Rows
 90
        0
 90
        1
 90
       31
330
0
330
0
  0
ACDBASSOCACTION
  5
187F
330
1890
100
AcDbAssocAction
 90
        2
 90
        0
330
1890
360
1880
 90
        6
 90
        3
 90
        3
360
1881
360
1882
360
1883
 90
        0
 90
        3
360
1884
360
1885
360
1886
 90
        0
 90
        9
 90
        0
  1
AlignItems
 90
        0
 90
        1
 90
        0
330
0
330
0
 90
        0
  1
AxesAngle
 90
        2
 90
        1
 40
1.570796326794896
330
0
330
0
 90
        0
  1
ItemSpacing
 90
        1
 90
        1
 40
10.0
330
0
330
0
 90
        0
  1
Items
 90
        0
 90
        1
 90
        1
330
0
330
0
 90
        0
  1
LevelSpacing
 90
        1
 90
        1
 40
1.5
330
0
330
0
 90
        0
  1
Levels
 90
        0
 90
        1
 90
        1
330
0
330
0
 90
        0
  1
RowElevation
 90
        1
 90
        1
 40
0.0
330
0
330
0
 90
        0
  1
RowSpacing
 90
        1
 90
        1
 40
-10.0
330
0
330
0
 90
        0
  1
Rows
 90
        0
 90
        1
 90
       30
330
0
330
0
  0
ACDBASSOCACTION
  5
1887
330
1890
100
AcDbAssocAction
 90
        2
 90
        0
330
1890
360
1888
 90
        5
 90
        3
 90
        3
360
1889
360
188A
360
188B
 90
        0
 90
        3
360
188C
360
188D
360
188E
 90
        0
 90
        9
 90
        0
  1
AlignItems
 90
        0
 90
        1
 90
        0
330
0
330
0
 90
        0
  1
AxesAngle
 90
        2
 90
        1
 40
1.570796326794896
330
0
330
0
 90
        0
  1
ItemSpacing
 90
        1
 90
        1
 40
1.0
330
0
330
0
 90
        0
  1
Items
 90
        0
 90
        1
 90
        1
330
0
330
0
 90
        0
  1
LevelSpacing
 90
        1
 90
        1
 40
1.5
330
0
330
0
 90
        0
  1
Levels
 90
        0
 90
        1
 90
        1
330
0
330
0
 90
        0
  1
RowElevation
 90
        1
 90
        1
 40
0.0
330
0
330
0
 90
        0
  1
RowSpacing
 90
        1
 90
        1
 40
-10.0
330
0
330
0
 90
        0
  1
Rows
 90
        0
 90
        1
 90
       31
330
0
330
0
  0
XRECORD
  5
1FA
102
{ACAD_REACTORS
330
1F9
102
}
330
1F9
100
AcDbXrecord
280
     1
 70
     1
 90
429727718
  1
D62C5603-E3A1-4AEA-B7FB-FE5D8D0755AF
310
504B03040A0000080000CC70623B3DEE336E79000000790000001B0000006175746F6465736B2D64657369676E2D7061636B6167652E786D6C3C3F786D6C2076657273696F6E3D22312E302220656E636F64696E673D227574662D3822203F3E3C666F726D6174733E3C666F726D61743E687474703A2F2F736368656D612E
310
6175746F6465736B2E636F6D2F64657369676E2D7061636B6167652F323030393C2F666F726D61743E3C2F666F726D6174733E504B0304140006080800CC70623BD486FD9CA0000000F4000000130000005B436F6E74656E745F54797065735D2E786D6C7D8EC10E82300C865F65E91D8A1E8C310C0EEA1BF002731658846E
310
D98AC1B77784ABF1D8FE5FBFBF75BBCE937A534CCEB38643598122B6FEE978D0B0485F9C41B54DDD7D022595594E1A469170414C76A4D9A4D207E29CF43ECE46F218070CC6BECC4078ACAA135ACF422C856C0E68EA1BF5669944DDD7BCDE7B1F8E415D77AECB980613C2E4AC91FC167A2B244592486606FC29C8FD7F045B9A
310
EF7053A7E60B504B0304140006080800CC70623B853B8169EB0000007C01000008000000636F72652E786D6C8D90416EC3201045AF62CDB6C206821CC7C244919D9CA01740401C94182C03558F5F9C3852BBEB6A467FFE9B197D7EFC9E1EC5975982F5AE035262288C535E5B377690E21535501C055FBC8FBF6C503839990E
310
5619041F179FE64D52DE45E362569DD7661365082642A11EB9E920A89B99642953CC8E702F67A9EE7234257977194EC9EAE275C4EABCCF5EAD5940D4AC6F0E35A568B8F43562CD7046CD199FD07E60174276A7BE677B5EADB0E0D14EEFFB6A31321A0D82627C4084204C3F096B71DD52F6819B16635EADF63F509AF53FA164
310
5DDCD1EDDD17164090FCC8732078B56691CB33A85CD7DCC40F504B0304140006080800CC70623B55019EA25F0000007C00000007000000636E782E786D6C4DCB3B0E80201045D1AD90E915ED2CF8AC45050C11660C8261F98AB1B07AC9C97D42D718D865D3E909258CFD00CCE24AC6E326A164D74DC0B4128928FF32603847
310
2BA13128B1252AC747C6BAB984FC68F0B87FE8960A5C09FE86CFB69FBA01504B0304140006080800CC70623BDBABAAF470010000D40300000C0000006662782F636F72652E786D6CC553D16E823014FD95A6AF4B694182CC941A83FA05FB810A9511A125A5257EFE2E82712ECEB8A7F100CD39F7F69E734AF9FADC366850B6
310
AF8DCE7018308C942E4C59EB2AC3DE1D498AD15A706B8CFB56869196ADCAF00863C12B6B7C374385D14E6907A836A59A41D9F7CA615434B0C8705F7CAA5606D23BA8E84F41278B93AC54100640439DE0BDB320004D43C63716C7C399D30917DCFBBA9CD9BA8469F5B156168B24CED3F7248AC8769F27244EB73B92EED8862C
310
B7F13E0C179B3C8F979C8ECD82BBBABDAA2BAC924E9558448CBD9330242CFA08E3154B5651FCC6D215639C8EE5774DBE2B5F6CF2B5768B68963BB5F5588420E442FC700B1139D4CB01F450C1E918227C2E09DF070D8140C84E1E9AAB8F1340832A9CB13130A5F1376A908D57309505ECF2A0DF179C4E9D30F5B239B87E3823
310
7A79C6F31DE1A8A5AEC08474B03C7837EAE4938639B44E5932B833D2C6B6B279CDC613877FA26EE21F4A2A4C63EC7F29A2F301D1F9F7A0E37D145F504B0304140006080800CC70623B9C113CC27E0000009D0000000B0000006662782F636E782E786D6C4DCCDF0A83201C86E15B91DFB94BFB330DD428C8FB886521330DA7
310
6397BF1A1DECE883878F57749FCDA1B7892F1BBC047A23808C7F84D9FA55424E0BE6803A256208E9EF06C84F9B91703228B1C690F78B66B34CD9A5439DF5CF0BFBF65E35BCA1B8D6A5C6F540381E886698B5741C695F9503EBA150A2F8958E3DC3EA0B504B0304140006080800CC70623B7DF2F77C2A010000120200003100
310
00006662782F41393633353835312D344632462D344230382D423046372D3739314545314133324237412F636F72652E786D6C8D51DB8EC22014FC15C2939B0D2DB4B45643319AE817EC0F6041255A68B86CFCFC856D4D76DF7CE190393373060EDB3DC707F856CE6B6B7A480A0C81328395DA5C7B18C3057510EC3873D686
310
3F34088C18550F330C39BB3A1BA7051AAC09CA84841A2BD5020AEF55806078A44B0FFD7053A328440C89E1EFC52486BBB8AA8214A99D789CF9E05200300FC927E4FB4D5B375D43103D5527440FB843077C5AA3F5861C8F645F5787F59E95B390B318B55CE45AA638FAA2957BD7248B390B7A7CC51F9C124149C82B8C378810
310
84AB2F42B7B8DD56F413775B8C5999E9FF4471926F8AA236A1AE96B8B3CC434E5839373893369E1FAF30EA395917409EB7F26AF8801C171837A4A6AC9C89E9F9C9B1A58BA30FD6A5EF5DDDCF894B9AD9B6A59C957943A9FCAE2FD5BC4DFE03504B0304140006080800CC70623BAD7543B64E01000033030000300000006662
310
782F41393633353835312D344632462D344230382D423046372D3739314545314133324237412F636E782E786D6CD593CD6EC32010845F0571AD6CE3D48AD20813A9873E410FBD12D82434182C7EAAE6EDBB2424CD25871E7B41D6EC30B3FA84F9E67BB2E40B4234DE8DB46F1925E094D7C6ED479AD3AE5951B2113C789FEE
310
6C943839C1488B4C05DF079FE72A69D8C96C13AAD6B8631503449F83828872B949AC57D26200B826A308D316B4064D6E46FCDA41C05550DC9E483A00797BFD207EFB092A45DE9514C1BBD22178396BD39D891265658C238DEA00936C654E5E433CB65A26D9F6EDB5EBC14EBF49A45CB856E66048291F6939A9A81BB5C89177
310
38143CA680F4AA299D66A042CEB3354A2684DC9D8D178FE0D9B8B41CAAD720F880EE7EF93C0C18769E099ECC04D5A102C8049A8A05632F4DDF376CF1DE0F6BB65C2F8627B65A33C6BB62177CEBBDAD973006829F89F22E814B54F4BC2BE347F8AA8F681390B50FA73F804400B5F542E796F19FF974E7F78DB802FE05E20750
310
4B0304140006080800CC70623BE75B7789680500003C100000340000006662782F41393633353835312D344632462D344230382D423046372D3739314545314133324237412F6F626A656374732E786D6CAD575B8F9B3818FD2B887D06C22499CB8AA1CA655245D5B455A356FB305264C061D8018C6C3393D95FBFC7600890
310
A4CD5EF210B0B1BFEBF98E3F7B1FF6596ABC522E1296DF9BAE3D320D9A872C4AF2F8DE2CE5CEBA358D0FBEC719939D65A691938CDE9B6ADAF4BD98B3B2D05311DD91329583D9D5FC0F438434A7A611A644887B5384CF34233629258BA878B12322891DEFF6B66BD70BFB62634E8AE781D082709A4B588AF91C528CDA28B73F
310
1C998EEF39EABBEFA97FBD6A7C7E9553F9D3D79FE442923C3C523610337627CB87ABE99D359D4CC6D6E4FACAB5E6ABF9D2726FC6A3C5F56271377BB88362213924694B38DD99FE47C48627A1E7D49F5A8BB5E1A74C0A599ED3B0F21F1E56366B89112D681E218F0915D0D6F17AD41FBA2A369DCF6335D62ABBD39779D5DDD1
310
11D4D8DE3CBB96B2E04FB8202E41051754A1AA8E8F76B4C6DFE810B580B1547F4B84911149794252234D024EF8BBE963A95AE27B3D310A9D5C215C7960FAEE415ED75694C6AFB17BCACA5D99A60A9AA65F217B0BFC53292ACB92BF283FAD0D3621576592CB5BED907C2FA8E9DF794E35E97BEA31BED21FEB401ABB94C44839
310
DCACBF0E1C5DA8DA5B2F4DFFD32AD86F543D9E565E7056502E157C00AD2671CD534549AB752FCA9CDA00677A313F04E51B22FF19E57B300579E3C97EB29F682D92935CEC18CF901B7B54FD8C51F362B56FC72FE0B3C1EAE335EDCCBF5AEC39ADB17DC238973F804BA5E6F6BFE7AF1FB32E523BE9F3BD571418E3631DCA4D48
310
5250CF639223210A9446CA30052EDF057BD35F8329C1ECD84552BF0DC8D18BE7BCE23BFE6BD960AB4A7DE79923A103BEBD80F911CBAA2C60DB19B01CF164A5583B772EE6D3FFA56666CBCDA74DC97724A48F9A58967497E489C4D979006FD7A05E227A1EBDD0F737C623387A9C844D3709995625106D157315F8B8392CD4E0
310
A0B9A720C4BE9829CEF37EA1E13111214D53925356365ADA634861B52519DD27A00AEB808EAF0628E6F435519D446F45CF2C9CF5214F0A15B2F6D06B79DA3EE3CBF7F56780D2F4E7EF73A0F5E5B02A38D07DC852C6B7C1FBB6664213E0C39E3EBA7FF4E1AD23EA2829407C85E586727488B751B2DB9502BC7B228A3FD68B6E
310
A65A22397E690AA8D158D7E404EC8CDA235CC3B7D1898680131CEC2CDF2638C65196279577750F15884AEE19F94199155B92B13297978469D4F8D358DF0AEF7631E28DC8F0D9F437D5D39A83B2231A1D52D543813A824EF8D44BCFF2FA6A31BD1E8DAD87F1CCB526B3879935BF59CDADD5C37479BB1CDD4CA7B3556B516589
310
EF352754B706114D9C885EC9131DE6EFEB43D99AFE2391C2F958179413D7CFEF6B1B6DB1E7600F00DE6E5C67454A339A4BA2E0FBA85ED26F045D454F463DBFCE484C2F90F2E5E3666003662ED8F755951A7D1BECD5B30B550B2785C8E7320B7292A4838DDA71BBC863ED7613CAF659337A3354231D4FF4A182A54904C2898C
310
98B28C4AD0CE056CCF332A80986E571EE9DBC305BB5FEB7E509220A58D25CF042D712A806AC0AD0C657FDEF80D2D9CEAA2EE4D1C76F60BFE74219A06527D6F82DF6412526107381E55E353090704D085B52408A8913C4ED159D79BDA71BB4BC506F4831350EB6F975CD22D69BF7AC49B91A2C0A9DDA3D5CA36AD20FC478E37
310
E61844E2352865EBCB61A275A65283CAAA9DD27703B4102F5AF51EF5F573B75CBB5AD38BC845F7A49F82A0966A49C2E3EA5EA0ECD326CD965F1DB402C6FA8B51A4658C5C5E2EC9E214602E55810345408596591009A82E7E7FFACA19EEA299B14A0081A705CB3296EBC14CDF658DCD336EA6D1136881AAEB87B81AB9EE53D5
310
F5EB8BC8362082DA24122F98680A4E7930C01A0079749CEA14382A0783E5EBA5A10F8C098456A03D6A4AEB6BB881E2513747552A5DB22C7EDAF83BD5528081A365F7FF06504B0304140006080000CC70623B000000000000000000000000350000006662782F41393633353835312D344632462D344230382D423046372D37
310
39314545314133324237412F76657274696365732E62696E504B0304140006080800CC70623BF270F1330600000004000000360000006662782F41393633353835312D344632462D344230382D423046372D3739314545314133324237412F747269616E676C65732E62696E636660600000504B0304140006080000CC7062
310
3B000000000000000000000000370000006662782F41393633353835312D344632462D344230382D423046372D3739314545314133324237412F617474726962757465732E62696E504B0304140006080800CC70623B08DA0BD19000000041010000360000006662782F41393633353835312D344632462D344230382D4230
310
46372D3739314545314133324237412F6469726563746F72792E786D6C858F410AC3201045AF22B36F53E9A60B35CBEEBAE80D244E44489C6234F4F835464A48035D0DF398FF9F8AF63D0E6CC63039F212F8F9020C7D47C6792B21C5FE7403D62A1188E2E60C98D7234A5830286103A55745067B9D86B8A3CF9C7F90C11DE6
310
07FB144396D7B6A82D282E9A152AD114D5EF2CB866EEE831B8EEA07A7BB5A8D7D61A2BAAEB7FD5F70921FF497D00504B0304140006080800CC70623BEDD1DC58FD000000A00100003B0000006662782F41393633353835312D344632462D344230382D423046372D3739314545314133324237412F7265736F75726365732F
310
636F72652E786D6C8D504B6E833010BD0A9A6D65B00922041947112427E8052C33A156828DFCA97AFC9A40A576D7CDCCE87D344F8F9FBFE667F689CE6B6B3A6039850C8DB2A336530731DC4903D95970676DF82583CCC8193B5861107C72362E3BA4AC096842428D1D7107A5F7182053CF7474E0D507CE32973124857FE48B
310
540F3961CEF244279DE03EB81420DB9EAC1384436FA353E879B1B182C7A8C75DA3C7F453DF353A1075D537A7BA6464B8F535A99AE14A9A2BBD90E350DD183B5CFABE3AF262350B1EF4FC9351399401471025A527C218A1E53BAB5A5AB765F5469B96525EACF23FA6B88CFF34456DC2A1DCE36E360F82A5202F42F062ED2BAD
310
579969AFDD8A6F504B010214000A0000080000CC70623B3DEE336E79000000790000001B00000000000000000000000000000000006175746F6465736B2D64657369676E2D7061636B6167652E786D6C504B01021400140006080800CC70623BD486FD9CA0000000F40000001300000000000000000000000000B20000005B
310
436F6E74656E745F54797065735D2E786D6C504B01021400140006080800CC70623B853B8169EB0000007C010000080000000000000000000000000083010000636F72652E786D6C504B01021400140006080800CC70623B55019EA25F0000007C000000070000000000000000000000000094020000636E782E786D6C504B
310
01021400140006080800CC70623BDBABAAF470010000D40300000C00000000000000000000000000180300006662782F636F72652E786D6C504B01021400140006080800CC70623B9C113CC27E0000009D0000000B00000000000000000000000000B20400006662782F636E782E786D6C504B01021400140006080800CC70
310
623B7DF2F77C2A010000120200003100000000000000000000000000590500006662782F41393633353835312D344632462D344230382D423046372D3739314545314133324237412F636F72652E786D6C504B01021400140006080800CC70623BAD7543B64E010000330300003000000000000000000000000000D2060000
310
6662782F41393633353835312D344632462D344230382D423046372D3739314545314133324237412F636E782E786D6C504B01021400140006080800CC70623BE75B7789680500003C10000034000000000000000000000000006E0800006662782F41393633353835312D344632462D344230382D423046372D3739314545
310
314133324237412F6F626A656374732E786D6C504B01021400140006080000CC70623B0000000000000000000000003500000000000000000000000000280E00006662782F41393633353835312D344632462D344230382D423046372D3739314545314133324237412F76657274696365732E62696E504B01021400140006
310
080800CC70623BF270F133060000000400000036000000000000000000000000007B0E00006662782F41393633353835312D344632462D344230382D423046372D3739314545314133324237412F747269616E676C65732E62696E504B01021400140006080000CC70623B0000000000000000000000003700000000000000
310
000000000000D50E00006662782F41393633353835312D344632462D344230382D423046372D3739314545314133324237412F617474726962757465732E62696E504B01021400140006080800CC70623B08DA0BD1900000004101000036000000000000000000000000002A0F00006662782F41393633353835312D344632
310
462D344230382D423046372D3739314545314133324237412F6469726563746F72792E786D6C504B01021400140006080800CC70623BEDD1DC58FD000000A00100003B000000000000000000000000000E1000006662782F41393633353835312D344632462D344230382D423046372D3739314545314133324237412F7265
310
736F75726365732F636F72652E786D6C504B0506000000000E000E0080040000641100000000
  0
XRECORD
  5
1F8
102
{ACAD_REACTORS
330
1F7
102
}
330
1F7
100
AcDbXrecord
280
     1
 70
     1
 90
429727718
  1
30362254-06B7-45E0-A893-8CFA70E3D6BC
310
504B03040A0000080000CC70623B3DEE336E79000000790000001B0000006175746F6465736B2D64657369676E2D7061636B6167652E786D6C3C3F786D6C2076657273696F6E3D22312E302220656E636F64696E673D227574662D3822203F3E3C666F726D6174733E3C666F726D61743E687474703A2F2F736368656D612E
310
6175746F6465736B2E636F6D2F64657369676E2D7061636B6167652F323030393C2F666F726D61743E3C2F666F726D6174733E504B0304140006080800CC70623BD486FD9CA0000000F4000000130000005B436F6E74656E745F54797065735D2E786D6C7D8EC10E82300C865F65E91D8A1E8C310C0EEA1BF002731658846E
310
D98AC1B77784ABF1D8FE5FBFBF75BBCE937A534CCEB38643598122B6FEE978D0B0485F9C41B54DDD7D022595594E1A469170414C76A4D9A4D207E29CF43ECE46F218070CC6BECC4078ACAA135ACF422C856C0E68EA1BF5669944DDD7BCDE7B1F8E415D77AECB980613C2E4AC91FC167A2B244592486606FC29C8FD7F045B9A
310
EF7053A7E60B504B0304140006080800CC70623B1EC5D7A3EB0000007C01000008000000636F72652E786D6C8D90416EC3201045AF82665B6103C6756C6122AB4D4ED00B204C5C94182C03558F5F9C3852BBEB6A467FFE9B197D71FC9E6FE8CBACC17AD7032D0820E3B41FAD9B7A48F1820F808E52ACDEC75F36404ECDA687
310
4D0629A6D5A76597B477D1B89855E747B38B2A041301E95B6E7A08FAD3CCAA50296647B8168BD2573599823EBB0CA76447F43862C7BCCF5EAC59410E4DDD9C7973C2755553CCCFA4C603E3040F1565ED3B1FDE4E432BCA0D9622DAF9795FAF464533826484B498524CD807E51D79ED187F21878E10516EF63F505AC67F42C9
310
BA58B1FDDD071640D2FCC87D2045B96591CB3DA85CB7DCE40F504B0304140006080800CC70623B55019EA25F0000007C00000007000000636E782E786D6C4DCB3B0E80201045D1AD90E915ED2CF8AC45050C11660C8261F98AB1B07AC9C97D42D718D865D3E909258CFD00CCE24AC6E326A164D74DC0B4128928FF32603847
310
2BA13128B1252AC747C6BAB984FC68F0B87FE8960A5C09FE86CFB69FBA01504B0304140006080800CC70623B8C9102E971010000D40300000C0000006662782F636F72652E786D6CC5535B6E833010BC8AE5DF0A6C08340F1947A84D4ED00B38C6A128602363A31CBFCB234A53A551FA553EC09AD9F5CE8C31DB9E9B1AF5CA
310
7695D1198E428A91D2D214952E33ECDD315861B4E5CC1AE3BE9561A445A3323CC098B3D21ADFCE9034DA29ED00D5A6503328BA4E398C640D8B0C77F253352214DE4145770A5B214FA2546114020D759C75CE8200340D19DE981F0F6746269C33EFAB6266AB02A655C74A59CCF365BADC27CB5D902ED22848F6340DF238A141
310
BE88E2F57B92BFEDF23523433367AE6A2EEAA455C2A902F398D2751045018D3FA264435F3771F242571B4A1919CA6F9A7C5B3CD9E42BED16F12C776AEB308F40C848FC700B1139D4891EF410CEC810227CC6846F8386402064270EF5C5C709A05E49676C024C61FC95EA45ED154CA5211D1FF4FB8291A913A68E9B83EBBB33
310
E2A7673CDE118E5AE8124C0807CB8377834E366998436B950D7A7746DAD846D4CFD978E0F04FD455FC5D49D2D4C6FE9722321F10997F0F32DC47FE05504B0304140006080800CC70623BFFEA85907E0000009D0000000B0000006662782F636E782E786D6C4DCCD10A83201886E15B91FFDC95D95A811AB6F23E625948A6C3
310
E9D8E5AF46073BFAE0E1E365ED67B3E8ADC3CB78C7815C7240DA3DFC64DCC221C519D7805AC182F7F1EF06C88D9BE6703008B6049F9E274D7A1E938DBB5AE3D6131B2589BA0D3D965551E0B2EA732C9B9A624AAEB41E3A557677029960D9AFB4EF11165F504B0304140006080800CC70623B4FEEA4082C0100001202000031
310
0000006662782F39464131463745442D413632322D343644302D413938332D3331353338454246344243312F636F72652E786D6C8D515B6EC32010BC0AE2AB55850DD871ED0813254D72825EC00192A2C460F1A872FC42ED48ED5F7E00CDCECCCEB26C731F6FE05B39AFADE921293004CA082BB5B9F43086336A21D870E6AC
310
0D7F68109861543DCC30E4ECE26C9C164858139409093556AA051CBC570102714B8F1E7AF1A5C6A11862480C7F2DA6415C878B2A4891CA89C7990F2E050073937C42DE1DB7E4F87ED8A36D4329AA9B3D46DBAEAD504556557BD81DEBDD0761E52CE42C462D17B996298E3E6BE59E35C962CE821E1FF18553435012728A7187
310
0841987E927A8D9B35ADDF70BBC6989599FE4F1427F9A4286A132ABAC49D651EF234CD5CE04CDA78BA3DC2A8FB645D00B9DF8B57E215725C60BCA2A463E54C4CE327C7A65E1C7DB02E7DEFCBF594B864C5CA6CDBD49C957943E9FA5D5FBAF336F90F504B0304140006080800CC70623BAD7543B64E01000033030000300000
310
006662782F39464131463745442D413632322D343644302D413938332D3331353338454246344243312F636E782E786D6CD593CD6EC32010845F0571AD6CE3D48AD20813A9873E410FBD12D82434182C7EAAE6EDBB2424CD25871E7B41D6EC30B3FA84F9E67BB2E40B4234DE8DB46F1925E094D7C6ED479AD3AE5951B2113C
310
789FEE6C943839C1488B4C05DF079FE72A69D8C96C13AAD6B8631503449F83828872B949AC57D26200B826A308D316B4064D6E46FCDA41C05550DC9E483A00797BFD207EFB092A45DE9514C1BBD22178396BD39D891265658C238DEA00936C654E5E433CB65A26D9F6EDB5EBC14EBF49A45CB856E66048291F6939A9A81BB5
310
C8917738143CA680F4AA299D66A042CEB3354A2684DC9D8D178FE0D9B8B41CAAD720F880EE7EF93C0C18769E099ECC04D5A102C8049A8A05632F4DDF376CF1DE0F6BB65C2F8627B65A33C6BB62177CEBBDAD973006829F89F22E814B54F4BC2BE347F8AA8F681390B50FA73F804400B5F542E796F19FF974E7F78DB802FE05
310
E207504B0304140006080800CC70623B16AB87BA640500003C100000340000006662782F39464131463745442D413632322D343644302D413938332D3331353338454246344243312F6F626A656374732E786D6CAD575B6FA33818FD2B887DE6924B3BED8A326A92B68A663B534DD4D13E548A0C38942D60649B369D5FBFC7
310
600890A493BDE42160637FD7F31D7FF63E6FB3D478A55C242CBF3247B66B1A340F5994E4F19559CA8D75611A9F7D8F33263BCB4C232719BD32D5B4E97B316765A1A722BA21652A07B3B7B33F0D11D29C9A46981221AE4C113ED38CD8A4942CA2E2C58E882476BCD9DA23BB5ED8171B73523C0F841684D35CC252CCE79062D4
310
468DFA43D7747CCF51DF7D4FFDEB5593E3AB9CCA9FBEFE241792E4E19EB28198C968BAB8199F5D5A67D3E9C49A9E8F47D6EC76B6B0469F26EEFC7C3EBFBCBEB98462213924694B38DD98FE1D62C393D073EA4FADC5DAF04326852CCF6958F90F0F2B9BB5C48816348F90C7840A68EB78EDF68723159BCEE7891A6B95DDE9D3
310
BCEAEEE8086A6C6F9E5D4B59F0175C10A7A0820BAA5055C7473B5AE3CFDD452D602CD5DF12616444529E90D448938013FE6EFA58AA96F85E4F8C42275708571E98FE6827AF6B2B4AE3D7D83D64E5A64C53054DD3AF90BD06FEA9149565C94FCA0F6B834DC85599E4F2423B24DF0B6AFA979E534DFA9E7A4CC6FA631D486393
310
921829879BF5D781A373557BCB85E97FB90DB62B558F8795179C15944B051F40AB495CF35451D26A4727654E6D8033BD98EF82F21D91FF8AF2DD9982BCF1643BDD4EB516C9492E368C67C88DED563FC36D5EACF66DFF057C3658BDBFA69DF9578B3DA735B64F18C7F20770A9D45CFCF7FCF563D6456A277DBEF78A02637CA2
310
43B90A490AEAB94F72244481D24819A6C0E59B606BFA4B3025981DBB48EAB701D97BF19C577CC77F2D1B6C55A9EF3C732474C0B727303F625995056C3B02963D9EAC146BE78EC5FCEC7FA999EBC5EACBAAE41B12D27B4D2C0BBA49F244E2ECDC81B76B502F113D8F5EE8FB1BE3111CDD4FC2AA9B844CAB1288B68AB90A7CDC
310
1C166AB0D3DC5310625FCC14E779BFD0709F8890A629C9292B1B2DED31A4B0DA928CEE135085754027E3018A397D4D5427D15BD1330B677DC8934285AC3DF45A9EB68FF8F2B8FC0A509AFEECFD0FF2DE25CC6047F7214B195F07EFEB9A094D800F7BFAE8FED187B78EA8A3A400F115961BCAD1215E47C966530AF0EE8128FE
310
58CEBB996A8964FFA529A046635D9353B0336A8F700DDF46271A024E70B0B37C9DE01847591E54DED53D54202AB947E4076556AC49C6CA5C9E1226B7F1A7B1BE15DEED62C41B91E1B3E9AFAAA735036547343A925075041DF0A9979E893B391F8FCFA6967B3EFB644DCF6E5CEBFAE272625DCC6FAF3FB93793C5F90CE1EF57
310
407342756B10D1C489E8953CD1617E5CEECAD6F4EF8914CE5D5D504E5C3F1F9736DA62CFC11E00BCDDB8CC8A9466349744C1F75EBDA4DF09BA8A9E8C7A7E9991989E20E5DBDD6A6003664ED8F7A04A8DBE0DF6EAD9B9AA858342E47399053949D2C146EDB85DE4B176BB0965FBAC19BD19AA918E27FA50C1D22402E144464C
310
59462568E704B6E71915404CB72B8FF4EDE184DDAF753F284990D2C6926782963815403548A70C657FDEF80D2D9CEAA2AE4C1C76F60BFE74219A06527D6582DF6412526107381E55E353090704D085B52408D0933C4ED159D79BDA71BB4BC506F4831350EB6F979CD22D69BF7AC49B91A2C0A9DDA3D5CA36AD20FC478E37E6
310
1844E2352865EBCB6EA275A652E3836BE04EFB400BF1A2556F515F1FBB35B2AB35BD889C744FFA1004B5544B121E57F70215746DD2F5E2C1412B602CBF19455AC6C8E5E9922C4E01E65215385004546899059180EAFCF7A707CE7017CD8CDB0410789AB32C63B91E5CEBBBACB17AC6CD347A022D5075FD106377347AAABA7E
310
7D11590744509B44E205134DC1290F06580320F78E537D3D73540E06CB970B431F185308AD40BBD794D6D77003C5A36E8EAA54BA64597CD8F83BD552A080A365F7FF06504B0304140006080000CC70623B000000000000000000000000350000006662782F39464131463745442D413632322D343644302D413938332D3331
310
353338454246344243312F76657274696365732E62696E504B0304140006080800CC70623BF270F1330600000004000000360000006662782F39464131463745442D413632322D343644302D413938332D3331353338454246344243312F747269616E676C65732E62696E636660600000504B0304140006080000CC70623B
310
000000000000000000000000370000006662782F39464131463745442D413632322D343644302D413938332D3331353338454246344243312F617474726962757465732E62696E504B0304140006080800CC70623B08DA0BD19000000041010000360000006662782F39464131463745442D413632322D343644302D413938
310
332D3331353338454246344243312F6469726563746F72792E786D6C858F410AC3201045AF22B36F53E9A60B35CBEEBAE80D244E44489C6234F4F835464A48035D0DF398FF9F8AF63D0E6CC63039F212F8F9020C7D47C6792B21C5FE7403D62A1188E2E60C98D7234A5830286103A55745067B9D86B8A3CF9C7F90C11DE607
310
FB144396D7B6A82D282E9A152AD114D5EF2CB866EEE831B8EEA07A7BB5A8D7D61A2BAAEB7FD5F70921FF497D00504B0304140006080800CC70623B0D6EF93BFE000000A00100003B0000006662782F39464131463745442D413632322D343644302D413938332D3331353338454246344243312F7265736F75726365732F63
310
6F72652E786D6C8D50596E833010BD0A9ADFCA60B334011947A8694ED00B586642AC041B79A97AFC9A40A5F6AF3F33A3B7689E1E3F7DCD8FEC139DD7D6F4C0720A191A65476DA61E62B892236427C19DB5E1970C322367EC618541F0C9D9B8EC90B226A009093576C41D94DE63804C3DD2D18357379C652E63480A7FCF17A9
310
EE72C29CE5894E3AC17D702940B63D59270887DE46A7D0F36263058F518FBB468FE9A7BE6A7420864373B8D4873369AA8691FA421B3294352543C5CAF65C0F6FEF43CB8BD52C78D0F34F46E550061C419494B6843142CB0F5677F4B52BEB177AEC28E5C52AFF638ACBF84F53D42654E51E77B379102C05791282176B5F693D
310
CB4C7BED567C03504B010214000A0000080000CC70623B3DEE336E79000000790000001B00000000000000000000000000000000006175746F6465736B2D64657369676E2D7061636B6167652E786D6C504B01021400140006080800CC70623BD486FD9CA0000000F40000001300000000000000000000000000B20000005B
310
436F6E74656E745F54797065735D2E786D6C504B01021400140006080800CC70623B1EC5D7A3EB0000007C010000080000000000000000000000000083010000636F72652E786D6C504B01021400140006080800CC70623B55019EA25F0000007C000000070000000000000000000000000094020000636E782E786D6C504B
310
01021400140006080800CC70623B8C9102E971010000D40300000C00000000000000000000000000180300006662782F636F72652E786D6C504B01021400140006080800CC70623BFFEA85907E0000009D0000000B00000000000000000000000000B30400006662782F636E782E786D6C504B01021400140006080800CC70
310
623B4FEEA4082C0100001202000031000000000000000000000000005A0500006662782F39464131463745442D413632322D343644302D413938332D3331353338454246344243312F636F72652E786D6C504B01021400140006080800CC70623BAD7543B64E010000330300003000000000000000000000000000D5060000
310
6662782F39464131463745442D413632322D343644302D413938332D3331353338454246344243312F636E782E786D6C504B01021400140006080800CC70623B16AB87BA640500003C1000003400000000000000000000000000710800006662782F39464131463745442D413632322D343644302D413938332D3331353338
310
454246344243312F6F626A656374732E786D6C504B01021400140006080000CC70623B0000000000000000000000003500000000000000000000000000270E00006662782F39464131463745442D413632322D343644302D413938332D3331353338454246344243312F76657274696365732E62696E504B01021400140006
310
080800CC70623BF270F133060000000400000036000000000000000000000000007A0E00006662782F39464131463745442D413632322D343644302D413938332D3331353338454246344243312F747269616E676C65732E62696E504B01021400140006080000CC70623B0000000000000000000000003700000000000000
310
000000000000D40E00006662782F39464131463745442D413632322D343644302D413938332D3331353338454246344243312F617474726962757465732E62696E504B01021400140006080800CC70623B08DA0BD190000000410100003600000000000000000000000000290F00006662782F39464131463745442D413632
310
322D343644302D413938332D3331353338454246344243312F6469726563746F72792E786D6C504B01021400140006080800CC70623B0D6EF93BFE000000A00100003B000000000000000000000000000D1000006662782F39464131463745442D413632322D343644302D413938332D3331353338454246344243312F7265
310
736F75726365732F636F72652E786D6C504B0506000000000E000E0080040000641100000000
  0
XRECORD
  5
175
102
{ACAD_REACTORS
330
173
102
}
330
173
100
AcDbXrecord
280
     1
270
     1
271
     1
  0
XRECORD
  5
174
102
{ACAD_REACTORS
330
173
102
}
330
173
100
AcDbXrecord
280
     1
270
     1
271
     1
  0
XRECORD
  5
1FB
102
{ACAD_REACTORS
330
173
102
}
330
173
100
AcDbXrecord
280
     1
 70
     0
 90
1673772943
  1
ECE7A1D2-D628-4531-984C-D00F80459256
310
504B03040A0000080000CC70623B3DEE336E79000000790000001B0000006175746F6465736B2D64657369676E2D7061636B6167652E786D6C3C3F786D6C2076657273696F6E3D22312E302220656E636F64696E673D227574662D3822203F3E3C666F726D6174733E3C666F726D61743E687474703A2F2F736368656D612E
310
6175746F6465736B2E636F6D2F64657369676E2D7061636B6167652F323030393C2F666F726D61743E3C2F666F726D6174733E504B0304140006080800CC70623BD486FD9CA0000000F4000000130000005B436F6E74656E745F54797065735D2E786D6C7D8EC10E82300C865F65E91D8A1E8C310C0EEA1BF002731658846E
310
D98AC1B77784ABF1D8FE5FBFBF75BBCE937A534CCEB38643598122B6FEE978D0B0485F9C41B54DDD7D022595594E1A469170414C76A4D9A4D207E29CF43ECE46F218070CC6BECC4078ACAA135ACF422C856C0E68EA1BF5669944DDD7BCDE7B1F8E415D77AECB980613C2E4AC91FC167A2B244592486606FC29C8FD7F045B9A
310
EF7053A7E60B504B0304140006080800CC70623BD9DDAED0EC0000007C01000008000000636F72652E786D6C8D90416EC3201045AF82665B61836D9CD8C2444DD39CA01740405C94182C03558F5F9C3852BBEB6A467FFE9B197D7EF89E6EE8CB2CC17A37002D0820E394D7D68D03A478C17B4007C117EFE32F1B20272733C0
310
2A83E0E3E2D3BC49CABB685CCCAAF3DA6CA20CC14440EA969B0182FA34932C648AD911AEC52CD5558EA6A0CF2EC329598D1E47ACCEFBECC59A050463A7EA5833865FEBDD0E37353BE3EE8DBDE3F6786A48D375FBF6CC78B9C282473B3DEFABC5C86834888A900E538A49F5419B9EB47DD5BC907D4F082F57FB1F28CDFA9F50
310
B22ED6D5F6EE030B20687EE43E10BC5CB3C8E51E54AE6B6EE207504B0304140006080800CC70623B55019EA25F0000007C00000007000000636E782E786D6C4DCB3B0E80201045D1AD90E915ED2CF8AC45050C11660C8261F98AB1B07AC9C97D42D718D865D3E909258CFD00CCE24AC6E326A164D74DC0B4128928FF326038
310
472BA13128B1252AC747C6BAB984FC68F0B87FE8960A5C09FE86CFB69FBA01504B0304140006080800CC70623BA24EB22D72010000D40300000C0000006662782F636F72652E786D6CC5535B6E833010BC8AE5DF0A6C5E49888CA3A6694ED00B38E05014B091B1518EDFE511A5A9D228FD2A1F60CDEC7A67C6986DCE4D8D7A
310
69BA4AAB0C073EC548AA5C17952A33ECECD15B61B4E1CC686DBF9561A44423333CC098B3D268D7CE50AE9595CA02AA74216750749DB418E5352C32DCE59FB211BE70162ABA93DF8AFC244AE9073ED050C759670D0840D390E18DF9F1706664C23973AE2A66B62A605A75ACA4C13C4976E1364A12EF355A2EBD384AF65EFA96
310
BC7B8BED2EA6719AAE16FB8491A199335B351775B991C2CA02F390D2D40B028F861F41BCA68B7518BFD0D59A524686F29B26D7164F36B94AD9289CE54E6D1DE6010819891F6E21228B3AD1831EC219194284CF98F06DD01008846CC5A1BEF83801D4CBDC6A1303536877A57A513B0953A94FC707FDBE6064EA84A9E3E6E0FA
310
EE8CF0E9198F7784A316AA0413C2C2F2E0ECA0934D1AE6D05A69BCDE9E91D2A611F573361E38FC1375157F5752AE6B6DFE4B11990F88CCBF0719EE23FF02504B0304140006080800CC70623B408A7D3B7C0000009D0000000B0000006662782F636E782E786D6C4DCCD10A83201886E15B91FFDC552A92A0064DBC8F581632
310
D3703A76F9ABD1C18E3E78F878E5F0D9027ABBFCF2292AE86E2D20171F69F6715550CB827B40839639A5F2770314A7CD293819B45C73AAFB45B35BA61ACAA1C1C7E7855C58C15BC331339661262CC762340413D68D77DA5B42298546CBE6573AF60CEB2F504B0304140006080800CC70623B449FB9BD290100001202000031
310
0000006662782F36394639363044362D344446342D343946362D394244322D3234314243333846323333332F636F72652E786D6C8D515B6EC32010BC0AE22B55850D98B871848994463E412FE002495162B07854397EA176A4F62F3F2C9A9D991D587EB84F37F0AD7D30CEF6905418026DA553C65E7A98E219ED203808EE9D
310
8B7F6810D871D23D2C3014FCE25D9A57483A1BB58D19B54EE9151C43D0110279CB971E06F9A5A7B11A53CC8C70ADE6515EC78BAE4895DB992778883E0700CB907242D17643D7E2538BD869608875438BBAE38922CAC8F1BDD90DB4691A5E2F42C153326A951B95E398B3D1FE599322163C9AE9115F7A3D46ADA0A018778810
310
84E907617BDCEE297BC5BB3DC6BC2EF47FA234AB2745C9D8D8D035EE220B50105E2F0DC1954B9FB747187D9F9D8FA0CCDB042D5FA0C015C65B42DF78BD10F3F3B363CB56C7109DCFDFBBB97E662ED92EB62D13BC2E1BCAE5777DB9966D8A1F504B0304140006080800CC70623BAD7543B64E01000033030000300000006662
310
782F36394639363044362D344446342D343946362D394244322D3234314243333846323333332F636E782E786D6CD593CD6EC32010845F0571AD6CE3D48AD20813A9873E410FBD12D82434182C7EAAE6EDBB2424CD25871E7B41D6EC30B3FA84F9E67BB2E40B4234DE8DB46F1925E094D7C6ED479AD3AE5951B2113C789FEE
310
6C943839C1488B4C05DF079FE72A69D8C96C13AAD6B8631503449F83828872B949AC57D26200B826A308D316B4064D6E46FCDA41C05550DC9E483A00797BFD207EFB092A45DE9514C1BBD22178396BD39D891265658C238DEA00936C654E5E433CB65A26D9F6EDB5EBC14EBF49A45CB856E66048291F6939A9A81BB5C89177
310
38143CA680F4AA299D66A042CEB3354A2684DC9D8D178FE0D9B8B41CAAD720F880EE7EF93C0C18769E099ECC04D5A102C8049A8A05632F4DDF376CF1DE0F6BB65C2F8627B65A33C6BB62177CEBBDAD973006829F89F22E814B54F4BC2BE347F8AA8F681390B50FA73F804400B5F542E796F19FF974E7F78DB802FE05E20750
310
4B0304140006080800CC70623B8D05915C650500003B100000340000006662782F36394639363044362D344446342D343946362D394244322D3234314243333846323333332F6F626A656374732E786D6CAD575B6FA33814FE2B887D06429276DA1565D4266D158D3A339A6846FB502932E050B66023DB74D2FDF5FB190C01
310
9276B2973C046C8ECFF53B17071F77456EBD502133CEAE6CDF9DD81665314F32965ED995DA3A17B6F5310C04E7AA47665B8C14F4CAD6DB7618A48257A5D94AE89654B91AEDDEDDFC61C998326A5B714EA4BCB265FC440BE2924AF184CA6737218AB8E976E7FA6E4338649B0A523E8D98964450A6A029F619B8588D52FE7039
310
B1BD30F0F4F730D0FF866AF6369557DB33949F31A9088B0F848DD8CCFCF9F2767A76E99CCDE733677E3EF59D9BBB9BA5E37F984D16E78BC5E5F5ED25044B25C0C96822E8D60EEFE11B91C581D77CEA34368A1F5329E68CD1B8B61F16D63A1B8E092D294B10C78C4A48EB593D192E7DED9BDEE7995E1B91FDEDD3ACEA9FE831
310
6A756F9F7D4D79F4274C90A7A04248AA51D5F8C718DAE06FB2F75AC4796EBE65D22A88A22223B995679120E2D50E41AA49C260C046A35368846B0BECD0DFF3EBEB8AD4F835768F69B9ADF25C43D30E6B646F807FAA64AD59F61715C7A54127C4AACA98BA3006A9D792DAE165E0D59B61A01FB3A9F9D838D2DAE62445C86166
310
F37564E842E7DE6A69879FEEA2DD5AE7E371E1A5E025154AC307D06A03D73EB5978C58FFA4C8E9033066E0F3BD53BEC1F39F91BE7B55103791EDE6BBB991A2046172CB4581D8B893FA674DDA17A77B3B7C413D1B511FD2743BFF8A38F03A658705E3ADF8015C3A3417FF3D7E439FF591DA0B5F18BC20C1B8981957AE6392A3
310
F43C640C01D1A0B4728E2DD4F26DB4B3C3152A252A3B4E913CEC1C72F012782FF88EFF8637AA552DBEF76408E8A8DE9E50F9E1CB3A2DA0DB1B6039A893B56063DC5B3E3FFB5F72E67AB9FEB4AEC496C4F4C1149625DD662C53E89D7BF0F6151A046260D1337DFDC94502430F83B0EE07A130A224BCAD7DAE1D9FB6CD422FF6
310
920702629C4BB9AE79C12F243C6432A6794E18E5552BA56B431AAB5D91317302B2B071E86C3A42B1A02F999E24061403B5D0EB639195DA655DD3EBEAB4FB862DDF579F014AD0E73C22F99E28DA57FB98E75C6CA2D74D53086D600F4786E0FE3144B771A8A7B900F03594DB8A633CBC49B2EDB69228BB479CF863B5E807AAAB
310
23872F6DFEB4129B949CA33823F58830E86D65621E10047D9DB34D862E8EAC3C2ABC2F7B2C40D67CDFE01F5545B92105AF983AC54D93D69E56FB8E797F88913F898A9FEC705D3F9D1B54EC8426FB500D40A03BD0119B06E1B95DDC7EB8F6975367793EBD70E66733DFB9BC982F9CE564727731999F5D4ECFCE3B8D6A4DC2A0
310
6D50FD148437D110834A64C6CDDF57FBACB5C307A2A477DFE4939736CFEF2B175371E0E10CF0DD1D5C15654E0BCA14D1E87DD02FF93782A162C0A3D95F1524A52770F972BF1EE9809D13CE7DD599467F8ECE9ADD85CE85A34CD45355448C64F9E8A031DC2D596ACC6E5DD93D9B82DE2EF5CAF81363A8E47996A0DE24564A79
310
4115AACE09C55E14540231FDA13C319787134EBF34E3A022514E5B4D9E0826E25C02D5805B15ABE1BEF51B26383D445DD9E875EE33FE4C22DA16427D65A3BCA92CA6D28DD01DF5DC53330704308475351050232CCD31583787BA75774AFB06E5070DD0C8EF484E19968C5D83BA5B90B244D31E54D55A372320FE4786B7EA58
310
44E135AA5467CB7EA333A61683CC6A8C3257034C10CF46F40EF9F5BE59BE5BD30C3C72D235E95D10345C1D45445A5F0BB47E46A5EBE5570F9380B5FA629579952296A773720405982B9DE04011506178964401AA8BDF1FBF0A8EAB6861DD6580C0E38217056766716DAEB2D6FA0917D3E4116581EADB879C4E7CFFB11EFACD
310
3D641311495D92C8676CB409A72D18610D803CE8A626049E8EC1887CB5B44CC39883690DDA8399B4B9855B481E7D71D4A9D22F96E5BB73BF5793020C02137BF837504B0304140006080000CC70623B000000000000000000000000350000006662782F36394639363044362D344446342D343946362D394244322D32343142
310
43333846323333332F76657274696365732E62696E504B0304140006080800CC70623BF270F1330600000004000000360000006662782F36394639363044362D344446342D343946362D394244322D3234314243333846323333332F747269616E676C65732E62696E636660600000504B0304140006080000CC70623B0000
310
00000000000000000000370000006662782F36394639363044362D344446342D343946362D394244322D3234314243333846323333332F617474726962757465732E62696E504B0304140006080800CC70623B08DA0BD19000000041010000360000006662782F36394639363044362D344446342D343946362D394244322D
310
3234314243333846323333332F6469726563746F72792E786D6C858F410AC3201045AF22B36F53E9A60B35CBEEBAE80D244E44489C6234F4F835464A48035D0DF398FF9F8AF63D0E6CC63039F212F8F9020C7D47C6792B21C5FE7403D62A1188E2E60C98D7234A5830286103A55745067B9D86B8A3CF9C7F90C11DE607FB14
310
4396D7B6A82D282E9A152AD114D5EF2CB866EEE831B8EEA07A7BB5A8D7D61A2BAAEB7FD5F70921FF497D00504B0304140006080800CC70623BCA768048FE000000A00100003B0000006662782F36394639363044362D344446342D343946362D394244322D3234314243333846323333332F7265736F75726365732F636F72
310
652E786D6C8D50596E833010BD0A9ADFCA60D600328E9AA639412F609909B1126CE4A5EAF16B0295DABFFECC8CDEA2797AECF8353F924FB44E193D409E5248504B332A3D0D10FC95B4901C39B3C6F85F3248B49871801506CE266BC2B243D2688FDA47549B11775038871E12F988C7004EDE7016A9083E2ADC3D5D84BC8B09
310
D33C8D74D471E6BC8D0192EDC93A815B742658898E651BCB59086ADC356A8C3FD555A1055ED7E7E254D615792D0F075295F585746FF53B694EE78A565DD736979A65AB9933AFE69F8CD2A2F038022F28ED489E135A7CE4554F9BBEA85E68DB53CAB255FEC71496F19FA6A0B42F8B3DEE6673C0F318E4497096AD7DC5F52C33
310
EEB55BFE0D504B010214000A0000080000CC70623B3DEE336E79000000790000001B00000000000000000000000000000000006175746F6465736B2D64657369676E2D7061636B6167652E786D6C504B01021400140006080800CC70623BD486FD9CA0000000F40000001300000000000000000000000000B20000005B436F
310
6E74656E745F54797065735D2E786D6C504B01021400140006080800CC70623BD9DDAED0EC0000007C010000080000000000000000000000000083010000636F72652E786D6C504B01021400140006080800CC70623B55019EA25F0000007C000000070000000000000000000000000095020000636E782E786D6C504B0102
310
1400140006080800CC70623BA24EB22D72010000D40300000C00000000000000000000000000190300006662782F636F72652E786D6C504B01021400140006080800CC70623B408A7D3B7C0000009D0000000B00000000000000000000000000B50400006662782F636E782E786D6C504B01021400140006080800CC70623B
310
449FB9BD290100001202000031000000000000000000000000005A0500006662782F36394639363044362D344446342D343946362D394244322D3234314243333846323333332F636F72652E786D6C504B01021400140006080800CC70623BAD7543B64E010000330300003000000000000000000000000000D20600006662
310
782F36394639363044362D344446342D343946362D394244322D3234314243333846323333332F636E782E786D6C504B01021400140006080800CC70623B8D05915C650500003B10000034000000000000000000000000006E0800006662782F36394639363044362D344446342D343946362D394244322D32343142433338
310
46323333332F6F626A656374732E786D6C504B01021400140006080000CC70623B0000000000000000000000003500000000000000000000000000250E00006662782F36394639363044362D344446342D343946362D394244322D3234314243333846323333332F76657274696365732E62696E504B010214001400060808
310
00CC70623BF270F13306000000040000003600000000000000000000000000780E00006662782F36394639363044362D344446342D343946362D394244322D3234314243333846323333332F747269616E676C65732E62696E504B01021400140006080000CC70623B00000000000000000000000037000000000000000000
310
00000000D20E00006662782F36394639363044362D344446342D343946362D394244322D3234314243333846323333332F617474726962757465732E62696E504B01021400140006080800CC70623B08DA0BD190000000410100003600000000000000000000000000270F00006662782F36394639363044362D344446342D
310
343946362D394244322D3234314243333846323333332F6469726563746F72792E786D6C504B01021400140006080800CC70623BCA768048FE000000A00100003B000000000000000000000000000B1000006662782F36394639363044362D344446342D343946362D394244322D3234314243333846323333332F7265736F
310
75726365732F636F72652E786D6C504B0506000000000E000E0080040000621100000000
  0
XRECORD
  5
176
102
{ACAD_REACTORS
330
173
102
}
330
173
100
AcDbXrecord
280
     1
270
     1
271
     1
  0
XRECORD
  5
177
102
{ACAD_REACTORS
330
173
102
}
330
173
100
AcDbXrecord
280
     1
270
     1
271
     1
  0
CELLSTYLEMAP
  5
1BED
102
{ACAD_REACTORS
330
162
102
}
330
162
100
AcDbCellStyleMap
 90
        3
300
CELLSTYLE
  1
TABLEFORMAT_BEGIN
 90
        5
170
     1
 91
        0
 92
    32768
 62
   257
 93
        1
300
CONTENTFORMAT
  1
CONTENTFORMAT_BEGIN
 90
        0
 91
        0
 92
      512
 93
        0
300

 40
0.0
140
1.0
 94
        5
 62
     0
340
11
144
6.0
309
CONTENTFORMAT_END
171
     1
301
MARGIN
  1
CELLMARGIN_BEGIN
 40
1.5
 40
1.5
 40
1.5
 40
1.5
 40
0.18
 40
0.18
309
CELLMARGIN_END
 94
        6
 95
        1
302
GRIDFORMAT
  1
GRIDFORMAT_BEGIN
 90
        0
 91
        1
 62
     0
 92
       -2
340
14
 93
        0
 40
1.125
309
GRIDFORMAT_END
 95
        2
302
GRIDFORMAT
  1
GRIDFORMAT_BEGIN
 90
        0
 91
        1
 62
     0
 92
       -2
340
14
 93
        0
 40
1.125
309
GRIDFORMAT_END
 95
        4
302
GRIDFORMAT
  1
GRIDFORMAT_BEGIN
 90
        0
 91
        1
 62
     0
 92
       -2
340
14
 93
        0
 40
1.125
309
GRIDFORMAT_END
 95
        8
302
GRIDFORMAT
  1
GRIDFORMAT_BEGIN
 90
        0
 91
        1
 62
     0
 92
       -2
340
14
 93
        0
 40
1.125
309
GRIDFORMAT_END
 95
       16
302
GRIDFORMAT
  1
GRIDFORMAT_BEGIN
 90
        0
 91
        1
 62
     0
 92
       -2
340
14
 93
        0
 40
1.125
309
GRIDFORMAT_END
 95
       32
302
GRIDFORMAT
  1
GRIDFORMAT_BEGIN
 90
        0
 91
        1
 62
     0
 92
       -2
340
14
 93
        0
 40
1.125
309
GRIDFORMAT_END
309
TABLEFORMAT_END
  1
CELLSTYLE_BEGIN
 90
        1
 91
        1
300
_TITLE
309
CELLSTYLE_END
300
CELLSTYLE
  1
TABLEFORMAT_BEGIN
 90
        5
170
     1
 91
        0
 92
        0
 62
   257
 93
        1
300
CONTENTFORMAT
  1
CONTENTFORMAT_BEGIN
 90
        0
 91
        0
 92
      512
 93
        0
300

 40
0.0
140
1.0
 94
        5
 62
     0
340
11
144
4.5
309
CONTENTFORMAT_END
171
     1
301
MARGIN
  1
CELLMARGIN_BEGIN
 40
1.5
 40
1.5
 40
1.5
 40
1.5
 40
0.18
 40
0.18
309
CELLMARGIN_END
 94
        6
 95
        1
302
GRIDFORMAT
  1
GRIDFORMAT_BEGIN
 90
        0
 91
        1
 62
     0
 92
       -2
340
14
 93
        0
 40
1.125
309
GRIDFORMAT_END
 95
        2
302
GRIDFORMAT
  1
GRIDFORMAT_BEGIN
 90
        0
 91
        1
 62
     0
 92
       -2
340
14
 93
        0
 40
1.125
309
GRIDFORMAT_END
 95
        4
302
GRIDFORMAT
  1
GRIDFORMAT_BEGIN
 90
        0
 91
        1
 62
     0
 92
       -2
340
14
 93
        0
 40
1.125
309
GRIDFORMAT_END
 95
        8
302
GRIDFORMAT
  1
GRIDFORMAT_BEGIN
 90
        0
 91
        1
 62
     0
 92
       -2
340
14
 93
        0
 40
1.125
309
GRIDFORMAT_END
 95
       16
302
GRIDFORMAT
  1
GRIDFORMAT_BEGIN
 90
        0
 91
        1
 62
     0
 92
       -2
340
14
 93
        0
 40
1.125
309
GRIDFORMAT_END
 95
       32
302
GRIDFORMAT
  1
GRIDFORMAT_BEGIN
 90
        0
 91
        1
 62
     0
 92
       -2
340
14
 93
        0
 40
1.125
309
GRIDFORMAT_END
309
TABLEFORMAT_END
  1
CELLSTYLE_BEGIN
 90
        2
 91
        1
300
_HEADER
309
CELLSTYLE_END
300
CELLSTYLE
  1
TABLEFORMAT_BEGIN
 90
        5
170
     1
 91
        0
 92
        0
 62
   257
 93
        1
300
CONTENTFORMAT
  1
CONTENTFORMAT_BEGIN
 90
        0
 91
        0
 92
      512
 93
        0
300

 40
0.0
140
1.0
 94
        2
 62
     0
340
11
144
4.5
309
CONTENTFORMAT_END
171
     1
301
MARGIN
  1
CELLMARGIN_BEGIN
 40
1.5
 40
1.5
 40
1.5
 40
1.5
 40
0.18
 40
0.18
309
CELLMARGIN_END
 94
        6
 95
        1
302
GRIDFORMAT
  1
GRIDFORMAT_BEGIN
 90
        0
 91
        1
 62
     0
 92
       -2
340
14
 93
        0
 40
1.125
309
GRIDFORMAT_END
 95
        2
302
GRIDFORMAT
  1
GRIDFORMAT_BEGIN
 90
        0
 91
        1
 62
     0
 92
       -2
340
14
 93
        0
 40
1.125
309
GRIDFORMAT_END
 95
        4
302
GRIDFORMAT
  1
GRIDFORMAT_BEGIN
 90
        0
 91
        1
 62
     0
 92
       -2
340
14
 93
        0
 40
1.125
309
GRIDFORMAT_END
 95
        8
302
GRIDFORMAT
  1
GRIDFORMAT_BEGIN
 90
        0
 91
        1
 62
     0
 92
       -2
340
14
 93
        0
 40
1.125
309
GRIDFORMAT_END
 95
       16
302
GRIDFORMAT
  1
GRIDFORMAT_BEGIN
 90
        0
 91
        1
 62
     0
 92
       -2
340
14
 93
        0
 40
1.125
309
GRIDFORMAT_END
 95
       32
302
GRIDFORMAT
  1
GRIDFORMAT_BEGIN
 90
        0
 91
        1
 62
     0
 92
       -2
340
14
 93
        0
 40
1.125
309
GRIDFORMAT_END
309
TABLEFORMAT_END
  1
CELLSTYLE_BEGIN
 90
        3
 91
        2
300
_DATA
309
CELLSTYLE_END
  0
ACDBASSOCARRAYACTIONBODY
  5
10A1
330
10A0
100
AcDbAssocActionBody
 90
        2
100
AcDbAssocArrayActionBody
 90
        1
  1
AcDbAssocArrayRectangularParameters
 90
        0
 90
       30
  1
AcDbAssocArrayItem
100
AcDbAssocArrayItem
 90
        0
 90
        0
 90
        0
 90
        0
 90
        8
 11
0.0
 21
0.0
 31
0.0
330
1102
100
AcDbAssocArrayItem
 90
        0
 90
        0
 90
        1
 90
        0
 90
        8
 11
-0.0000000000000006
 21
-10.0
 31
0.0
330
1103
100
AcDbAssocArrayItem
 90
        0
 90
        0
 90
        2
 90
        0
 90
        8
 11
-0.0000000000000012
 21
-20.0
 31
0.0
330
1104
100
AcDbAssocArrayItem
 90
        0
 90
        0
 90
        3
 90
        0
 90
        8
 11
-0.0000000000000018
 21
-30.0
 31
0.0
330
1105
100
AcDbAssocArrayItem
 90
        0
 90
        0
 90
        4
 90
        0
 90
        8
 11
-0.0000000000000024
 21
-40.0
 31
0.0
330
1106
100
AcDbAssocArrayItem
 90
        0
 90
        0
 90
        5
 90
        0
 90
        8
 11
-0.0000000000000031
 21
-50.0
 31
0.0
330
1107
100
AcDbAssocArrayItem
 90
        0
 90
        0
 90
        6
 90
        0
 90
        8
 11
-0.0000000000000037
 21
-60.0
 31
0.0
330
1108
100
AcDbAssocArrayItem
 90
        0
 90
        0
 90
        7
 90
        0
 90
        8
 11
-0.0000000000000043
 21
-70.0
 31
0.0
330
1109
100
AcDbAssocArrayItem
 90
        0
 90
        0
 90
        8
 90
        0
 90
        8
 11
-0.0000000000000049
 21
-80.0
 31
0.0
330
110A
100
AcDbAssocArrayItem
 90
        0
 90
        0
 90
        9
 90
        0
 90
        8
 11
-0.0000000000000055
 21
-90.0
 31
0.0
330
110B
100
AcDbAssocArrayItem
 90
        0
 90
        0
 90
       10
 90
        0
 90
        8
 11
-0.0000000000000061
 21
-100.0
 31
0.0
330
110C
100
AcDbAssocArrayItem
 90
        0
 90
        0
 90
       11
 90
        0
 90
        8
 11
-0.0000000000000067
 21
-110.0
 31
0.0
330
110D
100
AcDbAssocArrayItem
 90
        0
 90
        0
 90
       12
 90
        0
 90
        8
 11
-0.0000000000000073
 21
-120.0
 31
0.0
330
110E
100
AcDbAssocArrayItem
 90
        0
 90
        0
 90
       13
 90
        0
 90
        8
 11
-0.000000000000008
 21
-130.0
 31
0.0
330
110F
100
AcDbAssocArrayItem
 90
        0
 90
        0
 90
       14
 90
        0
 90
        8
 11
-0.0000000000000086
 21
-140.0
 31
0.0
330
1110
100
AcDbAssocArrayItem
 90
        0
 90
        0
 90
       15
 90
        0
 90
        8
 11
-0.0000000000000092
 21
-150.0
 31
0.0
330
1111
100
AcDbAssocArrayItem
 90
        0
 90
        0
 90
       16
 90
        0
 90
        8
 11
-0.0000000000000098
 21
-160.0
 31
0.0
330
1112
100
AcDbAssocArrayItem
 90
        0
 90
        0
 90
       17
 90
        0
 90
        8
 11
-0.0000000000000104
 21
-170.0
 31
0.0
330
1113
100
AcDbAssocArrayItem
 90
        0
 90
        0
 90
       18
 90
        0
 90
        8
 11
-0.000000000000011
 21
-180.0
 31
0.0
330
1114
100
AcDbAssocArrayItem
 90
        0
 90
        0
 90
       19
 90
        0
 90
        8
 11
-0.0000000000000116
 21
-190.0
 31
0.0
330
1115
100
AcDbAssocArrayItem
 90
        0
 90
        0
 90
       20
 90
        0
 90
        8
 11
-0.0000000000000122
 21
-200.0
 31
0.0
330
1116
100
AcDbAssocArrayItem
 90
        0
 90
        0
 90
       21
 90
        0
 90
        8
 11
-0.0000000000000129
 21
-210.0
 31
0.0
330
1117
100
AcDbAssocArrayItem
 90
        0
 90
        0
 90
       22
 90
        0
 90
        8
 11
-0.0000000000000135
 21
-220.0
 31
0.0
330
1118
100
AcDbAssocArrayItem
 90
        0
 90
        0
 90
       23
 90
        0
 90
        8
 11
-0.0000000000000141
 21
-230.0
 31
0.0
330
1119
100
AcDbAssocArrayItem
 90
        0
 90
        0
 90
       24
 90
        0
 90
        8
 11
-0.0000000000000147
 21
-240.0
 31
0.0
330
111A
100
AcDbAssocArrayItem
 90
        0
 90
        0
 90
       25
 90
        0
 90
        8
 11
-0.0000000000000153
 21
-250.0
 31
0.0
330
111B
100
AcDbAssocArrayItem
 90
        0
 90
        0
 90
       26
 90
        0
 90
        8
 11
-0.0000000000000159
 21
-260.0
 31
0.0
330
111C
100
AcDbAssocArrayItem
 90
        0
 90
        0
 90
       27
 90
        0
 90
        8
 11
-0.0000000000000165
 21
-270.0
 31
0.0
330
111D
100
AcDbAssocArrayItem
 90
        0
 90
        0
 90
       28
 90
        0
 90
        8
 11
-0.0000000000000171
 21
-280.0
 31
0.0
330
111E
100
AcDbAssocArrayItem
 90
        0
 90
        0
 90
       29
 90
        0
 90
        8
 11
-0.0000000000000178
 21
-290.0
 31
0.0
330
111F
 40
1.0
 40
0.0
 40
0.0
 40
2157.007940588526
 40
0.0
 40
1.0
 40
0.0
 40
2021.289118161499
 40
0.0
 40
0.0
 40
1.0
 40
0.0
 40
0.0
 40
0.0
 40
0.0
 40
1.0
  0
ACDBASSOCDEPENDENCY
  5
10A2
330
10A0
100
AcDbAssocDependency
 90
        2
 90
        0
290
     0
290
     1
290
     1
290
     1
 90
        0
330
1100
290
     0
330
0
330
0
360
0
 90
        1
  0
ACDBASSOCDEPENDENCY
  5
10A3
330
10A0
100
AcDbAssocDependency
 90
        2
 90
        0
290
     1
290
     0
290
     1
290
     1
 90
        0
330
10FC
290
     0
330
0
330
0
360
0
 90
        2
  0
ACDBASSOCDEPENDENCY
  5
10A4
330
10A0
100
AcDbAssocDependency
 90
        2
 90
        0
290
     1
290
     1
290
     1
290
     1
 90
-2147483648
330
E69
290
     0
330
0
330
0
360
0
 90
        3
  0
ACDBASSOCVERTEXACTIONPARAM
  5
10A5
330
10A0
100
AcDbAssocActionParam
 90
        1
 90
        0
  1
BaseNormal
100
AcDbAssocSingleDependencyActionParam
 90
        0
330
0
100
AcDbAssocVertexActionParam
 90
        0
 10
0.0
 20
0.0
 30
1.0
  0
ACDBASSOCVERTEXACTIONPARAM
  5
10A6
330
10A0
100
AcDbAssocActionParam
 90
        1
 90
        0
  1
Origin
100
AcDbAssocSingleDependencyActionParam
 90
        0
330
0
100
AcDbAssocVertexActionParam
 90
        0
 10
0.0
 20
0.0
 30
0.0
  0
ACDBASSOCVERTEXACTIONPARAM
  5
10A7
330
10A0
100
AcDbAssocActionParam
 90
        1
 90
        0
  1
basePoint
100
AcDbAssocSingleDependencyActionParam
 90
        0
330
0
100
AcDbAssocVertexActionParam
 90
        0
 10
0.0
 20
0.0
 30
0.0
  0
ACDBASSOCARRAYACTIONBODY
  5
10A9
330
10A8
100
AcDbAssocActionBody
 90
        2
100
AcDbAssocArrayActionBody
 90
        1
  1
AcDbAssocArrayRectangularParameters
 90
        0
 90
       31
  1
AcDbAssocArrayItem
100
AcDbAssocArrayItem
 90
        0
 90
        0
 90
        0
 90
        0
 90
        8
 11
0.0
 21
0.0
 31
0.0
330
10DC
100
AcDbAssocArrayItem
 90
        0
 90
        0
 90
        1
 90
        0
 90
        8
 11
-0.0000000000000006
 21
-10.0
 31
0.0
330
10DD
100
AcDbAssocArrayItem
 90
        0
 90
        0
 90
        2
 90
        0
 90
        8
 11
-0.0000000000000012
 21
-20.0
 31
0.0
330
10DE
100
AcDbAssocArrayItem
 90
        0
 90
        0
 90
        3
 90
        0
 90
        8
 11
-0.0000000000000018
 21
-30.0
 31
0.0
330
10DF
100
AcDbAssocArrayItem
 90
        0
 90
        0
 90
        4
 90
        0
 90
        8
 11
-0.0000000000000024
 21
-40.0
 31
0.0
330
10E0
100
AcDbAssocArrayItem
 90
        0
 90
        0
 90
        5
 90
        0
 90
        8
 11
-0.0000000000000031
 21
-50.0
 31
0.0
330
10E1
100
AcDbAssocArrayItem
 90
        0
 90
        0
 90
        6
 90
        0
 90
        8
 11
-0.0000000000000037
 21
-60.0
 31
0.0
330
10E2
100
AcDbAssocArrayItem
 90
        0
 90
        0
 90
        7
 90
        0
 90
        8
 11
-0.0000000000000043
 21
-70.0
 31
0.0
330
10E3
100
AcDbAssocArrayItem
 90
        0
 90
        0
 90
        8
 90
        0
 90
        8
 11
-0.0000000000000049
 21
-80.0
 31
0.0
330
10E4
100
AcDbAssocArrayItem
 90
        0
 90
        0
 90
        9
 90
        0
 90
        8
 11
-0.0000000000000055
 21
-90.0
 31
0.0
330
10E5
100
AcDbAssocArrayItem
 90
        0
 90
        0
 90
       10
 90
        0
 90
        8
 11
-0.0000000000000061
 21
-100.0
 31
0.0
330
10E6
100
AcDbAssocArrayItem
 90
        0
 90
        0
 90
       11
 90
        0
 90
        8
 11
-0.0000000000000067
 21
-110.0
 31
0.0
330
10E7
100
AcDbAssocArrayItem
 90
        0
 90
        0
 90
       12
 90
        0
 90
        8
 11
-0.0000000000000073
 21
-120.0
 31
0.0
330
10E8
100
AcDbAssocArrayItem
 90
        0
 90
        0
 90
       13
 90
        0
 90
        8
 11
-0.000000000000008
 21
-130.0
 31
0.0
330
10E9
100
AcDbAssocArrayItem
 90
        0
 90
        0
 90
       14
 90
        0
 90
        8
 11
-0.0000000000000086
 21
-140.0
 31
0.0
330
10EA
100
AcDbAssocArrayItem
 90
        0
 90
        0
 90
       15
 90
        0
 90
        8
 11
-0.0000000000000092
 21
-150.0
 31
0.0
330
10EB
100
AcDbAssocArrayItem
 90
        0
 90
        0
 90
       16
 90
        0
 90
        8
 11
-0.0000000000000098
 21
-160.0
 31
0.0
330
10EC
100
AcDbAssocArrayItem
 90
        0
 90
        0
 90
       17
 90
        0
 90
        8
 11
-0.0000000000000104
 21
-170.0
 31
0.0
330
10ED
100
AcDbAssocArrayItem
 90
        0
 90
        0
 90
       18
 90
        0
 90
        8
 11
-0.000000000000011
 21
-180.0
 31
0.0
330
10EE
100
AcDbAssocArrayItem
 90
        0
 90
        0
 90
       19
 90
        0
 90
        8
 11
-0.0000000000000116
 21
-190.0
 31
0.0
330
10EF
100
AcDbAssocArrayItem
 90
        0
 90
        0
 90
       20
 90
        0
 90
        8
 11
-0.0000000000000122
 21
-200.0
 31
0.0
330
10F0
100
AcDbAssocArrayItem
 90
        0
 90
        0
 90
       21
 90
        0
 90
        8
 11
-0.0000000000000129
 21
-210.0
 31
0.0
330
10F1
100
AcDbAssocArrayItem
 90
        0
 90
        0
 90
       22
 90
        0
 90
        8
 11
-0.0000000000000135
 21
-220.0
 31
0.0
330
10F2
100
AcDbAssocArrayItem
 90
        0
 90
        0
 90
       23
 90
        0
 90
        8
 11
-0.0000000000000141
 21
-230.0
 31
0.0
330
10F3
100
AcDbAssocArrayItem
 90
        0
 90
        0
 90
       24
 90
        0
 90
        8
 11
-0.0000000000000147
 21
-240.0
 31
0.0
330
10F4
100
AcDbAssocArrayItem
 90
        0
 90
        0
 90
       25
 90
        0
 90
        8
 11
-0.0000000000000153
 21
-250.0
 31
0.0
330
10F5
100
AcDbAssocArrayItem
 90
        0
 90
        0
 90
       26
 90
        0
 90
        8
 11
-0.0000000000000159
 21
-260.0
 31
0.0
330
10F6
100
AcDbAssocArrayItem
 90
        0
 90
        0
 90
       27
 90
        0
 90
        8
 11
-0.0000000000000165
 21
-270.0
 31
0.0
330
10F7
100
AcDbAssocArrayItem
 90
        0
 90
        0
 90
       28
 90
        0
 90
        8
 11
-0.0000000000000171
 21
-280.0
 31
0.0
330
10F8
100
AcDbAssocArrayItem
 90
        0
 90
        0
 90
       29
 90
        0
 90
        8
 11
-0.0000000000000178
 21
-290.0
 31
0.0
330
10F9
100
AcDbAssocArrayItem
 90
        0
 90
        0
 90
       30
 90
        0
 90
        8
 11
-0.0000000000000184
 21
-300.0
 31
0.0
330
10FA
 40
1.0
 40
0.0
 40
0.0
 40
2042.007940587129
 40
0.0
 40
1.0
 40
0.0
 40
2021.289118161499
 40
0.0
 40
0.0
 40
1.0
 40
0.0
 40
0.0
 40
0.0
 40
0.0
 40
1.0
  0
ACDBASSOCDEPENDENCY
  5
10AA
330
10A8
100
AcDbAssocDependency
 90
        2
 90
        0
290
     0
290
     1
290
     1
290
     1
 90
        0
330
10DA
290
     0
330
0
330
0
360
0
 90
        1
  0
ACDBASSOCDEPENDENCY
  5
10AB
330
10A8
100
AcDbAssocDependency
 90
        2
 90
        0
290
     1
290
     0
290
     1
290
     1
 90
        0
330
10D6
290
     0
330
0
330
0
360
0
 90
        2
  0
ACDBASSOCDEPENDENCY
  5
10AC
330
10A8
100
AcDbAssocDependency
 90
        2
 90
        0
290
     1
290
     1
290
     1
290
     1
 90
-2147483648
330
E67
290
     0
330
0
330
0
360
0
 90
        3
  0
ACDBASSOCVERTEXACTIONPARAM
  5
10AD
330
10A8
100
AcDbAssocActionParam
 90
        1
 90
        0
  1
BaseNormal
100
AcDbAssocSingleDependencyActionParam
 90
        0
330
0
100
AcDbAssocVertexActionParam
 90
        0
 10
0.0
 20
0.0
 30
1.0
  0
ACDBASSOCVERTEXACTIONPARAM
  5
10AE
330
10A8
100
AcDbAssocActionParam
 90
        1
 90
        0
  1
Origin
100
AcDbAssocSingleDependencyActionParam
 90
        0
330
0
100
AcDbAssocVertexActionParam
 90
        0
 10
0.0
 20
0.0
 30
0.0
  0
ACDBASSOCVERTEXACTIONPARAM
  5
10AF
330
10A8
100
AcDbAssocActionParam
 90
        1
 90
        0
  1
basePoint
100
AcDbAssocSingleDependencyActionParam
 90
        0
330
0
100
AcDbAssocVertexActionParam
 90
        0
 10
0.0
 20
0.0
 30
0.0
  0
ACDBASSOCARRAYACTIONBODY
  5
1878
330
1877
100
AcDbAssocActionBody
 90
        2
100
AcDbAssocArrayActionBody
 90
        1
  1
AcDbAssocArrayRectangularParameters
 90
        0
 90
       31
  1
AcDbAssocArrayItem
100
AcDbAssocArrayItem
 90
        0
 90
        0
 90
        0
 90
        0
 90
        8
 11
0.0
 21
0.0
 31
0.0
330
119D
100
AcDbAssocArrayItem
 90
        0
 90
        0
 90
        1
 90
        0
 90
        8
 11
0.0000000000000006
 21
10.0
 31
0.0
330
119E
100
AcDbAssocArrayItem
 90
        0
 90
        0
 90
        2
 90
        0
 90
        8
 11
0.0000000000000012
 21
20.0
 31
0.0
330
119F
100
AcDbAssocArrayItem
 90
        0
 90
        0
 90
        3
 90
        0
 90
        8
 11
0.0000000000000018
 21
30.0
 31
0.0
330
11A0
100
AcDbAssocArrayItem
 90
        0
 90
        0
 90
        4
 90
        0
 90
        8
 11
0.0000000000000024
 21
40.0
 31
0.0
330
11A1
100
AcDbAssocArrayItem
 90
        0
 90
        0
 90
        5
 90
        0
 90
        8
 11
0.0000000000000031
 21
50.0
 31
0.0
330
11A2
100
AcDbAssocArrayItem
 90
        0
 90
        0
 90
        6
 90
        0
 90
        8
 11
0.0000000000000037
 21
60.0
 31
0.0
330
11A3
100
AcDbAssocArrayItem
 90
        0
 90
        0
 90
        7
 90
        0
 90
        8
 11
0.0000000000000043
 21
70.0
 31
0.0
330
11A4
100
AcDbAssocArrayItem
 90
        0
 90
        0
 90
        8
 90
        0
 90
        8
 11
0.0000000000000049
 21
80.0
 31
0.0
330
11A5
100
AcDbAssocArrayItem
 90
        0
 90
        0
 90
        9
 90
        0
 90
        8
 11
0.0000000000000055
 21
90.0
 31
0.0
330
11A6
100
AcDbAssocArrayItem
 90
        0
 90
        0
 90
       10
 90
        0
 90
        8
 11
0.0000000000000061
 21
100.0
 31
0.0
330
11A7
100
AcDbAssocArrayItem
 90
        0
 90
        0
 90
       11
 90
        0
 90
        8
 11
0.0000000000000067
 21
110.0
 31
0.0
330
11A8
100
AcDbAssocArrayItem
 90
        0
 90
        0
 90
       12
 90
        0
 90
        8
 11
0.0000000000000073
 21
120.0
 31
0.0
330
11A9
100
AcDbAssocArrayItem
 90
        0
 90
        0
 90
       13
 90
        0
 90
        8
 11
0.000000000000008
 21
130.0
 31
0.0
330
11AA
100
AcDbAssocArrayItem
 90
        0
 90
        0
 90
       14
 90
        0
 90
        8
 11
0.0000000000000086
 21
140.0
 31
0.0
330
11AB
100
AcDbAssocArrayItem
 90
        0
 90
        0
 90
       15
 90
        0
 90
        8
 11
0.0000000000000092
 21
150.0
 31
0.0
330
11AC
100
AcDbAssocArrayItem
 90
        0
 90
        0
 90
       16
 90
        0
 90
        8
 11
0.0000000000000098
 21
160.0
 31
0.0
330
11AD
100
AcDbAssocArrayItem
 90
        0
 90
        0
 90
       17
 90
        0
 90
        8
 11
0.0000000000000104
 21
170.0
 31
0.0
330
11AE
100
AcDbAssocArrayItem
 90
        0
 90
        0
 90
       18
 90
        0
 90
        8
 11
0.000000000000011
 21
180.0
 31
0.0
330
11AF
100
AcDbAssocArrayItem
 90
        0
 90
        0
 90
       19
 90
        0
 90
        8
 11
0.0000000000000116
 21
190.0
 31
0.0
330
11B0
100
AcDbAssocArrayItem
 90
        0
 90
        0
 90
       20
 90
        0
 90
        8
 11
0.0000000000000122
 21
200.0
 31
0.0
330
11B1
100
AcDbAssocArrayItem
 90
        0
 90
        0
 90
       21
 90
        0
 90
        8
 11
0.0000000000000129
 21
210.0
 31
0.0
330
11B2
100
AcDbAssocArrayItem
 90
        0
 90
        0
 90
       22
 90
        0
 90
        8
 11
0.0000000000000135
 21
220.0
 31
0.0
330
11B3
100
AcDbAssocArrayItem
 90
        0
 90
        0
 90
       23
 90
        0
 90
        8
 11
0.0000000000000141
 21
230.0
 31
0.0
330
11B4
100
AcDbAssocArrayItem
 90
        0
 90
        0
 90
       24
 90
        0
 90
        8
 11
0.0000000000000147
 21
240.0
 31
0.0
330
11B5
100
AcDbAssocArrayItem
 90
        0
 90
        0
 90
       25
 90
        0
 90
        8
 11
0.0000000000000153
 21
250.0
 31
0.0
330
11B6
100
AcDbAssocArrayItem
 90
        0
 90
        0
 90
       26
 90
        0
 90
        8
 11
0.0000000000000159
 21
260.0
 31
0.0
330
11B7
100
AcDbAssocArrayItem
 90
        0
 90
        0
 90
       27
 90
        0
 90
        8
 11
0.0000000000000165
 21
270.0
 31
0.0
330
11B8
100
AcDbAssocArrayItem
 90
        0
 90
        0
 90
       28
 90
        0
 90
        8
 11
0.0000000000000171
 21
280.0
 31
0.0
330
11B9
100
AcDbAssocArrayItem
 90
        0
 90
        0
 90
       29
 90
        0
 90
        8
 11
0.0000000000000178
 21
290.0
 31
0.0
330
11BA
100
AcDbAssocArrayItem
 90
        0
 90
        0
 90
       30
 90
        0
 90
        8
 11
0.0000000000000184
 21
300.0
 31
0.0
330
11BB
 40
1.0
 40
0.0
 40
0.0
 40
-3131381.318569079
 40
0.0
 40
1.0
 40
0.0
 40
3591344.48994793
 40
0.0
 40
0.0
 40
1.0
 40
-1.0
 40
0.0
 40
0.0
 40
0.0
 40
1.0
  0
ACDBASSOCDEPENDENCY
  5
1879
330
1877
100
AcDbAssocDependency
 90
        2
 90
        0
290
     0
290
     1
290
     1
290
     1
 90
        0
330
119B
290
     0
330
0
330
0
360
0
 90
        1
  0
ACDBASSOCDEPENDENCY
  5
187A
330
1877
100
AcDbAssocDependency
 90
        2
 90
        0
290
     1
290
     0
290
     1
290
     1
 90
        0
330
1197
290
     0
330
0
330
0
360
0
 90
        2
  0
ACDBASSOCDEPENDENCY
  5
187B
330
1877
100
AcDbAssocDependency
 90
        2
 90
        0
290
     1
290
     1
290
     1
290
     1
 90
-2147483648
330
1647
290
     0
330
0
330
0
360
0
 90
        3
  0
ACDBASSOCVERTEXACTIONPARAM
  5
187C
330
1877
100
AcDbAssocActionParam
 90
        1
 90
        0
  1
BaseNormal
100
AcDbAssocSingleDependencyActionParam
 90
        0
330
0
100
AcDbAssocVertexActionParam
 90
        0
 10
0.0
 20
0.0
 30
1.0
  0
ACDBASSOCVERTEXACTIONPARAM
  5
187D
330
1877
100
AcDbAssocActionParam
 90
        1
 90
        0
  1
Origin
100
AcDbAssocSingleDependencyActionParam
 90
        0
330
0
100
AcDbAssocVertexActionParam
 90
        0
 10
0.0
 20
0.0
 30
0.0
  0
ACDBASSOCVERTEXACTIONPARAM
  5
187E
330
1877
100
AcDbAssocActionParam
 90
        1
 90
        0
  1
basePoint
100
AcDbAssocSingleDependencyActionParam
 90
        0
330
0
100
AcDbAssocVertexActionParam
 90
        0
 10
0.0
 20
0.0
 30
0.0
  0
ACDBASSOCARRAYACTIONBODY
  5
1880
330
187F
100
AcDbAssocActionBody
 90
        2
100
AcDbAssocArrayActionBody
 90
        1
  1
AcDbAssocArrayRectangularParameters
 90
        0
 90
       30
  1
AcDbAssocArrayItem
100
AcDbAssocArrayItem
 90
        0
 90
        0
 90
        0
 90
        0
 90
        8
 11
0.0
 21
0.0
 31
0.0
330
116B
100
AcDbAssocArrayItem
 90
        0
 90
        0
 90
        1
 90
        0
 90
        8
 11
-0.0000000000000006
 21
-10.0
 31
0.0
330
116C
100
AcDbAssocArrayItem
 90
        0
 90
        0
 90
        2
 90
        0
 90
        8
 11
-0.0000000000000012
 21
-20.0
 31
0.0
330
116D
100
AcDbAssocArrayItem
 90
        0
 90
        0
 90
        3
 90
        0
 90
        8
 11
-0.0000000000000018
 21
-30.0
 31
0.0
330
116E
100
AcDbAssocArrayItem
 90
        0
 90
        0
 90
        4
 90
        0
 90
        8
 11
-0.0000000000000024
 21
-40.0
 31
0.0
330
116F
100
AcDbAssocArrayItem
 90
        0
 90
        0
 90
        5
 90
        0
 90
        8
 11
-0.0000000000000031
 21
-50.0
 31
0.0
330
1170
100
AcDbAssocArrayItem
 90
        0
 90
        0
 90
        6
 90
        0
 90
        8
 11
-0.0000000000000037
 21
-60.0
 31
0.0
330
1171
100
AcDbAssocArrayItem
 90
        0
 90
        0
 90
        7
 90
        0
 90
        8
 11
-0.0000000000000043
 21
-70.0
 31
0.0
330
1172
100
AcDbAssocArrayItem
 90
        0
 90
        0
 90
        8
 90
        0
 90
        8
 11
-0.0000000000000049
 21
-80.0
 31
0.0
330
1173
100
AcDbAssocArrayItem
 90
        0
 90
        0
 90
        9
 90
        0
 90
        8
 11
-0.0000000000000055
 21
-90.0
 31
0.0
330
1174
100
AcDbAssocArrayItem
 90
        0
 90
        0
 90
       10
 90
        0
 90
        8
 11
-0.0000000000000061
 21
-100.0
 31
0.0
330
1175
100
AcDbAssocArrayItem
 90
        0
 90
        0
 90
       11
 90
        0
 90
        8
 11
-0.0000000000000067
 21
-110.0
 31
0.0
330
1176
100
AcDbAssocArrayItem
 90
        0
 90
        0
 90
       12
 90
        0
 90
        8
 11
-0.0000000000000073
 21
-120.0
 31
0.0
330
1177
100
AcDbAssocArrayItem
 90
        0
 90
        0
 90
       13
 90
        0
 90
        8
 11
-0.000000000000008
 21
-130.0
 31
0.0
330
1178
100
AcDbAssocArrayItem
 90
        0
 90
        0
 90
       14
 90
        0
 90
        8
 11
-0.0000000000000086
 21
-140.0
 31
0.0
330
1179
100
AcDbAssocArrayItem
 90
        0
 90
        0
 90
       15
 90
        0
 90
        8
 11
-0.0000000000000092
 21
-150.0
 31
0.0
330
117A
100
AcDbAssocArrayItem
 90
        0
 90
        0
 90
       16
 90
        0
 90
        8
 11
-0.0000000000000098
 21
-160.0
 31
0.0
330
117B
100
AcDbAssocArrayItem
 90
        0
 90
        0
 90
       17
 90
        0
 90
        8
 11
-0.0000000000000104
 21
-170.0
 31
0.0
330
117C
100
AcDbAssocArrayItem
 90
        0
 90
        0
 90
       18
 90
        0
 90
        8
 11
-0.000000000000011
 21
-180.0
 31
0.0
330
117D
100
AcDbAssocArrayItem
 90
        0
 90
        0
 90
       19
 90
        0
 90
        8
 11
-0.0000000000000116
 21
-190.0
 31
0.0
330
117E
100
AcDbAssocArrayItem
 90
        0
 90
        0
 90
       20
 90
        0
 90
        8
 11
-0.0000000000000122
 21
-200.0
 31
0.0
330
117F
100
AcDbAssocArrayItem
 90
        0
 90
        0
 90
       21
 90
        0
 90
        8
 11
-0.0000000000000129
 21
-210.0
 31
0.0
330
1180
100
AcDbAssocArrayItem
 90
        0
 90
        0
 90
       22
 90
        0
 90
        8
 11
-0.0000000000000135
 21
-220.0
 31
0.0
330
1181
100
AcDbAssocArrayItem
 90
        0
 90
        0
 90
       23
 90
        0
 90
        8
 11
-0.0000000000000141
 21
-230.0
 31
0.0
330
1182
100
AcDbAssocArrayItem
 90
        0
 90
        0
 90
       24
 90
        0
 90
        8
 11
-0.0000000000000147
 21
-240.0
 31
0.0
330
1183
100
AcDbAssocArrayItem
 90
        0
 90
        0
 90
       25
 90
        0
 90
        8
 11
-0.0000000000000153
 21
-250.0
 31
0.0
330
1184
100
AcDbAssocArrayItem
 90
        0
 90
        0
 90
       26
 90
        0
 90
        8
 11
-0.0000000000000159
 21
-260.0
 31
0.0
330
1185
100
AcDbAssocArrayItem
 90
        0
 90
        0
 90
       27
 90
        0
 90
        8
 11
-0.0000000000000165
 21
-270.0
 31
0.0
330
1186
100
AcDbAssocArrayItem
 90
        0
 90
        0
 90
       28
 90
        0
 90
        8
 11
-0.0000000000000171
 21
-280.0
 31
0.0
330
1187
100
AcDbAssocArrayItem
 90
        0
 90
        0
 90
       29
 90
        0
 90
        8
 11
-0.0000000000000178
 21
-290.0
 31
0.0
330
1188
 40
1.0
 40
0.0
 40
0.0
 40
117.5
 40
0.0
 40
1.0
 40
0.0
 40
304.9999999995343
 40
0.0
 40
0.0
 40
1.0
 40
0.0
 40
0.0
 40
0.0
 40
0.0
 40
1.0
  0
ACDBASSOCDEPENDENCY
  5
1881
330
187F
100
AcDbAssocDependency
 90
        2
 90
        0
290
     0
290
     1
290
     1
290
     1
 90
        0
330
1169
290
     0
330
0
330
0
360
0
 90
        1
  0
ACDBASSOCDEPENDENCY
  5
1882
330
187F
100
AcDbAssocDependency
 90
        2
 90
        0
290
     1
290
     0
290
     1
290
     1
 90
        0
330
1165
290
     0
330
0
330
0
360
0
 90
        2
  0
ACDBASSOCDEPENDENCY
  5
1883
330
187F
100
AcDbAssocDependency
 90
        2
 90
        0
290
     1
290
     1
290
     1
290
     1
 90
-2147483648
330
1644
290
     0
330
0
330
0
360
0
 90
        3
  0
ACDBASSOCVERTEXACTIONPARAM
  5
1884
330
187F
100
AcDbAssocActionParam
 90
        1
 90
        0
  1
BaseNormal
100
AcDbAssocSingleDependencyActionParam
 90
        0
330
0
100
AcDbAssocVertexActionParam
 90
        0
 10
0.0
 20
0.0
 30
1.0
  0
ACDBASSOCVERTEXACTIONPARAM
  5
1885
330
187F
100
AcDbAssocActionParam
 90
        1
 90
        0
  1
Origin
100
AcDbAssocSingleDependencyActionParam
 90
        0
330
0
100
AcDbAssocVertexActionParam
 90
        0
 10
0.0
 20
0.0
 30
0.0
  0
ACDBASSOCVERTEXACTIONPARAM
  5
1886
330
187F
100
AcDbAssocActionParam
 90
        1
 90
        0
  1
basePoint
100
AcDbAssocSingleDependencyActionParam
 90
        0
330
0
100
AcDbAssocVertexActionParam
 90
        0
 10
0.0
 20
0.0
 30
0.0
  0
ACDBASSOCARRAYACTIONBODY
  5
1888
330
1887
100
AcDbAssocActionBody
 90
        2
100
AcDbAssocArrayActionBody
 90
        1
  1
AcDbAssocArrayRectangularParameters
 90
        0
 90
       31
  1
AcDbAssocArrayItem
100
AcDbAssocArrayItem
 90
        0
 90
        0
 90
        0
 90
        0
 90
        8
 11
0.0
 21
0.0
 31
0.0
330
1145
100
AcDbAssocArrayItem
 90
        0
 90
        0
 90
        1
 90
        0
 90
        8
 11
-0.0000000000000006
 21
-10.0
 31
0.0
330
1146
100
AcDbAssocArrayItem
 90
        0
 90
        0
 90
        2
 90
        0
 90
        8
 11
-0.0000000000000012
 21
-20.0
 31
0.0
330
1147
100
AcDbAssocArrayItem
 90
        0
 90
        0
 90
        3
 90
        0
 90
        8
 11
-0.0000000000000018
 21
-30.0
 31
0.0
330
1148
100
AcDbAssocArrayItem
 90
        0
 90
        0
 90
        4
 90
        0
 90
        8
 11
-0.0000000000000024
 21
-40.0
 31
0.0
330
1149
100
AcDbAssocArrayItem
 90
        0
 90
        0
 90
        5
 90
        0
 90
        8
 11
-0.0000000000000031
 21
-50.0
 31
0.0
330
114A
100
AcDbAssocArrayItem
 90
        0
 90
        0
 90
        6
 90
        0
 90
        8
 11
-0.0000000000000037
 21
-60.0
 31
0.0
330
114B
100
AcDbAssocArrayItem
 90
        0
 90
        0
 90
        7
 90
        0
 90
        8
 11
-0.0000000000000043
 21
-70.0
 31
0.0
330
114C
100
AcDbAssocArrayItem
 90
        0
 90
        0
 90
        8
 90
        0
 90
        8
 11
-0.0000000000000049
 21
-80.0
 31
0.0
330
114D
100
AcDbAssocArrayItem
 90
        0
 90
        0
 90
        9
 90
        0
 90
        8
 11
-0.0000000000000055
 21
-90.0
 31
0.0
330
114E
100
AcDbAssocArrayItem
 90
        0
 90
        0
 90
       10
 90
        0
 90
        8
 11
-0.0000000000000061
 21
-100.0
 31
0.0
330
114F
100
AcDbAssocArrayItem
 90
        0
 90
        0
 90
       11
 90
        0
 90
        8
 11
-0.0000000000000067
 21
-110.0
 31
0.0
330
1150
100
AcDbAssocArrayItem
 90
        0
 90
        0
 90
       12
 90
        0
 90
        8
 11
-0.0000000000000073
 21
-120.0
 31
0.0
330
1151
100
AcDbAssocArrayItem
 90
        0
 90
        0
 90
       13
 90
        0
 90
        8
 11
-0.000000000000008
 21
-130.0
 31
0.0
330
1152
100
AcDbAssocArrayItem
 90
        0
 90
        0
 90
       14
 90
        0
 90
        8
 11
-0.0000000000000086
 21
-140.0
 31
0.0
330
1153
100
AcDbAssocArrayItem
 90
        0
 90
        0
 90
       15
 90
        0
 90
        8
 11
-0.0000000000000092
 21
-150.0
 31
0.0
330
1154
100
AcDbAssocArrayItem
 90
        0
 90
        0
 90
       16
 90
        0
 90
        8
 11
-0.0000000000000098
 21
-160.0
 31
0.0
330
1155
100
AcDbAssocArrayItem
 90
        0
 90
        0
 90
       17
 90
        0
 90
        8
 11
-0.0000000000000104
 21
-170.0
 31
0.0
330
1156
100
AcDbAssocArrayItem
 90
        0
 90
        0
 90
       18
 90
        0
 90
        8
 11
-0.000000000000011
 21
-180.0
 31
0.0
330
1157
100
AcDbAssocArrayItem
 90
        0
 90
        0
 90
       19
 90
        0
 90
        8
 11
-0.0000000000000116
 21
-190.0
 31
0.0
330
1158
100
AcDbAssocArrayItem
 90
        0
 90
        0
 90
       20
 90
        0
 90
        8
 11
-0.0000000000000122
 21
-200.0
 31
0.0
330
1159
100
AcDbAssocArrayItem
 90
        0
 90
        0
 90
       21
 90
        0
 90
        8
 11
-0.0000000000000129
 21
-210.0
 31
0.0
330
115A
100
AcDbAssocArrayItem
 90
        0
 90
        0
 90
       22
 90
        0
 90
        8
 11
-0.0000000000000135
 21
-220.0
 31
0.0
330
115B
100
AcDbAssocArrayItem
 90
        0
 90
        0
 90
       23
 90
        0
 90
        8
 11
-0.0000000000000141
 21
-230.0
 31
0.0
330
115C
100
AcDbAssocArrayItem
 90
        0
 90
        0
 90
       24
 90
        0
 90
        8
 11
-0.0000000000000147
 21
-240.0
 31
0.0
330
115D
100
AcDbAssocArrayItem
 90
        0
 90
        0
 90
       25
 90
        0
 90
        8
 11
-0.0000000000000153
 21
-250.0
 31
0.0
330
115E
100
AcDbAssocArrayItem
 90
        0
 90
        0
 90
       26
 90
        0
 90
        8
 11
-0.0000000000000159
 21
-260.0
 31
0.0
330
115F
100
AcDbAssocArrayItem
 90
        0
 90
        0
 90
       27
 90
        0
 90
        8
 11
-0.0000000000000165
 21
-270.0
 31
0.0
330
1160
100
AcDbAssocArrayItem
 90
        0
 90
        0
 90
       28
 90
        0
 90
        8
 11
-0.0000000000000171
 21
-280.0
 31
0.0
330
1161
100
AcDbAssocArrayItem
 90
        0
 90
        0
 90
       29
 90
        0
 90
        8
 11
-0.0000000000000178
 21
-290.0
 31
0.0
330
1162
100
AcDbAssocArrayItem
 90
        0
 90
        0
 90
       30
 90
        0
 90
        8
 11
-0.0000000000000184
 21
-300.0
 31
0.0
330
1163
 40
1.0
 40
0.0
 40
0.0
 40
2.499999998603016
 40
0.0
 40
1.0
 40
0.0
 40
304.9999999995343
 40
0.0
 40
0.0
 40
1.0
 40
0.0
 40
0.0
 40
0.0
 40
0.0
 40
1.0
  0
ACDBASSOCDEPENDENCY
  5
1889
330
1887
100
AcDbAssocDependency
 90
        2
 90
        0
290
     0
290
     1
290
     1
290
     1
 90
        0
330
1143
290
     0
330
0
330
0
360
0
 90
        1
  0
ACDBASSOCDEPENDENCY
  5
188A
330
1887
100
AcDbAssocDependency
 90
        2
 90
        0
290
     1
290
     0
290
     1
290
     1
 90
        0
330
113F
290
     0
330
0
330
0
360
0
 90
        2
  0
ACDBASSOCDEPENDENCY
  5
188B
330
1887
100
AcDbAssocDependency
 90
        2
 90
        0
290
     1
290
     1
290
     1
290
     1
 90
-2147483648
330
1642
290
     0
330
0
330
0
360
0
 90
        3
  0
ACDBASSOCVERTEXACTIONPARAM
  5
188C
330
1887
100
AcDbAssocActionParam
 90
        1
 90
        0
  1
BaseNormal
100
AcDbAssocSingleDependencyActionParam
 90
        0
330
0
100
AcDbAssocVertexActionParam
 90
        0
 10
0.0
 20
0.0
 30
1.0
  0
ACDBASSOCVERTEXACTIONPARAM
  5
188D
330
1887
100
AcDbAssocActionParam
 90
        1
 90
        0
  1
Origin
100
AcDbAssocSingleDependencyActionParam
 90
        0
330
0
100
AcDbAssocVertexActionParam
 90
        0
 10
0.0
 20
0.0
 30
0.0
  0
ACDBASSOCVERTEXACTIONPARAM
  5
188E
330
1887
100
AcDbAssocActionParam
 90
        1
 90
        0
  1
basePoint
100
AcDbAssocSingleDependencyActionParam
 90
        0
330
0
100
AcDbAssocVertexActionParam
 90
        0
 10
0.0
 20
0.0
 30
0.0
  0
ENDSEC
  0
SECTION
  2
ACDSDATA
 70
     2
 71
     8
  0
ACDSSCHEMA
 90
        0
  1
AcDb_Thumbnail_Schema
  2
AcDbDs::ID
280
    10
 91
        8
  2
Thumbnail_Data
280
    15
 91
        0
101
ACDSRECORD
 95
        0
 90
        1
  2
AcDbDs::TreatedAsObjectData
280
     1
291
     1
101
ACDSRECORD
 95
        0
 90
        2
  2
AcDbDs::Legacy
280
     1
291
     1
101
ACDSRECORD
  1
AcDbDs::ID
 90
        3
  2
AcDs:Indexable
280
     1
291
     1
101
ACDSRECORD
  1
AcDbDs::ID
 90
        4
  2
AcDbDs::HandleAttribute
280
     7
282
     1
  0
ACDSSCHEMA
 90
        1
  1
AcDbDs::TreatedAsObjectDataSchema
  2
AcDbDs::TreatedAsObjectData
280
     1
 91
        0
  0
ACDSSCHEMA
 90
        2
  1
AcDbDs::LegacySchema
  2
AcDbDs::Legacy
280
     1
 91
        0
  0
ACDSSCHEMA
 90
        3
  1
AcDbDs::IndexedPropertySchema
  2
AcDs:Indexable
280
     1
 91
        0
  0
ACDSSCHEMA
 90
        4
  1
AcDbDs::HandleAttributeSchema
  2
AcDbDs::HandleAttribute
280
     7
 91
        1
284
     1
  0
ACDSRECORD
 90
        0
  2
AcDbDs::ID
280
    10
320
22
  2
Thumbnail_Data
280
    15
 94
     1039
310
89504E470D0A1A0A0000000D494844520000010000000085080300000083A6D68B00000300504C5445212830FFFFFF2128300000000000000000000000000000000000000000000000000000330000660000990000CC0000FF0033000033330033660033990033CC0033FF0066000066330066660066990066CC0066FF0099
310
000099330099660099990099CC0099FF00CC0000CC3300CC6600CC9900CCCC00CCFF00FF0000FF3300FF6600FF9900FFCC00FFFF3300003300333300663300993300CC3300FF3333003333333333663333993333CC3333FF3366003366333366663366993366CC3366FF3399003399333399663399993399CC3399FF33CC00
310
33CC3333CC6633CC9933CCCC33CCFF33FF0033FF3333FF6633FF9933FFCC33FFFF6600006600336600666600996600CC6600FF6633006633336633666633996633CC6633FF6666006666336666666666996666CC6666FF6699006699336699666699996699CC6699FF66CC0066CC3366CC6666CC9966CCCC66CCFF66FF0066
310
FF3366FF6666FF9966FFCC66FFFF9900009900339900669900999900CC9900FF9933009933339933669933999933CC9933FF9966009966339966669966999966CC9966FF9999009999339999669999999999CC9999FF99CC0099CC3399CC6699CC9999CCCC99CCFF99FF0099FF3399FF6699FF9999FFCC99FFFFCC0000CC00
310
33CC0066CC0099CC00CCCC00FFCC3300CC3333CC3366CC3399CC33CCCC33FFCC6600CC6633CC6666CC6699CC66CCCC66FFCC9900CC9933CC9966CC9999CC99CCCC99FFCCCC00CCCC33CCCC66CCCC99CCCCCCCCCCFFCCFF00CCFF33CCFF66CCFF99CCFFCCCCFFFFFF0000FF0033FF0066FF0099FF00CCFF00FFFF3300FF3333
310
FF3366FF3399FF33CCFF33FFFF6600FF6633FF6666FF6699FF66CCFF66FFFF9900FF9933FF9966FF9999FF99CCFF99FFFFCC00FFCC33FFCC66FFCC99FFCCCCFFCCFFFFFF00FFFF33FFFF66FFFF99FFFFCCFFFFFF0000000D0D0D1A1A1A2828283535354343435050505D5D5D6B6B6B787878868686939393A1A1A1AEAEAEBB
310
BBBBC9C9C9D6D6D6E4E4E4F1F1F1FFFFFF0000000000000000000000000000000000000000000000000000000000002E4550F1000000CA4944415478DAEDDCC109C3300C4051EDE039BCFF4D936498104C4C2E49C8D1D17B85B6B437F1651F0A8D00000000008037DBA30A03C8ECC7A35F5EE6FB1A03B8FF2E15A00003B002
310
0A50800214F0EF01B4F1A6CDA7383FB0025640010A5080025C8356C00A2840010A50806BD00A5801052840010A508001580105D42960250A300087A00214A0000528C000AC800214A000057C19805F86AC804350010A50806BD03568051C820A5080021450B0002B600514A00087A015A8BB02D5FF48090000000000000000
310
60093BAEE0E96ABAB490750000000049454E44AE426082
  0
ENDSEC
  0
EOF
